user_id,signup_date,plan_type,monthly_fee,avg_weekly_usage_hours,support_tickets,payment_failures,tenure_months,last_login_days_ago,churn,churn_target,login_recency_category,support_risk,payment_risk,usage_level
1,2023-04-15,Premium,699,1.1,4,1,8,14,Yes,1,Active,Medium,Medium,Low
2,2023-08-27,Premium,699,2.6,6,0,35,1,Yes,1,Active,High,Low,Low
3,2023-10-12,Premium,699,14.3,8,3,2,14,Yes,1,Active,High,High,Medium
4,2023-12-11,Basic,199,17.6,5,2,11,9,Yes,1,Active,Medium,Medium,High
5,2023-02-14,Basic,199,9.8,5,2,6,38,Yes,1,Inactive,Medium,Medium,Medium
6,2024-10-05,Premium,699,13.6,6,0,30,35,Yes,1,Inactive,High,Low,Medium
7,2023-10-24,Premium,699,14.6,1,0,24,42,Yes,1,Inactive,Low,Low,Medium
8,2024-01-09,Basic,199,21.7,6,2,15,29,Yes,1,At Risk,High,Medium,High
9,2023-03-15,Basic,199,9.2,4,5,24,59,Yes,1,Inactive,Medium,High,Medium
10,2024-10-17,Premium,699,13.6,3,1,11,29,No,0,At Risk,Medium,Medium,Medium
11,2023-11-20,Premium,699,5.9,5,0,36,14,No,0,Active,Medium,Low,Medium
12,2024-10-20,Standard,399,2.1,5,1,18,41,Yes,1,Inactive,Medium,Medium,Low
13,2024-08-21,Standard,399,7.0,3,5,10,35,Yes,1,Inactive,Medium,High,Medium
14,2023-02-18,Standard,399,9.4,2,4,26,31,Yes,1,Inactive,Low,High,Medium
15,2024-09-02,Basic,199,15.9,6,4,10,4,Yes,1,Active,High,High,High
16,2024-11-29,Standard,399,6.7,8,0,34,43,No,0,Inactive,High,Low,Medium
17,2024-04-09,Premium,699,19.3,5,0,18,18,No,0,At Risk,Medium,Low,High
18,2024-10-02,Basic,199,24.3,2,4,17,58,Yes,1,Inactive,Low,High,High
19,2024-06-27,Standard,399,15.4,2,2,33,48,Yes,1,Inactive,Low,Medium,High
20,2023-11-11,Basic,199,12.5,1,2,21,56,No,0,Inactive,Low,Medium,Medium
21,2023-03-12,Basic,199,6.4,1,0,4,46,No,0,Inactive,Low,Low,Medium
22,2024-09-13,Premium,699,3.6,7,4,9,10,Yes,1,Active,High,High,Low
23,2024-11-18,Standard,399,23.3,3,5,14,19,No,0,At Risk,Medium,High,High
24,2023-03-07,Premium,699,11.2,8,3,24,7,Yes,1,Active,High,High,Medium
25,2024-12-25,Standard,399,14.9,3,4,2,14,Yes,1,Active,Medium,High,Medium
26,2023-10-13,Premium,699,6.1,0,2,4,4,No,0,Active,Low,Medium,Medium
27,2024-08-13,Premium,699,5.7,2,5,32,59,No,0,Inactive,Low,High,Medium
28,2024-03-17,Standard,399,19.7,6,1,16,6,Yes,1,Active,High,Medium,High
29,2023-04-11,Standard,399,10.6,0,5,28,41,No,0,Inactive,Low,High,Medium
30,2024-04-04,Basic,199,18.3,1,1,26,12,No,0,Active,Low,Medium,High
31,2024-03-29,Basic,199,5.0,7,1,28,55,No,0,Inactive,High,Medium,Low
32,2023-08-31,Premium,699,1.7,8,0,7,5,No,0,Active,High,Low,Low
33,2024-01-24,Basic,199,12.4,3,3,27,57,Yes,1,Inactive,Medium,High,Medium
34,2024-07-23,Basic,199,7.0,7,2,25,27,Yes,1,At Risk,High,Medium,Medium
35,2024-07-09,Premium,699,4.3,4,1,32,3,No,0,Active,Medium,Medium,Low
36,2023-06-11,Basic,199,1.9,7,4,21,58,Yes,1,Inactive,High,High,Low
37,2023-08-29,Basic,199,2.5,2,0,33,38,Yes,1,Inactive,Low,Low,Low
38,2023-03-25,Standard,399,23.6,3,4,8,38,Yes,1,Inactive,Medium,High,High
39,2023-09-02,Standard,399,8.3,4,1,34,42,No,0,Inactive,Medium,Medium,Medium
40,2023-03-16,Standard,399,3.7,4,3,26,20,No,0,At Risk,Medium,High,Low
41,2023-09-29,Basic,199,15.7,1,0,30,34,Yes,1,Inactive,Low,Low,High
42,2024-07-10,Basic,199,22.1,3,2,23,18,Yes,1,At Risk,Medium,Medium,High
43,2023-11-03,Premium,699,15.5,8,0,20,42,No,0,Inactive,High,Low,High
44,2024-07-20,Premium,699,23.5,2,2,7,7,No,0,Active,Low,Medium,High
45,2024-10-11,Basic,199,7.4,3,5,18,21,Yes,1,At Risk,Medium,High,Medium
46,2023-10-11,Standard,399,12.5,0,0,33,40,No,0,Inactive,Low,Low,Medium
47,2024-03-28,Basic,199,8.7,2,5,1,16,Yes,1,At Risk,Low,High,Medium
48,2023-06-02,Premium,699,14.2,1,0,28,60,No,0,Inactive,Low,Low,Medium
49,2023-11-12,Premium,699,20.9,8,1,3,27,Yes,1,At Risk,High,Medium,High
50,2023-12-29,Standard,399,22.5,3,5,3,15,No,0,At Risk,Medium,High,High
51,2023-07-01,Premium,699,24.4,2,1,27,55,Yes,1,Inactive,Low,Medium,High
52,2023-09-12,Standard,399,4.9,5,3,2,51,Yes,1,Inactive,Medium,High,Low
53,2024-04-26,Standard,399,19.8,1,3,11,55,Yes,1,Inactive,Low,High,High
54,2023-08-22,Basic,199,20.5,7,2,13,19,No,0,At Risk,High,Medium,High
55,2023-10-13,Basic,199,16.7,6,2,2,17,No,0,At Risk,High,Medium,High
56,2023-09-25,Standard,399,10.3,8,2,33,60,Yes,1,Inactive,High,Medium,Medium
57,2024-03-22,Basic,199,1.4,6,2,17,46,Yes,1,Inactive,High,Medium,Low
58,2023-01-02,Premium,699,3.3,3,2,33,2,No,0,Active,Medium,Medium,Low
59,2024-11-11,Premium,699,17.3,3,2,35,27,Yes,1,At Risk,Medium,Medium,High
60,2023-11-13,Standard,399,16.8,1,5,21,57,Yes,1,Inactive,Low,High,High
61,2024-11-11,Premium,699,8.5,4,4,27,8,Yes,1,Active,Medium,High,Medium
62,2023-11-08,Standard,399,15.6,4,3,12,35,No,0,Inactive,Medium,High,High
63,2023-08-07,Standard,399,11.0,5,3,14,28,Yes,1,At Risk,Medium,High,Medium
64,2024-11-10,Premium,699,19.9,2,5,31,5,Yes,1,Active,Low,High,High
65,2023-07-23,Premium,699,2.8,3,5,22,19,Yes,1,At Risk,Medium,High,Low
66,2024-04-11,Basic,199,1.6,7,4,2,54,Yes,1,Inactive,High,High,Low
67,2024-11-02,Standard,399,18.1,6,3,13,25,Yes,1,At Risk,High,High,High
68,2024-12-13,Premium,699,22.4,1,3,1,14,Yes,1,Active,Low,High,High
69,2024-04-20,Premium,699,1.7,3,0,30,29,Yes,1,At Risk,Medium,Low,Low
70,2024-05-31,Premium,699,24.7,5,3,34,39,No,0,Inactive,Medium,High,High
71,2023-09-23,Standard,399,11.4,2,5,36,55,Yes,1,Inactive,Low,High,Medium
72,2024-03-26,Basic,199,19.3,8,3,18,40,Yes,1,Inactive,High,High,High
73,2023-05-22,Basic,199,6.2,5,2,19,57,Yes,1,Inactive,Medium,Medium,Medium
74,2024-02-22,Basic,199,9.9,2,5,15,13,Yes,1,Active,Low,High,Medium
75,2024-08-21,Standard,399,11.9,0,1,35,53,No,0,Inactive,Low,Medium,Medium
76,2023-11-02,Premium,699,21.5,6,3,2,0,No,0,Active,High,High,High
77,2023-08-13,Standard,399,13.7,8,4,27,57,Yes,1,Inactive,High,High,Medium
78,2024-02-19,Standard,399,12.4,6,2,28,42,Yes,1,Inactive,High,Medium,Medium
79,2024-02-08,Premium,699,21.1,2,4,11,34,Yes,1,Inactive,Low,High,High
80,2023-02-21,Premium,699,2.6,6,1,2,55,Yes,1,Inactive,High,Medium,Low
81,2024-01-24,Standard,399,8.5,7,2,25,21,No,0,At Risk,High,Medium,Medium
82,2023-02-23,Standard,399,6.7,1,3,27,1,No,0,Active,Low,High,Medium
83,2023-01-21,Standard,399,16.4,0,0,15,60,Yes,1,Inactive,Low,Low,High
84,2023-08-12,Premium,699,6.3,7,5,10,7,No,0,Active,High,High,Medium
85,2023-04-28,Standard,399,19.3,2,4,17,38,No,0,Inactive,Low,High,High
86,2024-01-20,Basic,199,3.1,0,2,20,36,Yes,1,Inactive,Low,Medium,Low
87,2024-12-01,Standard,399,2.4,3,0,13,44,No,0,Inactive,Medium,Low,Low
88,2024-01-15,Premium,699,20.0,0,2,8,34,Yes,1,Inactive,Low,Medium,High
89,2024-03-19,Basic,199,16.4,0,3,33,52,Yes,1,Inactive,Low,High,High
90,2024-10-28,Standard,399,17.8,6,1,30,46,No,0,Inactive,High,Medium,High
91,2023-10-02,Standard,399,19.5,7,3,35,52,Yes,1,Inactive,High,High,High
92,2024-04-20,Standard,399,20.9,1,2,16,56,Yes,1,Inactive,Low,Medium,High
93,2023-12-30,Premium,699,8.7,7,2,25,11,Yes,1,Active,High,Medium,Medium
94,2023-07-15,Standard,399,7.4,4,4,22,0,No,0,Active,Medium,High,Medium
95,2024-05-02,Basic,199,18.1,7,4,16,48,Yes,1,Inactive,High,High,High
96,2024-12-09,Premium,699,11.5,0,0,32,18,No,0,At Risk,Low,Low,Medium
97,2024-03-11,Basic,199,16.8,5,3,20,35,Yes,1,Inactive,Medium,High,High
98,2023-05-04,Premium,699,8.6,7,2,36,19,Yes,1,At Risk,High,Medium,Medium
99,2024-05-10,Premium,699,8.2,8,5,13,11,Yes,1,Active,High,High,Medium
100,2023-07-03,Standard,399,15.1,1,1,34,18,No,0,At Risk,Low,Medium,High
101,2024-07-20,Standard,399,17.8,2,2,1,2,No,0,Active,Low,Medium,High
102,2023-10-19,Standard,399,16.1,7,0,9,55,Yes,1,Inactive,High,Low,High
103,2024-05-04,Standard,399,11.3,2,0,31,16,No,0,At Risk,Low,Low,Medium
104,2023-06-05,Basic,199,10.3,1,4,5,40,No,0,Inactive,Low,High,Medium
105,2024-09-12,Basic,199,2.6,3,0,20,35,No,0,Inactive,Medium,Low,Low
106,2024-08-25,Premium,699,19.5,6,3,15,58,Yes,1,Inactive,High,High,High
107,2023-08-01,Standard,399,14.4,0,4,20,47,Yes,1,Inactive,Low,High,Medium
108,2023-03-18,Premium,699,7.0,1,1,14,15,No,0,At Risk,Low,Medium,Medium
109,2024-12-24,Basic,199,10.5,7,2,1,2,Yes,1,Active,High,Medium,Medium
110,2024-08-26,Standard,399,2.2,3,2,30,50,Yes,1,Inactive,Medium,Medium,Low
111,2023-09-30,Premium,699,10.9,8,1,13,41,Yes,1,Inactive,High,Medium,Medium
112,2023-10-23,Basic,199,2.0,4,4,5,47,Yes,1,Inactive,Medium,High,Low
113,2024-05-27,Standard,399,12.0,4,5,8,25,No,0,At Risk,Medium,High,Medium
114,2023-09-14,Premium,699,11.2,0,3,32,47,Yes,1,Inactive,Low,High,Medium
115,2023-02-11,Basic,199,6.1,0,5,6,52,Yes,1,Inactive,Low,High,Medium
116,2024-03-22,Basic,199,13.2,7,2,31,11,No,0,Active,High,Medium,Medium
117,2024-11-17,Premium,699,24.2,7,2,32,26,Yes,1,At Risk,High,Medium,High
118,2024-07-17,Basic,199,8.6,7,2,11,42,No,0,Inactive,High,Medium,Medium
119,2024-02-18,Basic,199,2.7,4,2,30,7,No,0,Active,Medium,Medium,Low
120,2024-06-14,Premium,699,16.6,8,3,1,26,Yes,1,At Risk,High,High,High
121,2023-10-22,Standard,399,15.8,0,1,32,17,No,0,At Risk,Low,Medium,High
122,2023-01-15,Standard,399,3.5,3,5,32,10,Yes,1,Active,Medium,High,Low
123,2023-06-07,Premium,699,2.8,1,3,27,60,Yes,1,Inactive,Low,High,Low
124,2024-04-28,Standard,399,13.0,4,3,19,53,Yes,1,Inactive,Medium,High,Medium
125,2023-05-20,Basic,199,14.0,6,1,30,58,No,0,Inactive,High,Medium,Medium
126,2023-10-01,Basic,199,19.4,6,2,18,59,No,0,Inactive,High,Medium,High
127,2023-12-20,Basic,199,18.3,7,1,19,28,No,0,At Risk,High,Medium,High
128,2023-07-13,Standard,399,19.2,6,3,36,59,Yes,1,Inactive,High,High,High
129,2024-04-29,Premium,699,14.5,3,3,16,2,Yes,1,Active,Medium,High,Medium
130,2024-08-27,Premium,699,10.0,2,3,25,2,Yes,1,Active,Low,High,Medium
131,2023-01-16,Standard,399,21.9,7,0,7,33,No,0,Inactive,High,Low,High
132,2023-09-29,Premium,699,10.5,2,0,10,30,No,0,At Risk,Low,Low,Medium
133,2023-11-21,Standard,399,16.4,5,5,26,54,Yes,1,Inactive,Medium,High,High
134,2024-12-01,Premium,699,21.9,0,4,32,4,Yes,1,Active,Low,High,High
135,2023-04-13,Standard,399,18.8,6,0,15,48,No,0,Inactive,High,Low,High
136,2023-10-28,Standard,399,17.5,0,0,11,20,No,0,At Risk,Low,Low,High
137,2023-07-04,Standard,399,11.1,3,4,24,26,Yes,1,At Risk,Medium,High,Medium
138,2024-08-20,Basic,199,2.4,6,4,12,43,Yes,1,Inactive,High,High,Low
139,2024-04-21,Basic,199,11.8,4,3,15,16,No,0,At Risk,Medium,High,Medium
140,2024-03-10,Standard,399,4.4,7,2,35,37,Yes,1,Inactive,High,Medium,Low
141,2023-04-20,Premium,699,11.7,4,1,17,24,No,0,At Risk,Medium,Medium,Medium
142,2024-11-05,Basic,199,14.5,4,5,25,18,Yes,1,At Risk,Medium,High,Medium
143,2023-10-21,Standard,399,0.7,0,4,18,47,Yes,1,Inactive,Low,High,Low
144,2024-11-06,Basic,199,5.9,3,4,23,16,No,0,At Risk,Medium,High,Medium
145,2024-08-16,Premium,699,15.9,0,2,9,50,Yes,1,Inactive,Low,Medium,High
146,2023-07-25,Standard,399,2.7,4,2,9,47,Yes,1,Inactive,Medium,Medium,Low
147,2023-06-18,Basic,199,22.0,5,4,35,32,No,0,Inactive,Medium,High,High
148,2023-04-28,Standard,399,24.2,4,5,31,55,Yes,1,Inactive,Medium,High,High
149,2024-02-11,Standard,399,3.9,3,5,5,46,Yes,1,Inactive,Medium,High,Low
150,2024-04-10,Premium,699,2.7,6,0,24,16,No,0,At Risk,High,Low,Low
151,2023-01-26,Standard,399,14.8,5,0,17,43,Yes,1,Inactive,Medium,Low,Medium
152,2024-04-20,Premium,699,8.5,3,5,36,4,No,0,Active,Medium,High,Medium
153,2023-11-08,Premium,699,16.4,1,1,20,2,No,0,Active,Low,Medium,High
154,2024-11-17,Standard,399,2.9,8,1,8,24,Yes,1,At Risk,High,Medium,Low
155,2024-05-16,Premium,699,10.8,2,3,35,41,Yes,1,Inactive,Low,High,Medium
156,2024-03-30,Premium,699,23.5,4,0,27,44,Yes,1,Inactive,Medium,Low,High
157,2024-10-22,Standard,399,21.5,1,5,16,23,Yes,1,At Risk,Low,High,High
158,2024-04-10,Standard,399,10.3,3,0,4,60,No,0,Inactive,Medium,Low,Medium
159,2023-05-09,Basic,199,16.2,0,0,14,50,Yes,1,Inactive,Low,Low,High
160,2023-08-27,Premium,699,2.2,8,1,14,37,Yes,1,Inactive,High,Medium,Low
161,2023-05-14,Standard,399,19.8,0,2,10,54,No,0,Inactive,Low,Medium,High
162,2023-01-16,Premium,699,20.1,1,5,17,55,Yes,1,Inactive,Low,High,High
163,2024-03-07,Standard,399,14.9,0,1,16,16,Yes,1,At Risk,Low,Medium,Medium
164,2024-08-30,Premium,699,18.8,7,3,8,49,Yes,1,Inactive,High,High,High
165,2024-11-05,Basic,199,12.8,0,5,29,50,No,0,Inactive,Low,High,Medium
166,2024-03-12,Premium,699,11.7,0,0,20,30,No,0,At Risk,Low,Low,Medium
167,2024-09-14,Premium,699,12.5,7,0,7,57,Yes,1,Inactive,High,Low,Medium
168,2024-09-03,Basic,199,3.6,8,5,5,20,Yes,1,At Risk,High,High,Low
169,2024-11-01,Premium,699,11.6,6,0,19,50,No,0,Inactive,High,Low,Medium
170,2024-02-28,Premium,699,18.2,3,3,36,28,No,0,At Risk,Medium,High,High
171,2023-09-19,Standard,399,10.3,1,2,30,27,Yes,1,At Risk,Low,Medium,Medium
172,2023-04-06,Standard,399,17.3,7,0,10,5,No,0,Active,High,Low,High
173,2024-07-29,Standard,399,18.7,5,1,7,35,Yes,1,Inactive,Medium,Medium,High
174,2024-03-09,Premium,699,16.9,6,2,22,55,Yes,1,Inactive,High,Medium,High
175,2023-08-06,Premium,699,24.2,4,2,4,6,No,0,Active,Medium,Medium,High
176,2023-04-28,Basic,199,6.0,1,2,31,54,Yes,1,Inactive,Low,Medium,Medium
177,2024-07-24,Standard,399,20.3,8,4,15,39,Yes,1,Inactive,High,High,High
178,2023-12-14,Basic,199,1.2,4,5,18,48,Yes,1,Inactive,Medium,High,Low
179,2023-05-26,Standard,399,4.9,2,4,1,42,Yes,1,Inactive,Low,High,Low
180,2023-12-16,Premium,699,2.7,8,1,2,24,Yes,1,At Risk,High,Medium,Low
181,2023-02-23,Basic,199,8.1,5,4,24,38,Yes,1,Inactive,Medium,High,Medium
182,2024-11-08,Basic,199,19.0,0,5,11,5,Yes,1,Active,Low,High,High
183,2023-04-27,Standard,399,15.4,6,2,32,13,No,0,Active,High,Medium,High
184,2023-08-14,Standard,399,3.2,7,4,28,42,Yes,1,Inactive,High,High,Low
185,2023-09-19,Standard,399,0.7,4,1,4,49,Yes,1,Inactive,Medium,Medium,Low
186,2024-01-25,Standard,399,3.4,7,5,21,27,Yes,1,At Risk,High,High,Low
187,2023-02-13,Premium,699,12.8,5,0,15,25,No,0,At Risk,Medium,Low,Medium
188,2024-02-19,Standard,399,11.8,1,2,2,36,Yes,1,Inactive,Low,Medium,Medium
189,2024-09-24,Premium,699,7.6,6,0,27,20,Yes,1,At Risk,High,Low,Medium
190,2024-06-20,Standard,399,2.7,1,1,24,27,Yes,1,At Risk,Low,Medium,Low
191,2023-03-20,Basic,199,21.8,5,1,26,21,No,0,At Risk,Medium,Medium,High
192,2024-10-22,Premium,699,13.5,3,2,8,22,No,0,At Risk,Medium,Medium,Medium
193,2024-11-02,Basic,199,3.0,4,1,16,11,No,0,Active,Medium,Medium,Low
194,2024-08-16,Basic,199,23.8,7,3,12,48,Yes,1,Inactive,High,High,High
195,2024-03-28,Standard,399,21.7,5,1,21,28,Yes,1,At Risk,Medium,Medium,High
196,2024-04-17,Premium,699,20.0,0,2,20,32,Yes,1,Inactive,Low,Medium,High
197,2023-04-03,Standard,399,1.9,4,0,3,41,No,0,Inactive,Medium,Low,Low
198,2024-08-08,Premium,699,9.9,8,5,33,57,Yes,1,Inactive,High,High,Medium
199,2024-04-06,Premium,699,8.4,7,4,13,9,No,0,Active,High,High,Medium
200,2023-09-11,Basic,199,24.6,1,4,22,41,Yes,1,Inactive,Low,High,High
201,2024-01-17,Premium,699,24.8,8,4,29,39,Yes,1,Inactive,High,High,High
202,2024-10-08,Standard,399,10.5,5,5,25,38,Yes,1,Inactive,Medium,High,Medium
203,2023-09-16,Premium,699,2.1,1,4,22,43,Yes,1,Inactive,Low,High,Low
204,2024-12-16,Premium,699,8.7,2,2,10,19,No,0,At Risk,Low,Medium,Medium
205,2023-12-03,Premium,699,3.7,1,2,26,35,Yes,1,Inactive,Low,Medium,Low
206,2023-11-13,Basic,199,2.8,6,4,34,23,Yes,1,At Risk,High,High,Low
207,2023-06-08,Basic,199,8.9,7,1,14,14,No,0,Active,High,Medium,Medium
208,2024-06-23,Basic,199,21.2,1,4,19,49,Yes,1,Inactive,Low,High,High
209,2023-07-05,Basic,199,22.0,2,4,22,24,Yes,1,At Risk,Low,High,High
210,2023-09-01,Premium,699,18.2,0,3,11,23,No,0,At Risk,Low,High,High
211,2024-04-25,Standard,399,18.9,7,1,19,34,Yes,1,Inactive,High,Medium,High
212,2024-01-27,Basic,199,17.1,7,3,24,49,Yes,1,Inactive,High,High,High
213,2023-09-14,Premium,699,10.8,2,1,34,51,No,0,Inactive,Low,Medium,Medium
214,2023-05-08,Basic,199,21.9,8,0,31,45,No,0,Inactive,High,Low,High
215,2024-03-23,Standard,399,19.2,4,3,6,57,Yes,1,Inactive,Medium,High,High
216,2024-05-29,Basic,199,20.5,5,0,15,26,Yes,1,At Risk,Medium,Low,High
217,2023-04-12,Standard,399,10.0,1,2,16,14,Yes,1,Active,Low,Medium,Medium
218,2024-04-28,Premium,699,19.9,2,0,22,18,No,0,At Risk,Low,Low,High
219,2023-03-23,Premium,699,19.1,7,3,9,39,Yes,1,Inactive,High,High,High
220,2024-06-24,Basic,199,5.8,2,4,17,60,No,0,Inactive,Low,High,Medium
221,2024-03-05,Standard,399,19.5,3,2,8,7,Yes,1,Active,Medium,Medium,High
222,2024-06-11,Premium,699,2.0,7,4,30,34,Yes,1,Inactive,High,High,Low
223,2023-09-04,Premium,699,18.1,4,3,16,0,No,0,Active,Medium,High,High
224,2024-06-22,Premium,699,5.1,1,4,27,23,Yes,1,At Risk,Low,High,Medium
225,2024-04-26,Premium,699,19.8,8,4,33,1,Yes,1,Active,High,High,High
226,2023-03-11,Basic,199,24.5,4,5,25,1,Yes,1,Active,Medium,High,High
227,2023-05-17,Standard,399,18.5,1,4,16,47,No,0,Inactive,Low,High,High
228,2024-05-05,Basic,199,13.9,2,5,23,29,No,0,At Risk,Low,High,Medium
229,2023-02-07,Premium,699,20.4,1,5,12,49,No,0,Inactive,Low,High,High
230,2024-06-11,Standard,399,1.6,3,0,13,20,No,0,At Risk,Medium,Low,Low
231,2023-02-18,Standard,399,12.1,0,5,35,12,Yes,1,Active,Low,High,Medium
232,2024-03-26,Premium,699,7.2,5,3,22,56,Yes,1,Inactive,Medium,High,Medium
233,2024-06-15,Standard,399,24.4,7,5,22,31,Yes,1,Inactive,High,High,High
234,2023-07-04,Standard,399,18.3,1,3,6,38,No,0,Inactive,Low,High,High
235,2024-04-01,Premium,699,8.4,1,2,19,42,Yes,1,Inactive,Low,Medium,Medium
236,2023-12-28,Premium,699,4.6,7,2,28,28,Yes,1,At Risk,High,Medium,Low
237,2024-01-08,Premium,699,7.2,0,0,28,42,No,0,Inactive,Low,Low,Medium
238,2023-02-05,Premium,699,23.8,2,4,11,43,No,0,Inactive,Low,High,High
239,2023-02-03,Basic,199,6.3,5,2,5,24,No,0,At Risk,Medium,Medium,Medium
240,2024-08-10,Premium,699,17.1,5,2,10,28,No,0,At Risk,Medium,Medium,High
241,2023-04-27,Basic,199,9.5,5,5,34,17,Yes,1,At Risk,Medium,High,Medium
242,2023-09-24,Basic,199,12.7,6,4,12,7,Yes,1,Active,High,High,Medium
243,2023-07-24,Premium,699,5.8,4,5,29,58,No,0,Inactive,Medium,High,Medium
244,2023-03-31,Basic,199,21.4,7,1,9,57,No,0,Inactive,High,Medium,High
245,2023-11-04,Premium,699,16.9,1,4,21,34,Yes,1,Inactive,Low,High,High
246,2023-05-23,Basic,199,19.9,8,1,12,7,No,0,Active,High,Medium,High
247,2024-07-18,Basic,199,1.1,8,4,32,23,Yes,1,At Risk,High,High,Low
248,2024-02-25,Basic,199,2.1,6,5,6,46,Yes,1,Inactive,High,High,Low
249,2024-11-27,Standard,399,3.6,5,5,5,4,Yes,1,Active,Medium,High,Low
250,2023-05-13,Premium,699,3.6,8,5,23,37,Yes,1,Inactive,High,High,Low
251,2023-06-18,Standard,399,22.8,0,0,33,33,Yes,1,Inactive,Low,Low,High
252,2023-10-18,Basic,199,23.4,3,2,21,60,No,0,Inactive,Medium,Medium,High
253,2024-09-21,Basic,199,5.3,8,2,17,8,No,0,Active,High,Medium,Medium
254,2023-06-25,Premium,699,12.8,2,4,6,60,Yes,1,Inactive,Low,High,Medium
255,2024-10-18,Premium,699,21.1,0,0,22,5,Yes,1,Active,Low,Low,High
256,2024-10-04,Premium,699,16.5,6,4,17,40,Yes,1,Inactive,High,High,High
257,2024-12-02,Premium,699,16.2,4,3,19,15,No,0,At Risk,Medium,High,High
258,2024-04-20,Standard,399,11.6,0,1,20,28,No,0,At Risk,Low,Medium,Medium
259,2023-12-20,Basic,199,15.4,5,5,22,20,No,0,At Risk,Medium,High,High
260,2024-04-22,Standard,399,19.1,8,4,9,6,Yes,1,Active,High,High,High
261,2024-01-29,Basic,199,11.5,2,0,18,3,No,0,Active,Low,Low,Medium
262,2023-11-17,Premium,699,6.6,2,2,27,59,Yes,1,Inactive,Low,Medium,Medium
263,2024-05-24,Basic,199,12.7,8,3,11,31,No,0,Inactive,High,High,Medium
264,2023-12-28,Basic,199,23.7,8,3,6,15,Yes,1,At Risk,High,High,High
265,2023-04-21,Basic,199,7.4,7,2,4,34,Yes,1,Inactive,High,Medium,Medium
266,2023-02-22,Standard,399,22.1,5,3,9,23,Yes,1,At Risk,Medium,High,High
267,2024-04-06,Premium,699,5.3,8,2,36,4,Yes,1,Active,High,Medium,Medium
268,2023-12-14,Premium,699,20.7,1,1,18,6,No,0,Active,Low,Medium,High
269,2023-02-11,Premium,699,19.0,3,4,24,32,Yes,1,Inactive,Medium,High,High
270,2024-09-12,Basic,199,3.9,5,3,3,33,Yes,1,Inactive,Medium,High,Low
271,2023-11-03,Premium,699,8.5,5,1,9,25,No,0,At Risk,Medium,Medium,Medium
272,2023-11-03,Premium,699,12.9,8,4,22,31,Yes,1,Inactive,High,High,Medium
273,2024-12-05,Standard,399,9.5,1,3,2,37,Yes,1,Inactive,Low,High,Medium
274,2024-08-15,Premium,699,15.1,4,5,2,50,No,0,Inactive,Medium,High,High
275,2024-09-26,Premium,699,18.2,7,1,15,33,No,0,Inactive,High,Medium,High
276,2023-04-23,Standard,399,20.6,3,0,10,36,No,0,Inactive,Medium,Low,High
277,2024-02-25,Basic,199,11.3,6,1,2,26,No,0,At Risk,High,Medium,Medium
278,2024-07-28,Premium,699,21.9,0,5,31,8,No,0,Active,Low,High,High
279,2023-12-17,Standard,399,13.4,5,1,31,29,No,0,At Risk,Medium,Medium,Medium
280,2023-09-10,Premium,699,17.1,4,4,23,30,Yes,1,At Risk,Medium,High,High
281,2024-12-22,Standard,399,7.8,4,2,36,45,Yes,1,Inactive,Medium,Medium,Medium
282,2024-08-10,Standard,399,12.3,8,5,21,17,Yes,1,At Risk,High,High,Medium
283,2023-10-25,Premium,699,9.8,6,2,35,49,No,0,Inactive,High,Medium,Medium
284,2023-09-20,Basic,199,23.9,1,2,19,59,Yes,1,Inactive,Low,Medium,High
285,2023-10-06,Premium,699,5.7,8,2,31,59,Yes,1,Inactive,High,Medium,Medium
286,2024-06-27,Basic,199,15.6,3,1,7,3,No,0,Active,Medium,Medium,High
287,2024-11-28,Basic,199,1.8,6,2,15,45,Yes,1,Inactive,High,Medium,Low
288,2024-05-02,Basic,199,24.1,2,3,1,41,No,0,Inactive,Low,High,High
289,2023-04-02,Standard,399,19.0,4,2,13,18,No,0,At Risk,Medium,Medium,High
290,2023-06-30,Premium,699,13.6,0,1,15,26,No,0,At Risk,Low,Medium,Medium
291,2023-02-08,Basic,199,19.8,2,5,26,55,No,0,Inactive,Low,High,High
292,2024-10-18,Basic,199,14.4,1,2,20,18,No,0,At Risk,Low,Medium,Medium
293,2023-04-26,Premium,699,12.6,2,4,34,29,Yes,1,At Risk,Low,High,Medium
294,2023-12-12,Standard,399,18.4,4,5,11,11,Yes,1,Active,Medium,High,High
295,2024-02-15,Standard,399,4.8,6,3,13,32,Yes,1,Inactive,High,High,Low
296,2023-01-07,Premium,699,5.0,2,3,7,20,No,0,At Risk,Low,High,Low
297,2024-08-09,Standard,399,6.3,4,2,25,19,No,0,At Risk,Medium,Medium,Medium
298,2023-11-11,Basic,199,16.5,3,0,17,42,Yes,1,Inactive,Medium,Low,High
299,2023-10-30,Basic,199,17.3,4,5,26,7,No,0,Active,Medium,High,High
300,2024-09-12,Standard,399,5.9,2,3,15,9,No,0,Active,Low,High,Medium
301,2023-08-12,Standard,399,17.7,7,4,27,51,Yes,1,Inactive,High,High,High
302,2024-07-31,Basic,199,13.4,8,5,6,23,Yes,1,At Risk,High,High,Medium
303,2023-06-18,Basic,199,20.8,8,1,4,36,No,0,Inactive,High,Medium,High
304,2024-06-06,Standard,399,11.3,3,5,34,37,Yes,1,Inactive,Medium,High,Medium
305,2024-07-26,Standard,399,11.6,8,3,4,29,Yes,1,At Risk,High,High,Medium
306,2023-08-12,Standard,399,18.2,6,2,20,52,Yes,1,Inactive,High,Medium,High
307,2023-03-03,Premium,699,1.6,5,5,5,4,Yes,1,Active,Medium,High,Low
308,2024-10-18,Basic,199,1.3,6,1,31,49,Yes,1,Inactive,High,Medium,Low
309,2024-01-22,Premium,699,9.7,6,3,27,55,No,0,Inactive,High,High,Medium
310,2023-05-02,Standard,399,17.2,8,1,6,41,No,0,Inactive,High,Medium,High
311,2023-01-24,Basic,199,10.1,2,5,35,14,No,0,Active,Low,High,Medium
312,2023-08-24,Standard,399,17.0,8,3,30,34,Yes,1,Inactive,High,High,High
313,2023-04-26,Basic,199,9.0,4,1,30,59,No,0,Inactive,Medium,Medium,Medium
314,2024-08-31,Basic,199,15.6,0,1,27,13,Yes,1,Active,Low,Medium,High
315,2024-03-25,Basic,199,15.1,0,1,29,47,Yes,1,Inactive,Low,Medium,High
316,2023-08-28,Basic,199,5.8,0,1,35,32,No,0,Inactive,Low,Medium,Medium
317,2024-11-07,Premium,699,14.6,5,1,21,19,No,0,At Risk,Medium,Medium,Medium
318,2023-06-29,Premium,699,10.6,4,0,15,35,No,0,Inactive,Medium,Low,Medium
319,2024-01-26,Premium,699,14.1,0,2,28,60,No,0,Inactive,Low,Medium,Medium
320,2024-07-04,Premium,699,17.6,6,1,21,19,No,0,At Risk,High,Medium,High
321,2023-03-01,Standard,399,21.3,4,5,16,9,No,0,Active,Medium,High,High
322,2023-09-19,Premium,699,24.2,8,4,27,8,Yes,1,Active,High,High,High
323,2023-07-15,Basic,199,16.3,7,2,22,5,No,0,Active,High,Medium,High
324,2024-08-24,Basic,199,9.7,0,0,18,12,No,0,Active,Low,Low,Medium
325,2023-01-16,Premium,699,5.8,3,2,36,19,No,0,At Risk,Medium,Medium,Medium
326,2023-09-06,Basic,199,24.1,1,5,13,48,Yes,1,Inactive,Low,High,High
327,2024-01-25,Premium,699,10.2,3,4,14,20,No,0,At Risk,Medium,High,Medium
328,2024-05-24,Standard,399,16.4,4,2,35,23,Yes,1,At Risk,Medium,Medium,High
329,2023-11-17,Standard,399,20.2,7,2,7,58,Yes,1,Inactive,High,Medium,High
330,2024-07-20,Standard,399,14.3,3,5,3,9,Yes,1,Active,Medium,High,Medium
331,2023-09-09,Premium,699,7.7,3,2,27,14,No,0,Active,Medium,Medium,Medium
332,2024-10-19,Standard,399,16.5,5,2,36,48,No,0,Inactive,Medium,Medium,High
333,2024-05-15,Premium,699,11.8,5,1,32,8,No,0,Active,Medium,Medium,Medium
334,2023-03-18,Basic,199,24.8,0,4,35,2,No,0,Active,Low,High,High
335,2023-03-11,Premium,699,19.2,6,1,4,53,No,0,Inactive,High,Medium,High
336,2024-10-15,Premium,699,0.7,8,3,10,23,Yes,1,At Risk,High,High,Low
337,2023-01-13,Premium,699,16.7,0,0,31,34,No,0,Inactive,Low,Low,High
338,2024-12-15,Basic,199,18.2,8,2,34,1,No,0,Active,High,Medium,High
339,2023-06-02,Premium,699,20.3,2,0,28,58,Yes,1,Inactive,Low,Low,High
340,2023-03-22,Basic,199,15.7,4,2,13,17,No,0,At Risk,Medium,Medium,High
341,2023-03-24,Standard,399,11.7,3,5,26,14,Yes,1,Active,Medium,High,Medium
342,2024-10-14,Premium,699,2.8,6,3,3,35,Yes,1,Inactive,High,High,Low
343,2023-04-08,Basic,199,2.5,6,5,11,50,Yes,1,Inactive,High,High,Low
344,2024-12-01,Premium,699,6.1,7,2,3,2,No,0,Active,High,Medium,Medium
345,2023-01-17,Standard,399,14.3,0,1,35,59,No,0,Inactive,Low,Medium,Medium
346,2023-09-04,Basic,199,18.9,6,0,10,19,Yes,1,At Risk,High,Low,High
347,2023-05-24,Premium,699,17.1,8,2,25,24,No,0,At Risk,High,Medium,High
348,2023-03-19,Premium,699,12.8,5,0,6,6,No,0,Active,Medium,Low,Medium
349,2024-04-06,Standard,399,24.2,5,0,26,40,Yes,1,Inactive,Medium,Low,High
350,2024-11-07,Standard,399,9.2,6,3,15,11,No,0,Active,High,High,Medium
351,2023-10-02,Standard,399,19.4,4,1,6,45,Yes,1,Inactive,Medium,Medium,High
352,2023-04-20,Basic,199,17.9,2,5,25,24,Yes,1,At Risk,Low,High,High
353,2023-05-16,Basic,199,23.6,7,2,1,48,Yes,1,Inactive,High,Medium,High
354,2023-01-27,Basic,199,11.1,8,4,12,32,Yes,1,Inactive,High,High,Medium
355,2024-02-02,Basic,199,14.1,5,3,23,0,Yes,1,Active,Medium,High,Medium
356,2024-01-25,Basic,199,22.7,3,4,36,33,Yes,1,Inactive,Medium,High,High
357,2024-03-21,Basic,199,7.1,4,3,9,9,Yes,1,Active,Medium,High,Medium
358,2024-10-02,Standard,399,7.8,1,2,27,16,No,0,At Risk,Low,Medium,Medium
359,2023-12-07,Standard,399,11.7,2,2,13,0,No,0,Active,Low,Medium,Medium
360,2024-10-28,Premium,699,20.2,5,3,25,21,Yes,1,At Risk,Medium,High,High
361,2024-02-12,Premium,699,7.9,3,3,9,20,Yes,1,At Risk,Medium,High,Medium
362,2024-01-21,Standard,399,18.5,7,4,19,50,Yes,1,Inactive,High,High,High
363,2024-07-17,Standard,399,9.4,3,4,26,34,Yes,1,Inactive,Medium,High,Medium
364,2024-12-10,Basic,199,23.6,3,3,30,51,Yes,1,Inactive,Medium,High,High
365,2024-11-05,Basic,199,17.0,2,5,27,19,Yes,1,At Risk,Low,High,High
366,2024-02-15,Basic,199,19.8,1,3,28,38,Yes,1,Inactive,Low,High,High
367,2024-01-04,Premium,699,23.1,6,4,33,2,No,0,Active,High,High,High
368,2024-11-11,Premium,699,15.0,1,0,35,49,Yes,1,Inactive,Low,Low,Medium
369,2024-02-14,Standard,399,16.4,0,4,11,41,No,0,Inactive,Low,High,High
370,2024-06-15,Standard,399,3.1,1,2,28,14,Yes,1,Active,Low,Medium,Low
371,2024-12-08,Premium,699,11.4,6,3,15,49,Yes,1,Inactive,High,High,Medium
372,2023-03-29,Premium,699,9.0,0,3,10,6,Yes,1,Active,Low,High,Medium
373,2024-05-09,Basic,199,9.0,5,3,10,50,Yes,1,Inactive,Medium,High,Medium
374,2024-12-28,Standard,399,2.9,7,2,31,4,Yes,1,Active,High,Medium,Low
375,2023-09-07,Basic,199,21.3,1,5,2,51,Yes,1,Inactive,Low,High,High
376,2023-08-26,Premium,699,14.0,5,4,12,27,No,0,At Risk,Medium,High,Medium
377,2023-07-22,Standard,399,5.1,6,3,12,1,No,0,Active,High,High,Medium
378,2023-03-06,Standard,399,10.0,3,1,28,17,No,0,At Risk,Medium,Medium,Medium
379,2024-04-13,Premium,699,20.1,8,1,7,23,Yes,1,At Risk,High,Medium,High
380,2024-02-02,Basic,199,16.9,7,4,17,40,Yes,1,Inactive,High,High,High
381,2023-06-26,Premium,699,14.9,5,2,26,54,Yes,1,Inactive,Medium,Medium,Medium
382,2023-09-02,Premium,699,23.0,1,5,20,8,Yes,1,Active,Low,High,High
383,2023-05-22,Standard,399,5.0,2,4,8,24,Yes,1,At Risk,Low,High,Low
384,2024-10-22,Premium,699,10.9,7,5,25,34,Yes,1,Inactive,High,High,Medium
385,2024-04-06,Basic,199,4.6,4,1,36,11,Yes,1,Active,Medium,Medium,Low
386,2024-01-29,Premium,699,21.7,0,3,4,8,Yes,1,Active,Low,High,High
387,2024-03-30,Premium,699,16.5,6,5,33,31,Yes,1,Inactive,High,High,High
388,2023-08-19,Standard,399,2.5,0,1,11,18,Yes,1,At Risk,Low,Medium,Low
389,2024-05-22,Premium,699,4.6,7,4,19,47,Yes,1,Inactive,High,High,Low
390,2024-01-11,Premium,699,3.3,1,2,33,49,Yes,1,Inactive,Low,Medium,Low
391,2023-04-15,Premium,699,19.1,7,4,3,13,No,0,Active,High,High,High
392,2023-03-31,Premium,699,7.8,0,3,16,16,Yes,1,At Risk,Low,High,Medium
393,2024-12-06,Standard,399,19.5,3,1,8,51,No,0,Inactive,Medium,Medium,High
394,2023-03-02,Standard,399,4.6,2,1,28,52,Yes,1,Inactive,Low,Medium,Low
395,2023-10-27,Premium,699,13.5,8,1,23,20,No,0,At Risk,High,Medium,Medium
396,2024-02-26,Standard,399,23.8,8,5,18,52,Yes,1,Inactive,High,High,High
397,2023-05-30,Basic,199,21.7,2,5,18,55,Yes,1,Inactive,Low,High,High
398,2023-10-03,Premium,699,20.8,6,3,21,9,No,0,Active,High,High,High
399,2023-04-06,Premium,699,9.7,1,5,27,50,No,0,Inactive,Low,High,Medium
400,2024-08-18,Standard,399,18.9,5,3,33,60,Yes,1,Inactive,Medium,High,High
401,2023-03-06,Basic,199,18.4,7,5,6,42,Yes,1,Inactive,High,High,High
402,2023-10-18,Premium,699,5.8,6,1,26,31,Yes,1,Inactive,High,Medium,Medium
403,2023-02-19,Standard,399,14.7,7,2,36,57,Yes,1,Inactive,High,Medium,Medium
404,2023-06-11,Basic,199,15.8,7,0,7,7,No,0,Active,High,Low,High
405,2024-10-27,Standard,399,0.5,6,1,30,44,No,0,Inactive,High,Medium,Low
406,2023-03-26,Standard,399,21.9,4,0,11,41,Yes,1,Inactive,Medium,Low,High
407,2024-03-15,Standard,399,1.8,4,5,11,44,Yes,1,Inactive,Medium,High,Low
408,2024-08-30,Premium,699,17.7,0,1,6,30,Yes,1,At Risk,Low,Medium,High
409,2023-05-04,Basic,199,17.2,0,0,34,44,Yes,1,Inactive,Low,Low,High
410,2023-04-15,Standard,399,12.2,3,3,9,5,No,0,Active,Medium,High,Medium
411,2023-05-17,Basic,199,9.5,4,1,21,24,No,0,At Risk,Medium,Medium,Medium
412,2023-12-26,Premium,699,2.2,0,4,10,41,Yes,1,Inactive,Low,High,Low
413,2023-08-11,Premium,699,15.9,2,3,14,39,No,0,Inactive,Low,High,High
414,2024-03-15,Basic,199,3.9,1,4,7,46,Yes,1,Inactive,Low,High,Low
415,2024-09-14,Standard,399,6.6,1,1,9,35,No,0,Inactive,Low,Medium,Medium
416,2023-07-13,Standard,399,21.3,4,1,2,33,No,0,Inactive,Medium,Medium,High
417,2023-09-04,Premium,699,7.7,0,1,26,31,No,0,Inactive,Low,Medium,Medium
418,2024-02-01,Standard,399,13.4,0,2,5,59,Yes,1,Inactive,Low,Medium,Medium
419,2024-08-24,Premium,699,9.5,2,3,27,49,Yes,1,Inactive,Low,High,Medium
420,2024-06-02,Basic,199,6.9,0,0,1,60,No,0,Inactive,Low,Low,Medium
421,2024-07-03,Standard,399,19.3,6,5,33,25,Yes,1,At Risk,High,High,High
422,2023-06-09,Premium,699,7.3,4,0,10,32,No,0,Inactive,Medium,Low,Medium
423,2023-09-02,Premium,699,10.1,1,2,21,44,Yes,1,Inactive,Low,Medium,Medium
424,2023-02-26,Basic,199,2.6,6,0,16,29,Yes,1,At Risk,High,Low,Low
425,2023-12-22,Standard,399,3.4,2,5,12,0,Yes,1,Active,Low,High,Low
426,2023-10-03,Premium,699,19.7,4,1,34,23,Yes,1,At Risk,Medium,Medium,High
427,2024-06-20,Premium,699,19.4,0,2,8,51,Yes,1,Inactive,Low,Medium,High
428,2023-02-26,Basic,199,18.0,1,3,17,29,Yes,1,At Risk,Low,High,High
429,2023-04-29,Standard,399,9.5,4,0,11,57,No,0,Inactive,Medium,Low,Medium
430,2024-01-28,Basic,199,0.6,0,1,33,2,No,0,Active,Low,Medium,Low
431,2024-11-02,Basic,199,23.3,0,4,12,51,No,0,Inactive,Low,High,High
432,2023-03-21,Standard,399,8.4,6,5,15,20,Yes,1,At Risk,High,High,Medium
433,2023-02-17,Premium,699,3.4,0,1,24,14,No,0,Active,Low,Medium,Low
434,2024-04-12,Standard,399,22.0,4,2,5,20,Yes,1,At Risk,Medium,Medium,High
435,2024-01-13,Basic,199,5.4,4,5,24,39,Yes,1,Inactive,Medium,High,Medium
436,2023-09-09,Premium,699,24.9,3,5,32,57,Yes,1,Inactive,Medium,High,High
437,2024-12-11,Basic,199,23.3,0,1,1,34,Yes,1,Inactive,Low,Medium,High
438,2023-07-30,Basic,199,0.5,6,5,22,46,Yes,1,Inactive,High,High,Low
439,2023-02-14,Premium,699,10.8,0,1,16,45,Yes,1,Inactive,Low,Medium,Medium
440,2023-04-08,Basic,199,10.6,5,3,34,47,Yes,1,Inactive,Medium,High,Medium
441,2024-03-21,Premium,699,16.1,6,0,9,37,No,0,Inactive,High,Low,High
442,2024-12-18,Premium,699,6.3,4,2,9,59,No,0,Inactive,Medium,Medium,Medium
443,2023-05-20,Premium,699,8.3,4,1,21,4,No,0,Active,Medium,Medium,Medium
444,2023-05-04,Premium,699,4.3,2,3,7,29,Yes,1,At Risk,Low,High,Low
445,2023-05-03,Premium,699,24.1,3,3,23,19,No,0,At Risk,Medium,High,High
446,2023-08-09,Basic,199,20.3,4,5,11,44,Yes,1,Inactive,Medium,High,High
447,2024-11-24,Standard,399,2.7,3,2,10,25,Yes,1,At Risk,Medium,Medium,Low
448,2024-04-08,Standard,399,20.6,2,0,17,60,No,0,Inactive,Low,Low,High
449,2023-05-05,Premium,699,6.6,7,0,36,51,No,0,Inactive,High,Low,Medium
450,2024-01-17,Basic,199,20.8,3,1,4,12,No,0,Active,Medium,Medium,High
451,2023-07-22,Premium,699,14.8,4,0,6,1,No,0,Active,Medium,Low,Medium
452,2024-04-17,Premium,699,20.3,1,2,29,7,Yes,1,Active,Low,Medium,High
453,2024-01-27,Basic,199,23.1,6,5,11,25,Yes,1,At Risk,High,High,High
454,2023-06-02,Premium,699,4.7,3,1,28,17,Yes,1,At Risk,Medium,Medium,Low
455,2023-03-04,Basic,199,16.4,7,3,16,56,Yes,1,Inactive,High,High,High
456,2024-06-22,Basic,199,9.9,6,1,18,41,No,0,Inactive,High,Medium,Medium
457,2024-05-11,Basic,199,20.0,6,5,35,22,Yes,1,At Risk,High,High,High
458,2023-08-13,Standard,399,8.4,4,1,33,1,No,0,Active,Medium,Medium,Medium
459,2023-08-27,Basic,199,1.9,7,4,18,22,Yes,1,At Risk,High,High,Low
460,2023-02-27,Basic,199,6.6,3,2,7,34,No,0,Inactive,Medium,Medium,Medium
461,2024-12-15,Basic,199,9.2,2,1,25,15,No,0,At Risk,Low,Medium,Medium
462,2023-07-12,Standard,399,17.7,5,4,2,36,Yes,1,Inactive,Medium,High,High
463,2024-09-08,Standard,399,8.1,7,0,35,5,Yes,1,Active,High,Low,Medium
464,2023-05-14,Basic,199,13.4,0,2,2,58,No,0,Inactive,Low,Medium,Medium
465,2024-12-22,Standard,399,23.0,5,0,12,1,Yes,1,Active,Medium,Low,High
466,2024-11-09,Basic,199,21.2,5,0,8,23,No,0,At Risk,Medium,Low,High
467,2024-03-23,Standard,399,8.7,5,1,7,10,No,0,Active,Medium,Medium,Medium
468,2024-09-20,Premium,699,16.4,2,5,32,35,No,0,Inactive,Low,High,High
469,2023-10-29,Standard,399,16.8,2,3,15,19,No,0,At Risk,Low,High,High
470,2023-11-22,Basic,199,18.4,6,4,12,2,Yes,1,Active,High,High,High
471,2023-03-21,Premium,699,16.2,1,3,15,9,Yes,1,Active,Low,High,High
472,2024-12-26,Basic,199,24.6,2,5,23,56,No,0,Inactive,Low,High,High
473,2023-12-25,Premium,699,11.4,4,1,22,15,No,0,At Risk,Medium,Medium,Medium
474,2023-06-20,Standard,399,18.2,0,3,7,28,No,0,At Risk,Low,High,High
475,2024-05-05,Standard,399,22.1,5,4,32,24,Yes,1,At Risk,Medium,High,High
476,2023-09-25,Premium,699,4.5,1,0,15,18,Yes,1,At Risk,Low,Low,Low
477,2023-04-06,Basic,199,8.9,6,1,5,46,Yes,1,Inactive,High,Medium,Medium
478,2024-03-20,Standard,399,17.8,6,5,31,10,No,0,Active,High,High,High
479,2024-07-07,Basic,199,3.0,3,1,4,26,No,0,At Risk,Medium,Medium,Low
480,2024-05-17,Standard,399,7.8,1,0,19,25,No,0,At Risk,Low,Low,Medium
481,2024-10-02,Basic,199,9.3,6,0,4,18,No,0,At Risk,High,Low,Medium
482,2023-03-25,Premium,699,5.4,0,1,31,10,No,0,Active,Low,Medium,Medium
483,2023-09-29,Standard,399,8.1,6,3,8,31,No,0,Inactive,High,High,Medium
484,2023-02-15,Basic,199,10.0,5,3,35,23,Yes,1,At Risk,Medium,High,Medium
485,2024-12-14,Standard,399,11.9,3,2,29,36,Yes,1,Inactive,Medium,Medium,Medium
486,2024-08-26,Premium,699,2.6,5,4,7,26,Yes,1,At Risk,Medium,High,Low
487,2024-12-04,Basic,199,2.0,6,4,36,26,Yes,1,At Risk,High,High,Low
488,2023-02-05,Standard,399,12.2,1,3,16,57,No,0,Inactive,Low,High,Medium
489,2023-06-27,Premium,699,20.1,2,0,34,60,No,0,Inactive,Low,Low,High
490,2024-11-30,Basic,199,20.3,2,0,14,27,Yes,1,At Risk,Low,Low,High
491,2023-03-10,Standard,399,24.9,2,4,13,16,Yes,1,At Risk,Low,High,High
492,2024-04-14,Basic,199,14.1,8,2,25,54,Yes,1,Inactive,High,Medium,Medium
493,2024-08-25,Basic,199,19.7,1,3,34,9,Yes,1,Active,Low,High,High
494,2023-12-19,Premium,699,23.2,1,2,7,55,Yes,1,Inactive,Low,Medium,High
495,2023-06-26,Standard,399,9.9,7,4,17,38,Yes,1,Inactive,High,High,Medium
496,2023-12-06,Standard,399,4.0,6,0,26,25,No,0,At Risk,High,Low,Low
497,2023-12-12,Premium,699,1.7,7,2,16,57,Yes,1,Inactive,High,Medium,Low
498,2023-08-22,Standard,399,7.4,7,5,20,43,Yes,1,Inactive,High,High,Medium
499,2024-09-11,Basic,199,24.4,7,2,20,17,No,0,At Risk,High,Medium,High
500,2024-06-12,Premium,699,5.1,3,3,6,47,Yes,1,Inactive,Medium,High,Medium
501,2024-02-18,Standard,399,13.1,2,0,4,19,No,0,At Risk,Low,Low,Medium
502,2023-07-25,Basic,199,22.0,0,1,34,12,No,0,Active,Low,Medium,High
503,2024-01-13,Basic,199,1.3,0,2,16,45,Yes,1,Inactive,Low,Medium,Low
504,2024-05-15,Standard,399,10.2,1,5,33,1,Yes,1,Active,Low,High,Medium
505,2023-06-17,Premium,699,4.9,7,4,29,35,Yes,1,Inactive,High,High,Low
506,2023-08-08,Standard,399,7.5,6,0,6,10,No,0,Active,High,Low,Medium
507,2024-11-29,Basic,199,17.1,4,5,15,26,Yes,1,At Risk,Medium,High,High
508,2023-09-16,Basic,199,22.8,2,4,31,51,Yes,1,Inactive,Low,High,High
509,2023-12-24,Premium,699,18.0,4,3,20,57,Yes,1,Inactive,Medium,High,High
510,2024-02-11,Standard,399,5.8,4,5,17,33,No,0,Inactive,Medium,High,Medium
511,2023-10-17,Premium,699,0.7,5,4,7,41,Yes,1,Inactive,Medium,High,Low
512,2023-10-11,Standard,399,12.3,5,2,7,40,Yes,1,Inactive,Medium,Medium,Medium
513,2024-09-06,Standard,399,5.1,8,1,20,57,Yes,1,Inactive,High,Medium,Medium
514,2023-09-23,Standard,399,17.2,0,5,21,31,No,0,Inactive,Low,High,High
515,2023-07-14,Standard,399,10.0,0,4,26,45,No,0,Inactive,Low,High,Medium
516,2023-06-24,Standard,399,17.3,7,5,15,22,Yes,1,At Risk,High,High,High
517,2024-07-26,Premium,699,4.9,1,3,36,8,No,0,Active,Low,High,Low
518,2023-11-11,Basic,199,16.5,3,2,22,14,No,0,Active,Medium,Medium,High
519,2023-02-24,Standard,399,9.6,4,3,22,54,Yes,1,Inactive,Medium,High,Medium
520,2024-01-26,Premium,699,12.1,3,4,5,7,No,0,Active,Medium,High,Medium
521,2024-08-06,Premium,699,10.6,2,1,20,12,No,0,Active,Low,Medium,Medium
522,2023-07-01,Standard,399,8.3,2,0,10,31,Yes,1,Inactive,Low,Low,Medium
523,2024-08-13,Standard,399,0.6,4,1,4,48,No,0,Inactive,Medium,Medium,Low
524,2024-03-15,Basic,199,19.7,1,1,32,39,No,0,Inactive,Low,Medium,High
525,2024-01-18,Standard,399,24.2,6,0,28,2,No,0,Active,High,Low,High
526,2024-10-03,Basic,199,19.0,8,1,21,1,No,0,Active,High,Medium,High
527,2024-05-30,Premium,699,6.0,5,2,16,8,Yes,1,Active,Medium,Medium,Medium
528,2024-06-16,Premium,699,4.6,0,2,20,60,Yes,1,Inactive,Low,Medium,Low
529,2023-07-12,Premium,699,8.8,2,2,34,57,Yes,1,Inactive,Low,Medium,Medium
530,2023-01-23,Basic,199,1.0,3,5,26,8,Yes,1,Active,Medium,High,Low
531,2024-01-20,Premium,699,4.6,5,5,33,41,Yes,1,Inactive,Medium,High,Low
532,2024-10-31,Premium,699,19.4,0,4,17,3,No,0,Active,Low,High,High
533,2023-09-16,Basic,199,17.4,6,3,4,24,Yes,1,At Risk,High,High,High
534,2024-11-09,Standard,399,5.5,0,2,10,26,No,0,At Risk,Low,Medium,Medium
535,2024-06-07,Premium,699,15.8,2,3,18,53,No,0,Inactive,Low,High,High
536,2023-09-27,Premium,699,7.4,1,3,8,12,No,0,Active,Low,High,Medium
537,2024-05-23,Premium,699,9.3,6,2,13,10,Yes,1,Active,High,Medium,Medium
538,2023-04-24,Basic,199,8.6,0,0,31,42,Yes,1,Inactive,Low,Low,Medium
539,2023-04-14,Premium,699,4.2,1,4,32,4,No,0,Active,Low,High,Low
540,2023-06-28,Standard,399,11.7,4,2,15,29,Yes,1,At Risk,Medium,Medium,Medium
541,2023-02-16,Basic,199,9.3,5,3,19,47,Yes,1,Inactive,Medium,High,Medium
542,2024-09-28,Basic,199,16.8,2,2,9,22,No,0,At Risk,Low,Medium,High
543,2024-04-12,Standard,399,9.6,5,1,6,7,No,0,Active,Medium,Medium,Medium
544,2023-06-20,Standard,399,17.4,7,3,25,41,No,0,Inactive,High,High,High
545,2024-08-27,Basic,199,17.6,0,1,9,6,No,0,Active,Low,Medium,High
546,2024-12-01,Standard,399,4.9,6,2,29,39,Yes,1,Inactive,High,Medium,Low
547,2023-02-17,Premium,699,12.3,7,0,9,56,Yes,1,Inactive,High,Low,Medium
548,2024-08-13,Basic,199,16.5,0,5,17,55,No,0,Inactive,Low,High,High
549,2024-09-25,Premium,699,24.5,5,4,15,33,Yes,1,Inactive,Medium,High,High
550,2024-10-18,Basic,199,16.7,3,3,28,22,No,0,At Risk,Medium,High,High
551,2023-06-10,Standard,399,21.1,8,4,10,3,Yes,1,Active,High,High,High
552,2023-09-04,Premium,699,21.4,2,0,31,48,No,0,Inactive,Low,Low,High
553,2023-08-29,Standard,399,1.7,3,4,18,41,Yes,1,Inactive,Medium,High,Low
554,2023-11-20,Basic,199,11.4,7,0,30,54,Yes,1,Inactive,High,Low,Medium
555,2024-07-24,Basic,199,18.8,0,0,32,25,No,0,At Risk,Low,Low,High
556,2024-11-18,Premium,699,20.7,4,4,1,35,Yes,1,Inactive,Medium,High,High
557,2024-07-27,Standard,399,9.4,0,1,22,54,No,0,Inactive,Low,Medium,Medium
558,2024-11-05,Premium,699,18.1,5,5,31,28,Yes,1,At Risk,Medium,High,High
559,2023-04-19,Basic,199,8.9,4,4,1,33,Yes,1,Inactive,Medium,High,Medium
560,2023-07-12,Basic,199,12.6,6,0,11,16,No,0,At Risk,High,Low,Medium
561,2024-02-29,Basic,199,5.8,3,5,26,21,Yes,1,At Risk,Medium,High,Medium
562,2024-05-31,Basic,199,19.4,7,3,8,42,Yes,1,Inactive,High,High,High
563,2024-08-22,Basic,199,0.6,0,4,32,59,Yes,1,Inactive,Low,High,Low
564,2023-05-12,Standard,399,19.6,2,5,33,37,Yes,1,Inactive,Low,High,High
565,2024-09-15,Basic,199,16.6,5,4,25,56,Yes,1,Inactive,Medium,High,High
566,2023-05-22,Premium,699,7.2,5,2,16,28,No,0,At Risk,Medium,Medium,Medium
567,2024-07-20,Standard,399,7.8,8,2,33,45,Yes,1,Inactive,High,Medium,Medium
568,2023-05-16,Premium,699,5.4,4,5,14,22,No,0,At Risk,Medium,High,Medium
569,2024-07-29,Premium,699,12.8,5,5,12,7,No,0,Active,Medium,High,Medium
570,2023-01-14,Standard,399,17.0,8,2,27,56,No,0,Inactive,High,Medium,High
571,2023-10-01,Premium,699,1.1,2,0,7,42,Yes,1,Inactive,Low,Low,Low
572,2023-07-28,Basic,199,17.2,2,0,19,44,No,0,Inactive,Low,Low,High
573,2024-07-29,Premium,699,9.3,7,0,3,39,No,0,Inactive,High,Low,Medium
574,2023-02-18,Basic,199,10.0,8,5,36,18,No,0,At Risk,High,High,Medium
575,2023-09-15,Standard,399,10.7,5,4,25,3,Yes,1,Active,Medium,High,Medium
576,2023-07-21,Basic,199,20.8,5,4,29,34,Yes,1,Inactive,Medium,High,High
577,2023-06-27,Premium,699,7.7,2,5,13,4,Yes,1,Active,Low,High,Medium
578,2023-05-14,Premium,699,3.4,0,3,33,17,Yes,1,At Risk,Low,High,Low
579,2023-06-07,Basic,199,0.6,7,5,17,59,Yes,1,Inactive,High,High,Low
580,2024-01-02,Standard,399,19.5,4,3,4,50,Yes,1,Inactive,Medium,High,High
581,2023-06-13,Basic,199,13.4,2,4,21,4,No,0,Active,Low,High,Medium
582,2024-11-10,Standard,399,13.7,1,2,35,14,No,0,Active,Low,Medium,Medium
583,2024-07-28,Standard,399,9.3,3,4,22,33,Yes,1,Inactive,Medium,High,Medium
584,2024-09-20,Premium,699,3.3,5,3,1,15,No,0,At Risk,Medium,High,Low
585,2023-04-27,Premium,699,24.0,5,3,16,58,No,0,Inactive,Medium,High,High
586,2024-01-19,Standard,399,13.7,4,0,17,58,No,0,Inactive,Medium,Low,Medium
587,2023-11-25,Premium,699,11.4,0,2,33,57,No,0,Inactive,Low,Medium,Medium
588,2023-03-09,Premium,699,23.7,2,4,6,34,Yes,1,Inactive,Low,High,High
589,2024-12-20,Basic,199,21.7,6,0,14,13,No,0,Active,High,Low,High
590,2024-04-15,Premium,699,16.3,1,5,28,43,Yes,1,Inactive,Low,High,High
591,2024-07-25,Premium,699,1.4,1,0,22,11,No,0,Active,Low,Low,Low
592,2024-03-19,Basic,199,22.8,6,3,15,28,Yes,1,At Risk,High,High,High
593,2024-09-25,Standard,399,10.0,1,4,2,0,No,0,Active,Low,High,Medium
594,2023-10-24,Basic,199,17.7,1,2,3,59,Yes,1,Inactive,Low,Medium,High
595,2024-11-07,Premium,699,15.4,4,3,20,24,Yes,1,At Risk,Medium,High,High
596,2024-07-12,Basic,199,4.3,3,1,31,47,Yes,1,Inactive,Medium,Medium,Low
597,2023-05-25,Standard,399,7.8,5,0,10,35,No,0,Inactive,Medium,Low,Medium
598,2023-11-09,Basic,199,0.6,6,4,3,35,Yes,1,Inactive,High,High,Low
599,2024-09-23,Basic,199,5.7,8,1,23,10,Yes,1,Active,High,Medium,Medium
600,2023-03-16,Standard,399,3.3,0,4,13,29,Yes,1,At Risk,Low,High,Low
601,2023-12-05,Standard,399,6.6,3,5,5,37,Yes,1,Inactive,Medium,High,Medium
602,2023-07-18,Standard,399,16.9,3,0,9,18,No,0,At Risk,Medium,Low,High
603,2024-08-03,Standard,399,11.5,4,5,32,37,Yes,1,Inactive,Medium,High,Medium
604,2023-08-15,Standard,399,24.0,2,0,21,20,No,0,At Risk,Low,Low,High
605,2024-05-06,Premium,699,7.3,5,1,28,43,No,0,Inactive,Medium,Medium,Medium
606,2024-10-23,Standard,399,9.3,4,3,29,35,Yes,1,Inactive,Medium,High,Medium
607,2024-10-03,Premium,699,21.1,2,4,6,12,Yes,1,Active,Low,High,High
608,2024-08-15,Basic,199,22.4,8,5,5,1,No,0,Active,High,High,High
609,2024-07-06,Standard,399,22.7,8,2,14,34,No,0,Inactive,High,Medium,High
610,2023-05-18,Standard,399,9.5,3,4,10,46,No,0,Inactive,Medium,High,Medium
611,2023-09-02,Standard,399,13.0,6,2,33,32,Yes,1,Inactive,High,Medium,Medium
612,2024-08-02,Premium,699,19.1,2,3,11,10,Yes,1,Active,Low,High,High
613,2024-05-14,Premium,699,18.5,7,2,10,2,Yes,1,Active,High,Medium,High
614,2024-01-05,Basic,199,7.0,3,0,5,42,Yes,1,Inactive,Medium,Low,Medium
615,2024-12-21,Standard,399,23.0,0,0,31,41,Yes,1,Inactive,Low,Low,High
616,2024-01-21,Premium,699,21.0,4,4,18,34,Yes,1,Inactive,Medium,High,High
617,2023-08-17,Premium,699,9.4,1,4,25,16,No,0,At Risk,Low,High,Medium
618,2024-09-10,Premium,699,9.1,5,3,26,50,Yes,1,Inactive,Medium,High,Medium
619,2024-10-20,Basic,199,22.1,7,1,33,14,Yes,1,Active,High,Medium,High
620,2023-05-02,Standard,399,4.2,2,2,14,38,Yes,1,Inactive,Low,Medium,Low
621,2024-05-05,Premium,699,10.7,5,5,15,7,Yes,1,Active,Medium,High,Medium
622,2024-08-10,Standard,399,15.0,6,0,14,15,Yes,1,At Risk,High,Low,Medium
623,2023-02-27,Premium,699,3.8,8,0,11,57,Yes,1,Inactive,High,Low,Low
624,2024-10-14,Basic,199,23.1,8,3,17,38,No,0,Inactive,High,High,High
625,2024-05-08,Basic,199,23.7,3,3,19,38,No,0,Inactive,Medium,High,High
626,2024-09-30,Basic,199,20.8,2,4,15,52,No,0,Inactive,Low,High,High
627,2023-08-24,Premium,699,7.0,5,3,33,38,Yes,1,Inactive,Medium,High,Medium
628,2024-05-31,Standard,399,3.7,0,1,25,33,No,0,Inactive,Low,Medium,Low
629,2024-09-06,Premium,699,20.7,1,1,27,30,No,0,At Risk,Low,Medium,High
630,2024-09-09,Basic,199,12.8,1,0,35,30,No,0,At Risk,Low,Low,Medium
631,2023-02-14,Premium,699,22.5,6,4,1,26,Yes,1,At Risk,High,High,High
632,2024-12-14,Premium,699,11.0,7,3,34,22,Yes,1,At Risk,High,High,Medium
633,2023-03-27,Premium,699,10.9,4,3,7,49,Yes,1,Inactive,Medium,High,Medium
634,2023-01-08,Standard,399,10.5,3,0,35,45,No,0,Inactive,Medium,Low,Medium
635,2023-11-20,Premium,699,3.4,0,3,34,41,Yes,1,Inactive,Low,High,Low
636,2024-07-02,Standard,399,3.1,6,5,24,37,Yes,1,Inactive,High,High,Low
637,2024-07-24,Standard,399,15.5,6,1,24,26,No,0,At Risk,High,Medium,High
638,2024-08-14,Standard,399,9.6,8,3,12,16,No,0,At Risk,High,High,Medium
639,2024-12-17,Standard,399,18.5,1,5,26,14,No,0,Active,Low,High,High
640,2024-12-14,Basic,199,5.8,6,2,7,51,Yes,1,Inactive,High,Medium,Medium
641,2024-09-06,Premium,699,4.4,0,0,4,52,Yes,1,Inactive,Low,Low,Low
642,2024-01-29,Standard,399,2.1,3,2,6,5,No,0,Active,Medium,Medium,Low
643,2023-01-11,Standard,399,7.5,0,1,34,40,No,0,Inactive,Low,Medium,Medium
644,2023-08-26,Basic,199,7.5,0,4,34,32,Yes,1,Inactive,Low,High,Medium
645,2023-06-11,Premium,699,17.0,5,1,11,41,Yes,1,Inactive,Medium,Medium,High
646,2023-07-25,Basic,199,19.6,5,5,18,25,Yes,1,At Risk,Medium,High,High
647,2024-07-26,Premium,699,18.6,1,0,1,35,Yes,1,Inactive,Low,Low,High
648,2024-04-10,Premium,699,9.0,4,1,23,38,No,0,Inactive,Medium,Medium,Medium
649,2024-05-30,Standard,399,6.9,6,4,1,6,No,0,Active,High,High,Medium
650,2024-08-11,Standard,399,23.7,8,2,22,56,Yes,1,Inactive,High,Medium,High
651,2024-04-14,Standard,399,24.2,7,1,29,48,Yes,1,Inactive,High,Medium,High
652,2024-01-27,Premium,699,22.5,0,3,30,7,Yes,1,Active,Low,High,High
653,2024-06-12,Premium,699,17.1,3,2,15,26,No,0,At Risk,Medium,Medium,High
654,2024-11-20,Premium,699,17.7,4,1,1,18,Yes,1,At Risk,Medium,Medium,High
655,2024-08-10,Premium,699,2.4,2,3,22,20,Yes,1,At Risk,Low,High,Low
656,2023-09-05,Standard,399,23.7,3,3,12,47,Yes,1,Inactive,Medium,High,High
657,2023-04-20,Standard,399,6.1,3,4,14,22,Yes,1,At Risk,Medium,High,Medium
658,2024-07-08,Basic,199,17.1,7,4,6,0,No,0,Active,High,High,High
659,2024-08-11,Basic,199,9.6,5,3,31,57,No,0,Inactive,Medium,High,Medium
660,2024-08-13,Standard,399,5.0,8,2,32,25,Yes,1,At Risk,High,Medium,Low
661,2024-05-29,Basic,199,13.4,6,3,4,60,Yes,1,Inactive,High,High,Medium
662,2024-04-16,Standard,399,21.6,2,3,26,7,No,0,Active,Low,High,High
663,2024-01-06,Standard,399,0.8,3,3,1,37,Yes,1,Inactive,Medium,High,Low
664,2024-09-19,Premium,699,5.1,4,1,17,17,No,0,At Risk,Medium,Medium,Medium
665,2024-01-17,Standard,399,5.0,6,1,24,26,No,0,At Risk,High,Medium,Low
666,2024-12-03,Standard,399,7.4,2,4,26,8,No,0,Active,Low,High,Medium
667,2023-07-20,Basic,199,18.2,3,4,7,27,No,0,At Risk,Medium,High,High
668,2024-10-07,Basic,199,12.1,0,1,10,26,No,0,At Risk,Low,Medium,Medium
669,2024-08-04,Premium,699,18.2,7,2,35,16,No,0,At Risk,High,Medium,High
670,2024-05-02,Basic,199,2.9,2,0,26,13,No,0,Active,Low,Low,Low
671,2024-07-24,Premium,699,11.5,5,2,7,23,Yes,1,At Risk,Medium,Medium,Medium
672,2024-09-12,Standard,399,1.0,1,2,23,55,Yes,1,Inactive,Low,Medium,Low
673,2024-05-14,Basic,199,4.8,4,2,35,20,Yes,1,At Risk,Medium,Medium,Low
674,2023-05-29,Premium,699,22.3,6,4,29,18,Yes,1,At Risk,High,High,High
675,2023-08-22,Basic,199,10.8,6,0,22,5,Yes,1,Active,High,Low,Medium
676,2024-03-31,Standard,399,16.5,4,4,21,41,Yes,1,Inactive,Medium,High,High
677,2023-05-09,Standard,399,24.2,6,1,34,11,No,0,Active,High,Medium,High
678,2023-04-08,Premium,699,16.7,1,1,16,10,No,0,Active,Low,Medium,High
679,2023-03-27,Basic,199,13.9,0,3,31,33,No,0,Inactive,Low,High,Medium
680,2023-11-13,Basic,199,15.6,1,5,17,59,No,0,Inactive,Low,High,High
681,2023-06-24,Basic,199,18.6,7,5,16,8,Yes,1,Active,High,High,High
682,2024-07-07,Basic,199,16.8,5,3,3,29,No,0,At Risk,Medium,High,High
683,2024-10-08,Standard,399,11.4,8,1,36,37,No,0,Inactive,High,Medium,Medium
684,2024-07-06,Premium,699,13.3,8,2,28,58,Yes,1,Inactive,High,Medium,Medium
685,2023-01-11,Basic,199,11.3,5,3,6,16,Yes,1,At Risk,Medium,High,Medium
686,2023-01-09,Basic,199,20.5,2,2,34,18,No,0,At Risk,Low,Medium,High
687,2023-10-27,Premium,699,23.7,7,2,32,0,No,0,Active,High,Medium,High
688,2024-07-28,Premium,699,20.0,8,2,15,12,Yes,1,Active,High,Medium,High
689,2024-03-08,Standard,399,6.6,6,3,26,14,Yes,1,Active,High,High,Medium
690,2023-10-03,Premium,699,13.2,4,2,16,41,Yes,1,Inactive,Medium,Medium,Medium
691,2024-04-11,Standard,399,21.4,2,1,13,18,No,0,At Risk,Low,Medium,High
692,2023-02-20,Premium,699,7.2,7,1,29,20,Yes,1,At Risk,High,Medium,Medium
693,2024-03-24,Premium,699,5.1,1,2,2,17,Yes,1,At Risk,Low,Medium,Medium
694,2024-03-06,Premium,699,6.2,2,0,1,31,Yes,1,Inactive,Low,Low,Medium
695,2023-03-24,Standard,399,25.0,7,5,32,50,Yes,1,Inactive,High,High,High
696,2023-07-16,Basic,199,7.0,6,0,4,34,Yes,1,Inactive,High,Low,Medium
697,2024-03-29,Standard,399,20.8,1,5,25,15,No,0,At Risk,Low,High,High
698,2024-04-29,Basic,199,5.4,1,4,3,42,No,0,Inactive,Low,High,Medium
699,2024-07-16,Standard,399,23.4,2,5,20,46,Yes,1,Inactive,Low,High,High
700,2024-11-13,Premium,699,6.7,4,1,8,23,No,0,At Risk,Medium,Medium,Medium
701,2023-10-10,Basic,199,6.3,6,2,8,0,Yes,1,Active,High,Medium,Medium
702,2024-12-08,Premium,699,10.2,3,0,8,2,No,0,Active,Medium,Low,Medium
703,2024-12-03,Standard,399,9.6,1,1,10,10,No,0,Active,Low,Medium,Medium
704,2024-12-19,Premium,699,23.3,0,0,22,22,No,0,At Risk,Low,Low,High
705,2023-12-22,Premium,699,3.6,3,2,7,35,Yes,1,Inactive,Medium,Medium,Low
706,2023-02-10,Standard,399,1.0,6,2,13,46,Yes,1,Inactive,High,Medium,Low
707,2023-07-11,Standard,399,14.2,8,5,29,31,Yes,1,Inactive,High,High,Medium
708,2024-07-21,Premium,699,8.4,7,2,23,55,No,0,Inactive,High,Medium,Medium
709,2024-01-11,Basic,199,13.5,7,2,5,52,Yes,1,Inactive,High,Medium,Medium
710,2023-01-20,Standard,399,19.5,8,3,1,46,Yes,1,Inactive,High,High,High
711,2024-07-05,Premium,699,19.5,3,2,24,46,Yes,1,Inactive,Medium,Medium,High
712,2023-11-27,Standard,399,13.3,7,4,13,9,No,0,Active,High,High,Medium
713,2023-05-13,Standard,399,3.2,8,5,21,4,Yes,1,Active,High,High,Low
714,2024-10-19,Basic,199,5.5,7,1,3,6,Yes,1,Active,High,Medium,Medium
715,2023-03-14,Standard,399,13.4,4,0,32,23,Yes,1,At Risk,Medium,Low,Medium
716,2024-01-05,Basic,199,16.6,1,3,14,51,No,0,Inactive,Low,High,High
717,2023-03-14,Premium,699,20.6,0,4,27,17,No,0,At Risk,Low,High,High
718,2024-06-28,Standard,399,23.6,8,0,5,6,No,0,Active,High,Low,High
719,2024-07-25,Standard,399,5.2,3,4,13,40,No,0,Inactive,Medium,High,Medium
720,2024-04-14,Premium,699,10.7,1,5,36,36,Yes,1,Inactive,Low,High,Medium
721,2023-12-12,Premium,699,22.1,2,1,28,35,No,0,Inactive,Low,Medium,High
722,2023-11-29,Premium,699,13.6,7,2,11,57,Yes,1,Inactive,High,Medium,Medium
723,2024-07-30,Standard,399,19.2,6,5,27,20,No,0,At Risk,High,High,High
724,2024-04-08,Premium,699,9.7,8,5,14,16,Yes,1,At Risk,High,High,Medium
725,2023-05-19,Standard,399,0.5,0,2,26,38,Yes,1,Inactive,Low,Medium,Low
726,2024-12-07,Standard,399,7.9,3,1,1,54,Yes,1,Inactive,Medium,Medium,Medium
727,2023-06-09,Standard,399,13.0,2,0,36,2,No,0,Active,Low,Low,Medium
728,2023-04-05,Basic,199,9.5,3,1,17,16,No,0,At Risk,Medium,Medium,Medium
729,2024-05-09,Premium,699,14.4,3,5,26,4,No,0,Active,Medium,High,Medium
730,2024-08-13,Basic,199,20.7,1,4,32,41,Yes,1,Inactive,Low,High,High
731,2024-03-02,Standard,399,19.6,5,2,6,56,No,0,Inactive,Medium,Medium,High
732,2023-02-25,Basic,199,18.8,0,5,15,49,No,0,Inactive,Low,High,High
733,2024-12-15,Standard,399,1.5,8,4,34,9,Yes,1,Active,High,High,Low
734,2024-05-31,Basic,199,1.7,6,3,10,48,Yes,1,Inactive,High,High,Low
735,2024-05-02,Basic,199,11.1,6,1,15,8,No,0,Active,High,Medium,Medium
736,2024-12-15,Premium,699,13.9,4,0,4,25,No,0,At Risk,Medium,Low,Medium
737,2023-07-20,Basic,199,12.3,3,3,9,25,No,0,At Risk,Medium,High,Medium
738,2024-12-02,Premium,699,6.5,1,2,34,49,Yes,1,Inactive,Low,Medium,Medium
739,2023-11-25,Premium,699,3.3,6,3,6,23,Yes,1,At Risk,High,High,Low
740,2024-03-28,Standard,399,19.4,2,2,2,39,No,0,Inactive,Low,Medium,High
741,2023-03-29,Premium,699,11.3,3,1,10,43,No,0,Inactive,Medium,Medium,Medium
742,2023-04-24,Basic,199,6.5,2,2,4,0,Yes,1,Active,Low,Medium,Medium
743,2023-07-28,Standard,399,12.0,5,1,29,47,No,0,Inactive,Medium,Medium,Medium
744,2023-05-25,Premium,699,18.9,8,3,34,39,Yes,1,Inactive,High,High,High
745,2023-10-18,Premium,699,9.7,8,0,2,16,Yes,1,At Risk,High,Low,Medium
746,2024-11-09,Basic,199,1.8,0,0,18,24,No,0,At Risk,Low,Low,Low
747,2024-01-31,Premium,699,21.7,0,2,24,55,No,0,Inactive,Low,Medium,High
748,2024-06-28,Basic,199,13.0,1,2,25,31,No,0,Inactive,Low,Medium,Medium
749,2023-02-10,Basic,199,5.4,7,4,12,59,Yes,1,Inactive,High,High,Medium
750,2023-12-22,Basic,199,8.0,7,3,34,47,Yes,1,Inactive,High,High,Medium
751,2023-03-05,Premium,699,9.2,4,1,23,32,Yes,1,Inactive,Medium,Medium,Medium
752,2023-06-05,Premium,699,22.0,0,4,17,60,Yes,1,Inactive,Low,High,High
753,2024-11-25,Standard,399,16.6,1,5,26,24,Yes,1,At Risk,Low,High,High
754,2023-12-04,Premium,699,10.7,2,3,15,19,No,0,At Risk,Low,High,Medium
755,2023-07-27,Standard,399,3.7,2,4,35,34,Yes,1,Inactive,Low,High,Low
756,2023-05-29,Basic,199,17.4,8,1,20,27,No,0,At Risk,High,Medium,High
757,2023-07-08,Premium,699,8.3,8,4,11,60,Yes,1,Inactive,High,High,Medium
758,2024-10-14,Standard,399,18.3,5,3,10,26,Yes,1,At Risk,Medium,High,High
759,2024-09-18,Premium,699,4.2,3,0,18,8,Yes,1,Active,Medium,Low,Low
760,2023-01-27,Premium,699,15.3,3,4,18,14,Yes,1,Active,Medium,High,High
761,2024-04-25,Standard,399,17.4,7,1,6,32,No,0,Inactive,High,Medium,High
762,2023-07-17,Premium,699,5.0,6,3,24,30,Yes,1,At Risk,High,High,Low
763,2024-11-18,Basic,199,10.5,0,2,3,60,Yes,1,Inactive,Low,Medium,Medium
764,2024-04-13,Basic,199,2.1,7,4,14,31,Yes,1,Inactive,High,High,Low
765,2023-11-17,Basic,199,10.4,0,4,28,47,No,0,Inactive,Low,High,Medium
766,2023-02-13,Standard,399,13.4,0,4,35,6,No,0,Active,Low,High,Medium
767,2024-10-07,Basic,199,13.7,0,4,34,24,Yes,1,At Risk,Low,High,Medium
768,2024-04-17,Basic,199,7.6,6,2,13,49,No,0,Inactive,High,Medium,Medium
769,2024-04-19,Basic,199,7.7,0,5,28,33,No,0,Inactive,Low,High,Medium
770,2024-12-13,Premium,699,2.7,8,0,29,11,No,0,Active,High,Low,Low
771,2024-08-27,Premium,699,10.1,5,3,9,1,Yes,1,Active,Medium,High,Medium
772,2024-12-29,Premium,699,22.1,1,2,13,20,No,0,At Risk,Low,Medium,High
773,2024-12-25,Basic,199,2.7,7,5,8,23,Yes,1,At Risk,High,High,Low
774,2023-06-24,Standard,399,15.5,2,3,33,35,Yes,1,Inactive,Low,High,High
775,2024-03-05,Standard,399,4.5,2,1,10,49,No,0,Inactive,Low,Medium,Low
776,2023-05-15,Standard,399,18.4,7,2,20,40,Yes,1,Inactive,High,Medium,High
777,2024-05-25,Basic,199,15.8,4,0,1,29,Yes,1,At Risk,Medium,Low,High
778,2024-05-02,Premium,699,15.4,7,1,1,13,No,0,Active,High,Medium,High
779,2024-09-26,Standard,399,11.3,0,1,27,56,No,0,Inactive,Low,Medium,Medium
780,2024-10-30,Premium,699,20.6,3,0,36,11,No,0,Active,Medium,Low,High
781,2023-11-02,Standard,399,4.1,0,5,3,36,Yes,1,Inactive,Low,High,Low
782,2024-09-17,Standard,399,1.7,6,1,6,10,No,0,Active,High,Medium,Low
783,2023-02-06,Premium,699,4.8,7,5,36,37,Yes,1,Inactive,High,High,Low
784,2024-07-17,Basic,199,8.4,6,0,20,48,Yes,1,Inactive,High,Low,Medium
785,2024-06-23,Basic,199,12.0,1,5,19,55,Yes,1,Inactive,Low,High,Medium
786,2024-10-06,Standard,399,5.6,3,4,34,3,Yes,1,Active,Medium,High,Medium
787,2023-09-23,Premium,699,12.3,4,3,6,38,No,0,Inactive,Medium,High,Medium
788,2024-05-19,Premium,699,23.2,7,4,23,46,Yes,1,Inactive,High,High,High
789,2024-10-02,Basic,199,17.9,3,0,15,7,Yes,1,Active,Medium,Low,High
790,2024-07-27,Basic,199,20.1,6,3,14,2,Yes,1,Active,High,High,High
791,2023-03-11,Premium,699,0.8,3,5,14,18,Yes,1,At Risk,Medium,High,Low
792,2023-12-16,Standard,399,12.9,5,0,20,7,No,0,Active,Medium,Low,Medium
793,2024-11-19,Standard,399,20.9,3,2,2,53,Yes,1,Inactive,Medium,Medium,High
794,2024-07-03,Standard,399,20.0,2,3,31,9,No,0,Active,Low,High,High
795,2023-11-03,Standard,399,19.7,6,5,30,3,No,0,Active,High,High,High
796,2023-12-29,Premium,699,14.1,0,1,21,36,No,0,Inactive,Low,Medium,Medium
797,2023-06-19,Basic,199,7.4,0,2,10,24,No,0,At Risk,Low,Medium,Medium
798,2024-12-27,Premium,699,5.1,1,2,25,45,No,0,Inactive,Low,Medium,Medium
799,2023-11-06,Basic,199,10.6,7,1,18,23,Yes,1,At Risk,High,Medium,Medium
800,2023-07-26,Basic,199,7.9,1,2,34,50,Yes,1,Inactive,Low,Medium,Medium
801,2024-05-10,Basic,199,12.9,7,4,29,9,Yes,1,Active,High,High,Medium
802,2024-06-12,Premium,699,8.1,5,1,34,49,No,0,Inactive,Medium,Medium,Medium
803,2024-06-18,Premium,699,5.5,0,3,9,24,No,0,At Risk,Low,High,Medium
804,2023-03-31,Basic,199,8.1,0,5,1,54,Yes,1,Inactive,Low,High,Medium
805,2023-11-16,Standard,399,22.3,1,4,30,49,No,0,Inactive,Low,High,High
806,2023-10-11,Basic,199,16.2,3,2,20,12,Yes,1,Active,Medium,Medium,High
807,2023-04-28,Premium,699,19.4,1,2,21,9,Yes,1,Active,Low,Medium,High
808,2023-10-05,Basic,199,13.1,3,4,36,22,Yes,1,At Risk,Medium,High,Medium
809,2023-12-13,Basic,199,14.6,2,0,19,19,No,0,At Risk,Low,Low,Medium
810,2023-04-19,Premium,699,1.7,0,3,29,57,Yes,1,Inactive,Low,High,Low
811,2024-08-29,Standard,399,2.6,6,1,4,45,Yes,1,Inactive,High,Medium,Low
812,2024-11-17,Premium,699,15.6,4,2,29,52,Yes,1,Inactive,Medium,Medium,High
813,2024-12-16,Premium,699,24.4,7,4,6,8,Yes,1,Active,High,High,High
814,2023-05-28,Standard,399,11.7,7,3,7,14,No,0,Active,High,High,Medium
815,2023-12-05,Premium,699,22.9,6,1,17,44,No,0,Inactive,High,Medium,High
816,2024-04-17,Standard,399,12.4,1,3,30,7,No,0,Active,Low,High,Medium
817,2023-04-20,Basic,199,19.3,2,4,19,6,No,0,Active,Low,High,High
818,2024-02-28,Standard,399,16.4,4,4,36,29,Yes,1,At Risk,Medium,High,High
819,2024-12-11,Basic,199,13.9,7,3,16,4,Yes,1,Active,High,High,Medium
820,2024-12-11,Premium,699,19.7,6,4,28,50,Yes,1,Inactive,High,High,High
821,2024-05-13,Basic,199,16.7,1,5,12,59,No,0,Inactive,Low,High,High
822,2024-02-20,Basic,199,8.5,1,3,30,11,Yes,1,Active,Low,High,Medium
823,2023-03-04,Basic,199,17.3,6,2,7,31,Yes,1,Inactive,High,Medium,High
824,2024-06-28,Basic,199,20.5,0,1,14,42,Yes,1,Inactive,Low,Medium,High
825,2023-11-21,Standard,399,15.6,7,1,25,13,No,0,Active,High,Medium,High
826,2023-04-02,Standard,399,23.0,6,5,20,58,Yes,1,Inactive,High,High,High
827,2023-10-29,Premium,699,15.5,8,3,1,54,Yes,1,Inactive,High,High,High
828,2024-01-03,Basic,199,22.6,0,0,24,45,No,0,Inactive,Low,Low,High
829,2024-10-02,Basic,199,21.7,3,3,19,44,Yes,1,Inactive,Medium,High,High
830,2024-05-01,Standard,399,10.4,6,4,25,13,No,0,Active,High,High,Medium
831,2024-11-17,Basic,199,14.1,5,3,13,9,Yes,1,Active,Medium,High,Medium
832,2024-11-04,Basic,199,0.8,0,1,9,46,No,0,Inactive,Low,Medium,Low
833,2024-09-10,Standard,399,2.6,6,3,9,57,Yes,1,Inactive,High,High,Low
834,2023-12-30,Standard,399,11.6,6,4,12,52,Yes,1,Inactive,High,High,Medium
835,2023-08-31,Basic,199,10.9,0,4,12,31,No,0,Inactive,Low,High,Medium
836,2023-02-08,Premium,699,7.1,8,4,33,23,Yes,1,At Risk,High,High,Medium
837,2023-03-23,Premium,699,17.8,1,4,31,30,No,0,At Risk,Low,High,High
838,2024-09-16,Basic,199,24.6,4,3,34,33,Yes,1,Inactive,Medium,High,High
839,2024-08-16,Basic,199,12.1,1,5,16,40,Yes,1,Inactive,Low,High,Medium
840,2024-04-25,Standard,399,22.6,8,0,4,30,Yes,1,At Risk,High,Low,High
841,2024-09-03,Premium,699,10.8,4,2,22,10,Yes,1,Active,Medium,Medium,Medium
842,2023-06-23,Premium,699,18.3,4,0,20,40,Yes,1,Inactive,Medium,Low,High
843,2024-05-11,Premium,699,16.6,4,5,4,39,Yes,1,Inactive,Medium,High,High
844,2023-10-09,Basic,199,12.9,4,2,9,8,No,0,Active,Medium,Medium,Medium
845,2024-04-02,Standard,399,18.7,2,4,1,47,Yes,1,Inactive,Low,High,High
846,2023-02-03,Standard,399,6.9,3,3,12,11,No,0,Active,Medium,High,Medium
847,2024-01-28,Standard,399,24.2,2,3,6,48,No,0,Inactive,Low,High,High
848,2023-12-20,Basic,199,18.3,2,1,29,36,No,0,Inactive,Low,Medium,High
849,2024-05-02,Basic,199,19.0,1,0,17,10,No,0,Active,Low,Low,High
850,2024-02-04,Standard,399,18.8,8,1,31,24,No,0,At Risk,High,Medium,High
851,2024-04-04,Standard,399,4.1,6,0,17,18,No,0,At Risk,High,Low,Low
852,2023-12-29,Standard,399,24.1,0,0,21,58,No,0,Inactive,Low,Low,High
853,2024-02-05,Standard,399,8.7,4,0,18,16,No,0,At Risk,Medium,Low,Medium
854,2023-07-04,Standard,399,18.5,3,4,16,21,No,0,At Risk,Medium,High,High
855,2024-06-21,Standard,399,0.8,0,0,36,0,No,0,Active,Low,Low,Low
856,2024-09-26,Basic,199,9.1,4,2,29,12,Yes,1,Active,Medium,Medium,Medium
857,2023-05-03,Basic,199,23.5,3,4,4,40,Yes,1,Inactive,Medium,High,High
858,2023-10-29,Basic,199,9.7,2,0,9,44,Yes,1,Inactive,Low,Low,Medium
859,2023-11-28,Standard,399,16.2,4,3,5,44,No,0,Inactive,Medium,High,High
860,2023-03-03,Standard,399,19.6,4,0,11,24,Yes,1,At Risk,Medium,Low,High
861,2024-02-07,Standard,399,4.9,1,3,17,59,Yes,1,Inactive,Low,High,Low
862,2023-04-19,Basic,199,3.2,8,3,32,13,Yes,1,Active,High,High,Low
863,2024-04-01,Standard,399,3.0,1,0,17,36,No,0,Inactive,Low,Low,Low
864,2023-06-05,Basic,199,4.1,0,0,32,42,Yes,1,Inactive,Low,Low,Low
865,2024-05-17,Premium,699,22.7,0,4,22,45,No,0,Inactive,Low,High,High
866,2024-12-06,Standard,399,10.4,1,4,28,14,Yes,1,Active,Low,High,Medium
867,2023-02-26,Standard,399,14.4,5,2,8,43,Yes,1,Inactive,Medium,Medium,Medium
868,2023-10-24,Premium,699,9.5,5,0,6,53,Yes,1,Inactive,Medium,Low,Medium
869,2024-12-13,Premium,699,4.8,0,3,13,42,Yes,1,Inactive,Low,High,Low
870,2024-03-24,Standard,399,16.0,5,3,7,5,No,0,Active,Medium,High,High
871,2023-09-02,Premium,699,3.9,3,0,13,46,No,0,Inactive,Medium,Low,Low
872,2024-04-05,Standard,399,2.0,8,5,25,19,Yes,1,At Risk,High,High,Low
873,2023-08-05,Basic,199,8.8,5,5,3,2,Yes,1,Active,Medium,High,Medium
874,2023-03-15,Premium,699,11.7,8,1,34,47,No,0,Inactive,High,Medium,Medium
875,2023-02-16,Basic,199,12.5,0,3,10,58,No,0,Inactive,Low,High,Medium
876,2024-04-12,Basic,199,0.9,0,2,9,52,Yes,1,Inactive,Low,Medium,Low
877,2024-09-22,Premium,699,21.0,1,0,11,7,No,0,Active,Low,Low,High
878,2024-11-25,Basic,199,20.2,6,2,5,51,No,0,Inactive,High,Medium,High
879,2023-08-07,Standard,399,3.5,8,1,21,20,No,0,At Risk,High,Medium,Low
880,2023-06-22,Basic,199,8.7,1,2,12,9,No,0,Active,Low,Medium,Medium
881,2023-05-17,Premium,699,14.1,7,1,24,59,No,0,Inactive,High,Medium,Medium
882,2023-07-03,Basic,199,19.6,0,3,25,5,Yes,1,Active,Low,High,High
883,2024-10-17,Basic,199,10.7,7,5,19,8,Yes,1,Active,High,High,Medium
884,2024-09-02,Standard,399,11.5,3,1,34,39,No,0,Inactive,Medium,Medium,Medium
885,2023-12-23,Basic,199,15.5,1,5,32,52,No,0,Inactive,Low,High,High
886,2024-09-25,Standard,399,14.2,3,0,1,33,No,0,Inactive,Medium,Low,Medium
887,2023-02-24,Standard,399,12.9,7,5,35,42,Yes,1,Inactive,High,High,Medium
888,2023-02-14,Basic,199,20.0,7,3,8,11,Yes,1,Active,High,High,High
889,2024-04-09,Basic,199,7.5,6,2,24,21,Yes,1,At Risk,High,Medium,Medium
890,2024-05-11,Basic,199,18.6,8,1,7,10,No,0,Active,High,Medium,High
891,2023-11-30,Premium,699,2.2,3,5,8,28,Yes,1,At Risk,Medium,High,Low
892,2023-08-22,Standard,399,18.8,5,1,13,49,Yes,1,Inactive,Medium,Medium,High
893,2024-04-27,Basic,199,18.6,3,3,16,57,Yes,1,Inactive,Medium,High,High
894,2024-04-10,Premium,699,1.8,6,1,32,13,No,0,Active,High,Medium,Low
895,2023-10-04,Basic,199,9.7,7,5,25,12,No,0,Active,High,High,Medium
896,2024-04-21,Basic,199,3.6,0,2,22,8,Yes,1,Active,Low,Medium,Low
897,2023-06-10,Standard,399,4.7,5,1,27,56,Yes,1,Inactive,Medium,Medium,Low
898,2024-06-18,Premium,699,14.7,8,1,11,5,No,0,Active,High,Medium,Medium
899,2023-09-10,Standard,399,15.0,7,2,14,0,No,0,Active,High,Medium,Medium
900,2024-08-10,Basic,199,11.1,3,4,21,60,Yes,1,Inactive,Medium,High,Medium
901,2023-02-04,Basic,199,24.5,0,3,27,46,No,0,Inactive,Low,High,High
902,2024-07-25,Standard,399,10.2,1,3,34,31,Yes,1,Inactive,Low,High,Medium
903,2023-04-03,Basic,199,23.8,2,2,27,18,Yes,1,At Risk,Low,Medium,High
904,2024-08-20,Basic,199,16.9,2,5,31,29,No,0,At Risk,Low,High,High
905,2024-01-15,Basic,199,11.9,2,5,30,25,Yes,1,At Risk,Low,High,Medium
906,2024-12-08,Premium,699,17.7,0,5,30,4,No,0,Active,Low,High,High
907,2024-07-09,Standard,399,1.3,6,2,34,44,Yes,1,Inactive,High,Medium,Low
908,2023-02-26,Premium,699,19.8,1,4,14,56,Yes,1,Inactive,Low,High,High
909,2023-02-11,Premium,699,22.3,1,3,24,23,Yes,1,At Risk,Low,High,High
910,2023-07-29,Standard,399,4.8,8,5,24,4,Yes,1,Active,High,High,Low
911,2024-08-17,Basic,199,6.3,1,5,22,30,No,0,At Risk,Low,High,Medium
912,2024-05-30,Premium,699,19.0,3,2,14,22,No,0,At Risk,Medium,Medium,High
913,2024-05-28,Premium,699,7.3,1,2,28,22,Yes,1,At Risk,Low,Medium,Medium
914,2023-10-27,Premium,699,12.0,8,5,8,52,Yes,1,Inactive,High,High,Medium
915,2023-03-31,Standard,399,20.1,1,1,24,57,No,0,Inactive,Low,Medium,High
916,2023-04-25,Basic,199,22.5,4,0,26,6,Yes,1,Active,Medium,Low,High
917,2023-10-28,Premium,699,12.7,3,4,10,60,No,0,Inactive,Medium,High,Medium
918,2024-10-22,Standard,399,23.3,7,2,35,26,Yes,1,At Risk,High,Medium,High
919,2024-10-22,Basic,199,5.1,0,1,19,53,No,0,Inactive,Low,Medium,Medium
920,2024-06-26,Standard,399,14.7,5,3,27,37,Yes,1,Inactive,Medium,High,Medium
921,2023-08-21,Premium,699,11.7,2,2,29,10,No,0,Active,Low,Medium,Medium
922,2023-06-20,Standard,399,24.3,0,1,24,22,Yes,1,At Risk,Low,Medium,High
923,2024-12-10,Premium,699,17.9,4,1,11,11,No,0,Active,Medium,Medium,High
924,2024-03-27,Premium,699,4.5,1,0,10,20,No,0,At Risk,Low,Low,Low
925,2023-12-19,Standard,399,5.0,8,5,24,2,No,0,Active,High,High,Low
926,2023-01-26,Basic,199,11.5,2,4,24,19,Yes,1,At Risk,Low,High,Medium
927,2024-07-13,Standard,399,19.3,7,2,32,9,Yes,1,Active,High,Medium,High
928,2024-08-10,Premium,699,16.4,4,3,22,57,Yes,1,Inactive,Medium,High,High
929,2024-05-05,Premium,699,20.1,7,2,10,44,Yes,1,Inactive,High,Medium,High
930,2023-08-14,Basic,199,17.1,1,2,9,1,No,0,Active,Low,Medium,High
931,2024-06-23,Standard,399,2.8,0,4,23,41,Yes,1,Inactive,Low,High,Low
932,2024-11-18,Basic,199,5.3,1,4,18,54,Yes,1,Inactive,Low,High,Medium
933,2023-02-27,Basic,199,10.2,7,2,33,38,Yes,1,Inactive,High,Medium,Medium
934,2023-10-19,Premium,699,10.2,6,2,24,24,Yes,1,At Risk,High,Medium,Medium
935,2024-03-30,Standard,399,8.0,7,4,23,5,Yes,1,Active,High,High,Medium
936,2024-03-10,Premium,699,20.2,4,1,27,51,No,0,Inactive,Medium,Medium,High
937,2024-06-21,Premium,699,3.9,1,1,27,13,Yes,1,Active,Low,Medium,Low
938,2023-10-07,Standard,399,23.4,6,0,5,0,No,0,Active,High,Low,High
939,2023-10-24,Standard,399,14.1,2,1,12,11,No,0,Active,Low,Medium,Medium
940,2024-04-19,Premium,699,1.5,4,4,32,19,Yes,1,At Risk,Medium,High,Low
941,2024-10-13,Basic,199,19.9,2,2,2,19,No,0,At Risk,Low,Medium,High
942,2024-12-05,Standard,399,16.5,4,3,8,11,Yes,1,Active,Medium,High,High
943,2024-01-06,Premium,699,1.2,4,3,16,4,Yes,1,Active,Medium,High,Low
944,2024-12-11,Premium,699,14.4,4,5,31,43,Yes,1,Inactive,Medium,High,Medium
945,2023-05-30,Basic,199,13.1,0,2,24,10,No,0,Active,Low,Medium,Medium
946,2024-01-05,Standard,399,22.0,2,2,30,10,Yes,1,Active,Low,Medium,High
947,2024-06-10,Standard,399,1.7,4,4,23,40,Yes,1,Inactive,Medium,High,Low
948,2024-12-02,Basic,199,19.2,2,4,12,20,No,0,At Risk,Low,High,High
949,2023-05-28,Standard,399,17.3,5,0,18,34,No,0,Inactive,Medium,Low,High
950,2023-06-16,Basic,199,13.2,5,3,9,26,Yes,1,At Risk,Medium,High,Medium
951,2024-09-20,Basic,199,4.3,3,1,14,50,No,0,Inactive,Medium,Medium,Low
952,2024-03-03,Premium,699,21.2,8,5,34,48,No,0,Inactive,High,High,High
953,2024-12-08,Standard,399,3.4,2,0,5,30,Yes,1,At Risk,Low,Low,Low
954,2023-01-30,Standard,399,20.5,8,2,9,11,No,0,Active,High,Medium,High
955,2023-08-03,Premium,699,5.9,2,5,8,14,Yes,1,Active,Low,High,Medium
956,2024-03-17,Basic,199,10.9,1,0,6,1,No,0,Active,Low,Low,Medium
957,2023-09-17,Basic,199,3.1,8,4,13,3,Yes,1,Active,High,High,Low
958,2024-09-08,Basic,199,7.9,0,0,5,50,Yes,1,Inactive,Low,Low,Medium
959,2023-10-12,Basic,199,5.0,5,0,13,5,Yes,1,Active,Medium,Low,Low
960,2024-08-06,Premium,699,9.1,8,5,23,39,Yes,1,Inactive,High,High,Medium
961,2023-10-16,Basic,199,20.6,0,4,7,13,No,0,Active,Low,High,High
962,2024-12-25,Basic,199,0.6,1,1,35,58,Yes,1,Inactive,Low,Medium,Low
963,2023-07-05,Standard,399,17.6,2,3,24,43,No,0,Inactive,Low,High,High
964,2023-11-18,Standard,399,10.9,8,1,25,26,Yes,1,At Risk,High,Medium,Medium
965,2023-10-23,Basic,199,3.2,2,3,30,48,Yes,1,Inactive,Low,High,Low
966,2024-09-06,Premium,699,2.5,7,0,3,24,Yes,1,At Risk,High,Low,Low
967,2024-03-14,Premium,699,17.3,7,1,20,35,Yes,1,Inactive,High,Medium,High
968,2024-11-21,Basic,199,22.4,7,5,5,23,Yes,1,At Risk,High,High,High
969,2023-05-27,Standard,399,10.2,8,5,7,43,Yes,1,Inactive,High,High,Medium
970,2023-06-22,Standard,399,17.5,1,5,26,59,No,0,Inactive,Low,High,High
971,2024-02-18,Basic,199,24.4,5,1,24,38,No,0,Inactive,Medium,Medium,High
972,2024-08-18,Basic,199,21.0,7,2,15,48,Yes,1,Inactive,High,Medium,High
973,2024-02-19,Premium,699,19.0,6,2,18,30,Yes,1,At Risk,High,Medium,High
974,2024-05-24,Standard,399,7.3,7,0,33,7,No,0,Active,High,Low,Medium
975,2023-07-03,Basic,199,1.2,0,0,9,31,No,0,Inactive,Low,Low,Low
976,2024-05-19,Standard,399,4.2,1,0,21,42,No,0,Inactive,Low,Low,Low
977,2023-12-18,Standard,399,7.7,7,3,13,32,Yes,1,Inactive,High,High,Medium
978,2024-01-28,Premium,699,0.9,0,3,35,56,No,0,Inactive,Low,High,Low
979,2024-07-24,Standard,399,21.4,7,3,21,2,Yes,1,Active,High,High,High
980,2024-02-03,Premium,699,22.2,2,3,20,27,Yes,1,At Risk,Low,High,High
981,2024-08-08,Standard,399,14.4,7,5,8,35,Yes,1,Inactive,High,High,Medium
982,2024-05-21,Standard,399,14.3,2,4,31,3,No,0,Active,Low,High,Medium
983,2024-08-27,Premium,699,15.6,5,2,25,20,Yes,1,At Risk,Medium,Medium,High
984,2024-10-02,Basic,199,21.0,5,5,9,37,Yes,1,Inactive,Medium,High,High
985,2024-11-08,Standard,399,2.9,5,2,25,26,Yes,1,At Risk,Medium,Medium,Low
986,2023-03-09,Basic,199,6.2,4,4,16,5,No,0,Active,Medium,High,Medium
987,2024-11-04,Standard,399,8.8,0,4,8,20,Yes,1,At Risk,Low,High,Medium
988,2023-01-23,Standard,399,22.6,4,0,33,44,Yes,1,Inactive,Medium,Low,High
989,2023-04-13,Standard,399,14.5,5,4,25,6,No,0,Active,Medium,High,Medium
990,2023-11-03,Premium,699,8.7,8,5,14,21,Yes,1,At Risk,High,High,Medium
991,2023-02-18,Standard,399,5.4,1,4,28,13,Yes,1,Active,Low,High,Medium
992,2024-08-29,Standard,399,20.2,1,5,26,54,Yes,1,Inactive,Low,High,High
993,2023-03-20,Standard,399,2.1,8,3,18,27,Yes,1,At Risk,High,High,Low
994,2023-07-24,Premium,699,12.9,4,3,20,42,Yes,1,Inactive,Medium,High,Medium
995,2023-07-04,Standard,399,6.7,8,3,26,42,No,0,Inactive,High,High,Medium
996,2024-04-23,Basic,199,21.6,7,1,34,42,No,0,Inactive,High,Medium,High
997,2024-06-18,Standard,399,20.3,6,4,35,46,Yes,1,Inactive,High,High,High
998,2023-11-04,Basic,199,11.8,3,1,24,47,No,0,Inactive,Medium,Medium,Medium
999,2023-10-01,Standard,399,8.3,1,5,27,13,No,0,Active,Low,High,Medium
1000,2023-07-16,Standard,399,6.8,3,3,11,15,Yes,1,At Risk,Medium,High,Medium
1001,2024-03-22,Basic,199,20.0,4,3,16,31,Yes,1,Inactive,Medium,High,High
1002,2023-10-12,Standard,399,5.4,4,1,3,1,No,0,Active,Medium,Medium,Medium
1003,2023-02-26,Premium,699,4.8,0,5,36,31,Yes,1,Inactive,Low,High,Low
1004,2024-11-04,Basic,199,15.2,1,3,21,57,Yes,1,Inactive,Low,High,High
1005,2024-05-27,Basic,199,23.6,2,1,26,7,No,0,Active,Low,Medium,High
1006,2023-09-01,Basic,199,16.8,8,2,34,31,No,0,Inactive,High,Medium,High
1007,2024-02-04,Premium,699,19.4,5,2,8,53,Yes,1,Inactive,Medium,Medium,High
1008,2023-10-09,Premium,699,23.4,3,1,16,6,No,0,Active,Medium,Medium,High
1009,2023-04-26,Standard,399,6.7,0,3,27,34,Yes,1,Inactive,Low,High,Medium
1010,2023-05-29,Standard,399,10.9,3,2,35,56,No,0,Inactive,Medium,Medium,Medium
1011,2024-09-12,Standard,399,18.0,4,0,31,41,No,0,Inactive,Medium,Low,High
1012,2024-10-16,Basic,199,17.4,3,2,4,35,Yes,1,Inactive,Medium,Medium,High
1013,2024-03-29,Premium,699,22.6,1,4,24,55,Yes,1,Inactive,Low,High,High
1014,2023-08-30,Standard,399,22.8,6,2,1,19,Yes,1,At Risk,High,Medium,High
1015,2024-10-21,Standard,399,21.6,2,3,14,40,Yes,1,Inactive,Low,High,High
1016,2023-12-07,Standard,399,7.2,1,3,3,30,No,0,At Risk,Low,High,Medium
1017,2023-03-09,Premium,699,22.0,1,1,28,44,Yes,1,Inactive,Low,Medium,High
1018,2023-01-29,Standard,399,15.3,8,5,27,20,Yes,1,At Risk,High,High,High
1019,2023-11-09,Basic,199,15.9,2,0,12,25,Yes,1,At Risk,Low,Low,High
1020,2024-10-26,Standard,399,3.2,3,4,6,45,No,0,Inactive,Medium,High,Low
1021,2023-05-17,Basic,199,19.9,5,3,27,30,No,0,At Risk,Medium,High,High
1022,2024-01-12,Standard,399,17.3,5,2,12,12,Yes,1,Active,Medium,Medium,High
1023,2024-07-25,Basic,199,22.0,3,0,26,60,Yes,1,Inactive,Medium,Low,High
1024,2023-06-22,Premium,699,22.7,7,1,15,16,No,0,At Risk,High,Medium,High
1025,2023-06-24,Basic,199,15.6,4,1,26,5,No,0,Active,Medium,Medium,High
1026,2024-04-09,Premium,699,0.8,8,3,8,49,Yes,1,Inactive,High,High,Low
1027,2023-09-30,Premium,699,3.4,3,1,32,60,No,0,Inactive,Medium,Medium,Low
1028,2023-10-17,Standard,399,9.9,6,1,32,38,Yes,1,Inactive,High,Medium,Medium
1029,2023-09-26,Premium,699,10.7,6,1,13,1,No,0,Active,High,Medium,Medium
1030,2023-03-29,Basic,199,22.7,5,4,29,43,Yes,1,Inactive,Medium,High,High
1031,2024-12-31,Basic,199,3.8,5,5,31,25,Yes,1,At Risk,Medium,High,Low
1032,2023-02-23,Standard,399,18.5,4,0,28,6,No,0,Active,Medium,Low,High
1033,2024-09-04,Standard,399,12.0,5,4,16,60,Yes,1,Inactive,Medium,High,Medium
1034,2024-02-09,Premium,699,0.6,8,4,3,24,Yes,1,At Risk,High,High,Low
1035,2023-06-23,Premium,699,3.7,8,0,24,37,Yes,1,Inactive,High,Low,Low
1036,2024-06-27,Premium,699,23.3,7,1,32,5,No,0,Active,High,Medium,High
1037,2023-10-15,Standard,399,6.9,5,0,10,8,No,0,Active,Medium,Low,Medium
1038,2023-09-28,Premium,699,23.2,4,2,24,39,No,0,Inactive,Medium,Medium,High
1039,2023-06-04,Premium,699,11.2,2,2,21,47,No,0,Inactive,Low,Medium,Medium
1040,2024-04-26,Premium,699,1.8,2,0,29,14,Yes,1,Active,Low,Low,Low
1041,2023-02-11,Standard,399,17.8,6,0,11,57,No,0,Inactive,High,Low,High
1042,2023-06-01,Standard,399,24.7,8,3,23,29,Yes,1,At Risk,High,High,High
1043,2024-06-04,Basic,199,2.8,4,1,23,53,Yes,1,Inactive,Medium,Medium,Low
1044,2024-03-02,Standard,399,14.8,0,4,14,49,Yes,1,Inactive,Low,High,Medium
1045,2024-11-27,Basic,199,19.3,1,2,16,1,Yes,1,Active,Low,Medium,High
1046,2024-04-16,Basic,199,9.7,1,2,26,9,Yes,1,Active,Low,Medium,Medium
1047,2023-02-14,Premium,699,11.6,4,4,31,42,Yes,1,Inactive,Medium,High,Medium
1048,2024-10-21,Premium,699,8.5,2,1,29,55,Yes,1,Inactive,Low,Medium,Medium
1049,2023-04-05,Standard,399,20.1,1,4,21,60,No,0,Inactive,Low,High,High
1050,2023-06-16,Standard,399,4.9,6,0,17,1,No,0,Active,High,Low,Low
1051,2024-03-18,Standard,399,7.5,2,0,26,19,No,0,At Risk,Low,Low,Medium
1052,2024-01-12,Premium,699,22.6,2,2,20,42,Yes,1,Inactive,Low,Medium,High
1053,2024-03-09,Premium,699,12.5,6,3,13,17,No,0,At Risk,High,High,Medium
1054,2023-02-11,Basic,199,20.4,2,3,28,40,Yes,1,Inactive,Low,High,High
1055,2024-05-22,Premium,699,24.3,3,5,22,43,No,0,Inactive,Medium,High,High
1056,2024-05-04,Premium,699,2.6,7,3,34,5,No,0,Active,High,High,Low
1057,2024-08-05,Standard,399,24.6,4,1,10,33,Yes,1,Inactive,Medium,Medium,High
1058,2024-02-27,Basic,199,2.4,0,4,36,6,Yes,1,Active,Low,High,Low
1059,2024-05-30,Basic,199,16.7,4,2,30,16,No,0,At Risk,Medium,Medium,High
1060,2024-02-07,Basic,199,18.6,7,1,8,50,Yes,1,Inactive,High,Medium,High
1061,2024-11-17,Basic,199,10.7,4,2,6,37,Yes,1,Inactive,Medium,Medium,Medium
1062,2024-09-10,Standard,399,8.9,2,1,17,11,Yes,1,Active,Low,Medium,Medium
1063,2023-06-25,Standard,399,11.1,0,0,7,25,Yes,1,At Risk,Low,Low,Medium
1064,2024-05-13,Premium,699,11.8,6,5,31,47,Yes,1,Inactive,High,High,Medium
1065,2023-01-15,Standard,399,17.4,6,2,24,5,Yes,1,Active,High,Medium,High
1066,2023-05-29,Basic,199,20.5,3,0,8,13,No,0,Active,Medium,Low,High
1067,2024-04-19,Premium,699,11.2,8,1,16,5,No,0,Active,High,Medium,Medium
1068,2024-12-20,Basic,199,10.8,1,1,31,57,Yes,1,Inactive,Low,Medium,Medium
1069,2024-08-06,Standard,399,12.1,7,4,32,15,Yes,1,At Risk,High,High,Medium
1070,2024-03-01,Standard,399,8.7,1,5,4,54,No,0,Inactive,Low,High,Medium
1071,2024-08-28,Standard,399,25.0,0,3,36,25,Yes,1,At Risk,Low,High,High
1072,2023-11-20,Premium,699,6.2,0,4,32,1,No,0,Active,Low,High,Medium
1073,2024-10-23,Premium,699,7.1,6,3,5,7,Yes,1,Active,High,High,Medium
1074,2024-04-25,Standard,399,17.6,0,1,29,18,No,0,At Risk,Low,Medium,High
1075,2024-09-08,Standard,399,6.2,3,4,29,58,No,0,Inactive,Medium,High,Medium
1076,2024-03-02,Premium,699,3.7,4,5,30,45,Yes,1,Inactive,Medium,High,Low
1077,2023-03-30,Premium,699,20.0,2,4,24,13,Yes,1,Active,Low,High,High
1078,2024-03-01,Premium,699,3.7,3,1,31,38,Yes,1,Inactive,Medium,Medium,Low
1079,2023-09-25,Standard,399,6.3,8,0,20,1,No,0,Active,High,Low,Medium
1080,2024-03-16,Standard,399,4.8,8,0,11,51,Yes,1,Inactive,High,Low,Low
1081,2023-12-30,Basic,199,3.5,3,3,15,16,No,0,At Risk,Medium,High,Low
1082,2024-11-16,Basic,199,7.1,2,5,36,55,Yes,1,Inactive,Low,High,Medium
1083,2023-04-19,Basic,199,23.2,7,3,4,53,No,0,Inactive,High,High,High
1084,2023-05-01,Premium,699,20.7,0,4,7,6,Yes,1,Active,Low,High,High
1085,2024-05-25,Basic,199,4.3,4,5,24,28,Yes,1,At Risk,Medium,High,Low
1086,2023-07-26,Premium,699,4.3,5,2,7,52,Yes,1,Inactive,Medium,Medium,Low
1087,2023-12-16,Standard,399,19.3,0,1,27,53,No,0,Inactive,Low,Medium,High
1088,2024-01-05,Standard,399,4.7,4,2,33,45,Yes,1,Inactive,Medium,Medium,Low
1089,2024-03-15,Premium,699,4.2,8,3,16,50,Yes,1,Inactive,High,High,Low
1090,2024-03-29,Standard,399,22.5,8,5,27,23,No,0,At Risk,High,High,High
1091,2024-02-16,Basic,199,18.1,8,0,1,5,No,0,Active,High,Low,High
1092,2024-08-11,Basic,199,2.0,0,5,28,59,Yes,1,Inactive,Low,High,Low
1093,2024-07-20,Basic,199,24.3,6,3,34,56,Yes,1,Inactive,High,High,High
1094,2023-05-31,Standard,399,22.8,0,2,21,57,Yes,1,Inactive,Low,Medium,High
1095,2024-10-29,Premium,699,11.4,3,4,26,39,No,0,Inactive,Medium,High,Medium
1096,2023-02-07,Standard,399,22.2,6,1,23,56,Yes,1,Inactive,High,Medium,High
1097,2023-04-06,Premium,699,10.1,2,4,22,34,Yes,1,Inactive,Low,High,Medium
1098,2024-07-06,Premium,699,8.2,5,5,36,10,Yes,1,Active,Medium,High,Medium
1099,2023-04-24,Premium,699,6.4,4,5,17,27,No,0,At Risk,Medium,High,Medium
1100,2023-02-18,Premium,699,21.1,4,5,4,32,Yes,1,Inactive,Medium,High,High
1101,2024-08-18,Premium,699,11.5,0,3,8,21,No,0,At Risk,Low,High,Medium
1102,2024-08-09,Premium,699,21.2,3,2,35,19,Yes,1,At Risk,Medium,Medium,High
1103,2024-06-12,Premium,699,18.0,8,5,9,15,Yes,1,At Risk,High,High,High
1104,2024-03-11,Premium,699,20.7,5,3,13,6,Yes,1,Active,Medium,High,High
1105,2023-03-21,Standard,399,2.8,6,1,6,30,Yes,1,At Risk,High,Medium,Low
1106,2023-09-28,Standard,399,10.4,8,4,34,49,Yes,1,Inactive,High,High,Medium
1107,2024-03-02,Premium,699,16.1,7,5,32,59,No,0,Inactive,High,High,High
1108,2024-12-22,Basic,199,12.9,7,5,10,29,Yes,1,At Risk,High,High,Medium
1109,2023-06-10,Premium,699,3.4,3,3,34,30,Yes,1,At Risk,Medium,High,Low
1110,2023-05-04,Premium,699,23.1,1,4,24,54,Yes,1,Inactive,Low,High,High
1111,2024-01-19,Standard,399,1.5,2,0,19,23,Yes,1,At Risk,Low,Low,Low
1112,2023-02-19,Standard,399,12.4,2,1,19,50,No,0,Inactive,Low,Medium,Medium
1113,2023-03-11,Standard,399,5.8,7,0,19,7,No,0,Active,High,Low,Medium
1114,2024-01-22,Basic,199,12.3,4,4,27,28,No,0,At Risk,Medium,High,Medium
1115,2024-11-14,Standard,399,19.2,8,5,9,29,No,0,At Risk,High,High,High
1116,2024-09-30,Standard,399,21.7,5,0,10,51,No,0,Inactive,Medium,Low,High
1117,2024-11-17,Standard,399,6.2,6,2,25,34,Yes,1,Inactive,High,Medium,Medium
1118,2024-12-25,Standard,399,16.3,2,5,18,1,No,0,Active,Low,High,High
1119,2024-07-08,Standard,399,16.3,8,0,36,12,No,0,Active,High,Low,High
1120,2023-01-20,Premium,699,24.0,8,1,4,48,Yes,1,Inactive,High,Medium,High
1121,2024-12-23,Basic,199,4.9,0,2,35,50,Yes,1,Inactive,Low,Medium,Low
1122,2023-02-16,Premium,699,2.6,8,4,29,20,Yes,1,At Risk,High,High,Low
1123,2023-11-21,Standard,399,8.8,2,3,2,1,No,0,Active,Low,High,Medium
1124,2023-07-07,Standard,399,2.7,1,4,17,10,Yes,1,Active,Low,High,Low
1125,2023-11-30,Standard,399,4.3,6,5,6,10,Yes,1,Active,High,High,Low
1126,2024-02-27,Basic,199,18.0,4,3,2,6,Yes,1,Active,Medium,High,High
1127,2024-09-03,Standard,399,9.7,1,0,17,12,No,0,Active,Low,Low,Medium
1128,2023-03-04,Premium,699,12.6,8,3,16,60,Yes,1,Inactive,High,High,Medium
1129,2023-08-28,Standard,399,14.1,1,3,30,1,No,0,Active,Low,High,Medium
1130,2023-05-09,Basic,199,14.1,1,1,18,48,No,0,Inactive,Low,Medium,Medium
1131,2024-01-18,Standard,399,11.4,8,1,27,50,No,0,Inactive,High,Medium,Medium
1132,2023-02-12,Premium,699,19.7,8,3,11,58,Yes,1,Inactive,High,High,High
1133,2024-05-08,Basic,199,24.0,4,5,30,10,Yes,1,Active,Medium,High,High
1134,2024-08-22,Standard,399,21.1,6,2,17,53,Yes,1,Inactive,High,Medium,High
1135,2024-02-09,Premium,699,1.6,8,4,19,4,Yes,1,Active,High,High,Low
1136,2024-09-17,Premium,699,20.8,8,2,8,56,Yes,1,Inactive,High,Medium,High
1137,2024-12-25,Premium,699,22.2,5,5,21,16,No,0,At Risk,Medium,High,High
1138,2024-09-05,Standard,399,6.5,5,2,18,13,Yes,1,Active,Medium,Medium,Medium
1139,2024-05-02,Standard,399,22.9,2,5,2,59,Yes,1,Inactive,Low,High,High
1140,2024-05-15,Basic,199,17.0,6,4,1,57,Yes,1,Inactive,High,High,High
1141,2024-11-18,Standard,399,2.5,1,4,35,1,No,0,Active,Low,High,Low
1142,2024-12-14,Standard,399,9.1,6,4,8,22,Yes,1,At Risk,High,High,Medium
1143,2023-01-21,Basic,199,11.8,3,3,8,0,Yes,1,Active,Medium,High,Medium
1144,2024-05-20,Standard,399,5.2,4,5,23,14,Yes,1,Active,Medium,High,Medium
1145,2024-10-15,Standard,399,7.4,3,0,3,12,No,0,Active,Medium,Low,Medium
1146,2024-11-06,Standard,399,21.8,8,3,8,10,No,0,Active,High,High,High
1147,2024-08-06,Premium,699,2.1,2,5,12,4,Yes,1,Active,Low,High,Low
1148,2024-12-10,Basic,199,18.4,4,1,34,54,No,0,Inactive,Medium,Medium,High
1149,2024-10-18,Premium,699,15.6,8,3,35,0,No,0,Active,High,High,High
1150,2023-10-08,Premium,699,21.4,5,3,4,54,No,0,Inactive,Medium,High,High
1151,2023-08-18,Basic,199,11.9,5,4,34,48,Yes,1,Inactive,Medium,High,Medium
1152,2023-07-19,Basic,199,23.0,8,3,18,20,Yes,1,At Risk,High,High,High
1153,2024-03-09,Standard,399,22.1,0,5,6,14,No,0,Active,Low,High,High
1154,2023-04-10,Basic,199,5.3,5,2,16,4,No,0,Active,Medium,Medium,Medium
1155,2023-12-09,Basic,199,11.1,0,4,31,51,No,0,Inactive,Low,High,Medium
1156,2023-12-08,Standard,399,3.1,3,2,16,53,Yes,1,Inactive,Medium,Medium,Low
1157,2023-05-08,Premium,699,23.6,7,0,16,40,Yes,1,Inactive,High,Low,High
1158,2023-03-08,Basic,199,23.0,6,2,4,56,No,0,Inactive,High,Medium,High
1159,2024-03-18,Basic,199,23.0,7,0,4,19,No,0,At Risk,High,Low,High
1160,2024-02-16,Basic,199,17.1,8,0,7,18,No,0,At Risk,High,Low,High
1161,2024-03-14,Basic,199,6.2,0,3,27,24,Yes,1,At Risk,Low,High,Medium
1162,2023-07-17,Premium,699,8.8,0,3,7,33,Yes,1,Inactive,Low,High,Medium
1163,2024-08-09,Basic,199,0.8,1,4,7,50,Yes,1,Inactive,Low,High,Low
1164,2023-07-10,Basic,199,6.8,6,3,33,46,Yes,1,Inactive,High,High,Medium
1165,2024-06-09,Basic,199,20.0,0,1,9,19,No,0,At Risk,Low,Medium,High
1166,2024-09-09,Premium,699,8.1,8,1,23,9,No,0,Active,High,Medium,Medium
1167,2023-05-29,Standard,399,9.5,0,4,19,37,No,0,Inactive,Low,High,Medium
1168,2023-07-25,Basic,199,12.9,8,0,16,27,Yes,1,At Risk,High,Low,Medium
1169,2024-12-09,Premium,699,19.7,5,1,13,42,Yes,1,Inactive,Medium,Medium,High
1170,2023-06-16,Standard,399,21.4,5,4,22,19,Yes,1,At Risk,Medium,High,High
1171,2024-10-16,Basic,199,22.0,0,3,30,14,No,0,Active,Low,High,High
1172,2023-12-06,Basic,199,11.9,3,1,15,30,No,0,At Risk,Medium,Medium,Medium
1173,2024-01-02,Premium,699,5.5,2,0,25,23,Yes,1,At Risk,Low,Low,Medium
1174,2024-01-04,Basic,199,3.3,4,3,36,12,Yes,1,Active,Medium,High,Low
1175,2023-06-28,Basic,199,5.4,4,1,2,14,No,0,Active,Medium,Medium,Medium
1176,2023-04-14,Standard,399,6.5,3,0,36,11,No,0,Active,Medium,Low,Medium
1177,2024-04-12,Basic,199,9.8,1,2,9,59,Yes,1,Inactive,Low,Medium,Medium
1178,2024-03-20,Basic,199,20.3,2,4,24,51,No,0,Inactive,Low,High,High
1179,2024-12-12,Premium,699,3.4,2,1,5,12,No,0,Active,Low,Medium,Low
1180,2023-07-13,Standard,399,15.2,3,0,21,48,No,0,Inactive,Medium,Low,High
1181,2023-10-14,Premium,699,19.8,5,1,19,3,No,0,Active,Medium,Medium,High
1182,2024-04-26,Basic,199,24.2,7,1,33,46,Yes,1,Inactive,High,Medium,High
1183,2024-05-25,Premium,699,4.6,6,5,5,48,Yes,1,Inactive,High,High,Low
1184,2024-05-21,Premium,699,4.9,5,4,30,44,Yes,1,Inactive,Medium,High,Low
1185,2024-04-07,Standard,399,14.7,0,1,18,14,No,0,Active,Low,Medium,Medium
1186,2024-01-19,Basic,199,5.9,6,3,26,36,Yes,1,Inactive,High,High,Medium
1187,2023-08-24,Standard,399,2.6,1,2,36,28,Yes,1,At Risk,Low,Medium,Low
1188,2024-02-23,Premium,699,11.9,5,3,3,28,Yes,1,At Risk,Medium,High,Medium
1189,2023-09-29,Standard,399,8.3,6,0,32,11,No,0,Active,High,Low,Medium
1190,2024-07-13,Premium,699,9.3,1,2,5,53,Yes,1,Inactive,Low,Medium,Medium
1191,2023-02-09,Premium,699,19.8,3,0,6,7,Yes,1,Active,Medium,Low,High
1192,2024-11-30,Premium,699,8.7,5,2,13,19,No,0,At Risk,Medium,Medium,Medium
1193,2023-09-25,Standard,399,17.8,2,5,13,47,Yes,1,Inactive,Low,High,High
1194,2024-08-16,Basic,199,7.4,5,3,20,60,Yes,1,Inactive,Medium,High,Medium
1195,2023-08-21,Premium,699,12.1,8,1,1,55,Yes,1,Inactive,High,Medium,Medium
1196,2024-04-24,Premium,699,12.1,8,4,14,50,Yes,1,Inactive,High,High,Medium
1197,2024-12-15,Premium,699,8.8,1,2,30,54,Yes,1,Inactive,Low,Medium,Medium
1198,2023-05-12,Standard,399,11.2,8,0,14,23,Yes,1,At Risk,High,Low,Medium
1199,2024-12-03,Standard,399,12.7,5,2,1,14,Yes,1,Active,Medium,Medium,Medium
1200,2023-05-23,Standard,399,7.8,0,4,35,50,Yes,1,Inactive,Low,High,Medium
1201,2023-03-07,Basic,199,14.4,6,3,22,13,No,0,Active,High,High,Medium
1202,2024-10-16,Premium,699,5.1,1,2,25,36,No,0,Inactive,Low,Medium,Medium
1203,2024-09-09,Standard,399,4.7,8,1,6,2,No,0,Active,High,Medium,Low
1204,2023-10-26,Standard,399,5.1,1,3,2,18,Yes,1,At Risk,Low,High,Medium
1205,2023-12-01,Premium,699,2.2,0,2,34,33,Yes,1,Inactive,Low,Medium,Low
1206,2023-03-12,Standard,399,4.3,1,1,26,34,Yes,1,Inactive,Low,Medium,Low
1207,2024-11-11,Standard,399,3.7,3,2,14,27,Yes,1,At Risk,Medium,Medium,Low
1208,2024-12-02,Standard,399,15.3,4,4,11,12,No,0,Active,Medium,High,High
1209,2024-09-11,Standard,399,5.4,2,3,18,4,No,0,Active,Low,High,Medium
1210,2023-04-04,Basic,199,8.6,7,3,34,29,Yes,1,At Risk,High,High,Medium
1211,2023-06-29,Standard,399,9.0,4,3,30,39,No,0,Inactive,Medium,High,Medium
1212,2023-07-07,Standard,399,4.9,6,3,16,24,Yes,1,At Risk,High,High,Low
1213,2023-10-08,Premium,699,10.1,0,1,7,56,No,0,Inactive,Low,Medium,Medium
1214,2023-08-11,Premium,699,7.7,1,5,35,46,No,0,Inactive,Low,High,Medium
1215,2023-04-18,Standard,399,24.8,8,0,27,23,Yes,1,At Risk,High,Low,High
1216,2024-04-18,Premium,699,10.5,2,2,21,13,No,0,Active,Low,Medium,Medium
1217,2023-07-19,Basic,199,16.2,7,3,5,21,Yes,1,At Risk,High,High,High
1218,2024-11-17,Standard,399,0.8,1,5,3,58,Yes,1,Inactive,Low,High,Low
1219,2024-12-31,Premium,699,12.4,1,0,30,35,No,0,Inactive,Low,Low,Medium
1220,2024-09-13,Standard,399,12.0,4,1,9,10,No,0,Active,Medium,Medium,Medium
1221,2024-11-18,Basic,199,7.7,8,5,12,25,Yes,1,At Risk,High,High,Medium
1222,2024-11-22,Basic,199,4.3,5,1,18,13,No,0,Active,Medium,Medium,Low
1223,2024-11-09,Premium,699,11.3,0,5,14,51,Yes,1,Inactive,Low,High,Medium
1224,2023-02-19,Premium,699,10.1,4,3,7,3,No,0,Active,Medium,High,Medium
1225,2024-03-07,Standard,399,23.3,5,1,13,12,Yes,1,Active,Medium,Medium,High
1226,2023-04-09,Basic,199,8.8,3,5,1,42,Yes,1,Inactive,Medium,High,Medium
1227,2023-12-01,Premium,699,18.2,0,3,11,32,Yes,1,Inactive,Low,High,High
1228,2023-05-04,Standard,399,15.9,3,4,36,25,No,0,At Risk,Medium,High,High
1229,2023-11-20,Basic,199,3.1,5,1,14,0,Yes,1,Active,Medium,Medium,Low
1230,2024-10-27,Basic,199,5.7,3,0,25,42,No,0,Inactive,Medium,Low,Medium
1231,2024-05-26,Premium,699,1.6,3,3,24,19,No,0,At Risk,Medium,High,Low
1232,2024-10-08,Basic,199,19.9,2,2,35,6,No,0,Active,Low,Medium,High
1233,2024-12-05,Premium,699,17.1,2,2,25,11,No,0,Active,Low,Medium,High
1234,2024-01-27,Standard,399,2.2,0,4,31,58,Yes,1,Inactive,Low,High,Low
1235,2023-05-08,Premium,699,12.8,0,1,15,1,No,0,Active,Low,Medium,Medium
1236,2024-01-19,Standard,399,18.6,3,4,16,5,Yes,1,Active,Medium,High,High
1237,2024-09-04,Standard,399,5.4,6,1,19,41,Yes,1,Inactive,High,Medium,Medium
1238,2024-06-17,Standard,399,3.8,5,5,22,50,Yes,1,Inactive,Medium,High,Low
1239,2023-07-30,Standard,399,18.9,3,5,19,21,Yes,1,At Risk,Medium,High,High
1240,2024-09-14,Premium,699,22.7,3,5,4,44,No,0,Inactive,Medium,High,High
1241,2024-05-18,Standard,399,8.4,7,5,34,0,Yes,1,Active,High,High,Medium
1242,2024-08-29,Basic,199,1.8,2,1,13,8,Yes,1,Active,Low,Medium,Low
1243,2023-06-18,Premium,699,6.3,1,3,14,46,Yes,1,Inactive,Low,High,Medium
1244,2024-08-13,Premium,699,6.5,2,4,13,15,Yes,1,At Risk,Low,High,Medium
1245,2024-02-12,Standard,399,7.2,7,0,13,60,No,0,Inactive,High,Low,Medium
1246,2023-06-09,Standard,399,12.0,6,4,11,39,Yes,1,Inactive,High,High,Medium
1247,2023-11-04,Standard,399,19.2,6,0,2,48,No,0,Inactive,High,Low,High
1248,2024-04-09,Premium,699,4.2,2,2,35,24,Yes,1,At Risk,Low,Medium,Low
1249,2024-04-25,Standard,399,14.3,7,0,25,21,Yes,1,At Risk,High,Low,Medium
1250,2024-01-19,Basic,199,22.9,0,0,10,55,No,0,Inactive,Low,Low,High
1251,2023-11-12,Standard,399,23.2,6,5,26,23,Yes,1,At Risk,High,High,High
1252,2023-06-16,Premium,699,10.5,0,0,5,24,No,0,At Risk,Low,Low,Medium
1253,2024-12-06,Basic,199,23.9,5,4,28,45,Yes,1,Inactive,Medium,High,High
1254,2023-02-05,Standard,399,16.4,6,5,4,15,Yes,1,At Risk,High,High,High
1255,2024-11-28,Standard,399,17.6,2,2,2,38,Yes,1,Inactive,Low,Medium,High
1256,2024-10-21,Basic,199,6.6,2,0,17,7,No,0,Active,Low,Low,Medium
1257,2024-03-09,Premium,699,10.2,1,4,25,58,Yes,1,Inactive,Low,High,Medium
1258,2024-01-27,Basic,199,6.7,4,4,28,34,Yes,1,Inactive,Medium,High,Medium
1259,2023-12-19,Premium,699,18.5,1,0,20,40,No,0,Inactive,Low,Low,High
1260,2023-06-22,Basic,199,18.8,6,5,18,19,Yes,1,At Risk,High,High,High
1261,2024-03-17,Standard,399,2.9,6,4,1,26,Yes,1,At Risk,High,High,Low
1262,2023-04-23,Basic,199,9.7,2,1,12,31,Yes,1,Inactive,Low,Medium,Medium
1263,2023-07-16,Standard,399,5.0,0,5,14,11,No,0,Active,Low,High,Low
1264,2023-03-29,Standard,399,11.3,1,5,27,10,Yes,1,Active,Low,High,Medium
1265,2024-05-11,Standard,399,7.3,5,0,8,37,Yes,1,Inactive,Medium,Low,Medium
1266,2023-02-12,Premium,699,0.7,4,0,7,42,Yes,1,Inactive,Medium,Low,Low
1267,2023-09-30,Basic,199,13.3,0,3,14,38,Yes,1,Inactive,Low,High,Medium
1268,2023-12-18,Standard,399,19.0,6,2,31,23,Yes,1,At Risk,High,Medium,High
1269,2023-12-31,Standard,399,23.6,6,3,16,39,Yes,1,Inactive,High,High,High
1270,2023-05-23,Standard,399,0.6,6,5,7,53,Yes,1,Inactive,High,High,Low
1271,2024-01-13,Basic,199,21.8,4,5,8,48,No,0,Inactive,Medium,High,High
1272,2023-11-26,Standard,399,13.1,3,0,31,40,No,0,Inactive,Medium,Low,Medium
1273,2024-05-11,Basic,199,21.9,5,5,24,28,Yes,1,At Risk,Medium,High,High
1274,2023-04-13,Standard,399,9.0,7,5,6,54,Yes,1,Inactive,High,High,Medium
1275,2024-08-08,Premium,699,7.7,3,5,25,9,No,0,Active,Medium,High,Medium
1276,2024-07-15,Premium,699,1.3,7,0,33,19,No,0,At Risk,High,Low,Low
1277,2023-09-07,Standard,399,22.5,1,3,11,42,Yes,1,Inactive,Low,High,High
1278,2023-01-30,Basic,199,19.0,1,0,11,27,No,0,At Risk,Low,Low,High
1279,2024-05-02,Basic,199,22.6,4,1,21,46,Yes,1,Inactive,Medium,Medium,High
1280,2024-12-09,Premium,699,16.8,8,5,8,46,Yes,1,Inactive,High,High,High
1281,2024-01-26,Standard,399,23.3,1,5,15,21,Yes,1,At Risk,Low,High,High
1282,2023-10-25,Premium,699,24.2,6,1,36,14,No,0,Active,High,Medium,High
1283,2024-01-12,Basic,199,2.7,3,5,8,60,Yes,1,Inactive,Medium,High,Low
1284,2023-07-14,Basic,199,23.9,0,2,21,3,No,0,Active,Low,Medium,High
1285,2024-06-16,Standard,399,8.3,5,5,28,59,No,0,Inactive,Medium,High,Medium
1286,2023-05-29,Premium,699,3.1,0,4,15,54,Yes,1,Inactive,Low,High,Low
1287,2024-11-12,Standard,399,12.7,7,1,15,38,Yes,1,Inactive,High,Medium,Medium
1288,2024-12-24,Premium,699,15.2,4,4,3,44,Yes,1,Inactive,Medium,High,High
1289,2024-01-21,Premium,699,16.0,3,3,31,18,No,0,At Risk,Medium,High,High
1290,2024-12-18,Basic,199,4.2,3,5,22,59,Yes,1,Inactive,Medium,High,Low
1291,2024-11-06,Premium,699,23.1,2,3,4,46,Yes,1,Inactive,Low,High,High
1292,2023-12-23,Basic,199,13.9,5,3,2,43,Yes,1,Inactive,Medium,High,Medium
1293,2024-12-18,Standard,399,2.3,4,2,26,44,Yes,1,Inactive,Medium,Medium,Low
1294,2024-12-27,Premium,699,2.9,5,4,26,55,Yes,1,Inactive,Medium,High,Low
1295,2023-05-29,Standard,399,16.5,2,3,30,44,Yes,1,Inactive,Low,High,High
1296,2024-08-12,Basic,199,20.2,3,5,14,41,Yes,1,Inactive,Medium,High,High
1297,2023-02-27,Basic,199,9.7,6,5,10,53,Yes,1,Inactive,High,High,Medium
1298,2024-10-27,Basic,199,24.4,2,0,23,7,No,0,Active,Low,Low,High
1299,2024-02-11,Standard,399,24.3,6,1,28,2,Yes,1,Active,High,Medium,High
1300,2024-12-09,Standard,399,17.4,2,5,20,47,Yes,1,Inactive,Low,High,High
1301,2024-01-12,Premium,699,19.6,6,2,6,40,Yes,1,Inactive,High,Medium,High
1302,2024-06-05,Basic,199,3.4,1,3,8,41,Yes,1,Inactive,Low,High,Low
1303,2024-08-30,Basic,199,14.9,7,2,2,44,Yes,1,Inactive,High,Medium,Medium
1304,2023-11-30,Basic,199,12.4,6,2,25,36,Yes,1,Inactive,High,Medium,Medium
1305,2024-06-26,Basic,199,5.0,0,3,35,35,No,0,Inactive,Low,High,Low
1306,2023-05-08,Standard,399,13.2,8,5,5,52,No,0,Inactive,High,High,Medium
1307,2023-11-18,Basic,199,4.9,2,0,8,35,Yes,1,Inactive,Low,Low,Low
1308,2023-09-20,Basic,199,3.7,3,5,3,10,Yes,1,Active,Medium,High,Low
1309,2023-06-25,Basic,199,24.5,8,2,6,23,No,0,At Risk,High,Medium,High
1310,2024-11-05,Standard,399,6.6,0,4,1,57,No,0,Inactive,Low,High,Medium
1311,2023-12-27,Premium,699,3.9,7,5,29,20,Yes,1,At Risk,High,High,Low
1312,2023-02-07,Premium,699,13.0,1,5,35,52,Yes,1,Inactive,Low,High,Medium
1313,2024-08-28,Basic,199,7.8,3,1,10,38,No,0,Inactive,Medium,Medium,Medium
1314,2024-01-26,Standard,399,3.6,6,0,18,35,Yes,1,Inactive,High,Low,Low
1315,2024-12-12,Premium,699,10.3,1,2,11,43,Yes,1,Inactive,Low,Medium,Medium
1316,2024-01-17,Basic,199,5.5,4,5,35,44,Yes,1,Inactive,Medium,High,Medium
1317,2024-03-20,Premium,699,15.3,6,1,33,20,No,0,At Risk,High,Medium,High
1318,2023-04-23,Standard,399,24.1,3,0,2,17,No,0,At Risk,Medium,Low,High
1319,2023-12-08,Premium,699,10.5,5,5,36,5,Yes,1,Active,Medium,High,Medium
1320,2023-08-16,Standard,399,21.8,3,2,10,0,Yes,1,Active,Medium,Medium,High
1321,2023-11-10,Standard,399,19.7,1,1,7,33,No,0,Inactive,Low,Medium,High
1322,2024-07-18,Premium,699,2.8,5,5,32,36,Yes,1,Inactive,Medium,High,Low
1323,2023-07-05,Standard,399,22.5,2,2,7,60,No,0,Inactive,Low,Medium,High
1324,2023-01-10,Standard,399,14.0,6,3,35,37,Yes,1,Inactive,High,High,Medium
1325,2023-10-01,Premium,699,18.0,2,1,33,24,No,0,At Risk,Low,Medium,High
1326,2024-04-13,Basic,199,17.8,3,5,24,38,Yes,1,Inactive,Medium,High,High
1327,2024-03-14,Basic,199,24.7,7,4,29,18,Yes,1,At Risk,High,High,High
1328,2023-04-03,Premium,699,8.0,1,2,15,26,No,0,At Risk,Low,Medium,Medium
1329,2023-03-28,Premium,699,2.4,3,0,6,10,No,0,Active,Medium,Low,Low
1330,2024-06-04,Premium,699,14.1,7,0,19,60,Yes,1,Inactive,High,Low,Medium
1331,2024-12-15,Premium,699,12.3,8,5,9,43,No,0,Inactive,High,High,Medium
1332,2024-12-20,Basic,199,0.8,3,5,26,0,No,0,Active,Medium,High,Low
1333,2024-04-04,Premium,699,6.5,8,5,23,38,Yes,1,Inactive,High,High,Medium
1334,2024-06-10,Basic,199,22.6,2,0,34,23,No,0,At Risk,Low,Low,High
1335,2023-12-13,Standard,399,10.9,6,1,4,23,No,0,At Risk,High,Medium,Medium
1336,2023-09-29,Premium,699,20.9,1,2,16,19,No,0,At Risk,Low,Medium,High
1337,2024-10-20,Basic,199,18.6,6,1,1,59,Yes,1,Inactive,High,Medium,High
1338,2024-04-16,Premium,699,23.4,7,0,3,22,Yes,1,At Risk,High,Low,High
1339,2024-02-16,Standard,399,9.2,0,2,20,56,No,0,Inactive,Low,Medium,Medium
1340,2023-06-07,Standard,399,3.0,7,1,1,5,No,0,Active,High,Medium,Low
1341,2023-08-20,Standard,399,22.9,0,1,8,49,No,0,Inactive,Low,Medium,High
1342,2023-10-03,Standard,399,9.7,5,3,26,57,Yes,1,Inactive,Medium,High,Medium
1343,2024-03-20,Basic,199,16.6,7,1,29,8,No,0,Active,High,Medium,High
1344,2023-05-17,Basic,199,22.1,3,0,23,12,No,0,Active,Medium,Low,High
1345,2024-05-05,Standard,399,18.7,0,1,27,42,Yes,1,Inactive,Low,Medium,High
1346,2023-05-11,Premium,699,3.4,7,4,18,31,Yes,1,Inactive,High,High,Low
1347,2023-01-22,Standard,399,12.8,6,1,26,7,No,0,Active,High,Medium,Medium
1348,2023-12-17,Basic,199,8.9,0,5,10,15,Yes,1,At Risk,Low,High,Medium
1349,2024-03-15,Standard,399,11.1,4,2,1,31,Yes,1,Inactive,Medium,Medium,Medium
1350,2023-09-27,Basic,199,18.4,2,1,10,17,No,0,At Risk,Low,Medium,High
1351,2023-04-16,Premium,699,16.8,6,1,16,30,No,0,At Risk,High,Medium,High
1352,2023-08-23,Premium,699,15.5,3,4,33,40,No,0,Inactive,Medium,High,High
1353,2023-01-19,Basic,199,10.3,4,1,9,59,Yes,1,Inactive,Medium,Medium,Medium
1354,2024-12-17,Premium,699,2.7,0,3,13,26,Yes,1,At Risk,Low,High,Low
1355,2024-10-21,Premium,699,5.9,6,3,15,3,No,0,Active,High,High,Medium
1356,2024-03-04,Basic,199,3.2,5,2,20,60,Yes,1,Inactive,Medium,Medium,Low
1357,2023-11-26,Basic,199,22.4,2,0,21,0,Yes,1,Active,Low,Low,High
1358,2024-05-18,Basic,199,12.1,1,3,19,11,Yes,1,Active,Low,High,Medium
1359,2023-05-14,Standard,399,8.0,1,5,22,0,No,0,Active,Low,High,Medium
1360,2024-09-11,Standard,399,18.7,5,5,24,49,Yes,1,Inactive,Medium,High,High
1361,2023-04-19,Standard,399,16.4,3,4,16,24,Yes,1,At Risk,Medium,High,High
1362,2023-04-12,Basic,199,1.5,3,1,8,45,Yes,1,Inactive,Medium,Medium,Low
1363,2023-07-26,Basic,199,15.7,4,5,35,30,No,0,At Risk,Medium,High,High
1364,2024-07-27,Premium,699,1.6,3,3,10,35,Yes,1,Inactive,Medium,High,Low
1365,2024-06-20,Standard,399,11.5,1,3,24,4,No,0,Active,Low,High,Medium
1366,2024-08-02,Premium,699,4.6,4,5,2,8,Yes,1,Active,Medium,High,Low
1367,2024-06-09,Basic,199,18.6,6,3,13,43,Yes,1,Inactive,High,High,High
1368,2024-02-15,Basic,199,11.2,8,3,11,35,No,0,Inactive,High,High,Medium
1369,2024-12-14,Premium,699,5.6,0,1,18,36,Yes,1,Inactive,Low,Medium,Medium
1370,2023-10-31,Basic,199,11.7,8,2,33,19,No,0,At Risk,High,Medium,Medium
1371,2023-10-26,Premium,699,14.0,2,1,18,2,No,0,Active,Low,Medium,Medium
1372,2023-02-22,Basic,199,23.6,4,1,10,17,No,0,At Risk,Medium,Medium,High
1373,2023-12-22,Premium,699,24.7,3,4,16,7,Yes,1,Active,Medium,High,High
1374,2024-09-18,Premium,699,8.5,8,2,24,46,Yes,1,Inactive,High,Medium,Medium
1375,2023-10-14,Standard,399,24.6,0,2,21,14,No,0,Active,Low,Medium,High
1376,2024-08-20,Basic,199,24.3,8,5,17,55,No,0,Inactive,High,High,High
1377,2023-07-31,Basic,199,23.7,4,5,25,40,Yes,1,Inactive,Medium,High,High
1378,2024-02-09,Standard,399,8.4,3,4,15,40,No,0,Inactive,Medium,High,Medium
1379,2023-04-06,Basic,199,6.2,6,2,29,9,No,0,Active,High,Medium,Medium
1380,2023-07-04,Standard,399,11.8,2,1,12,36,No,0,Inactive,Low,Medium,Medium
1381,2024-09-14,Premium,699,1.0,2,1,19,52,Yes,1,Inactive,Low,Medium,Low
1382,2024-02-17,Basic,199,4.0,6,1,5,29,No,0,At Risk,High,Medium,Low
1383,2023-01-22,Basic,199,3.9,0,4,34,6,Yes,1,Active,Low,High,Low
1384,2023-10-02,Basic,199,19.2,0,1,1,15,No,0,At Risk,Low,Medium,High
1385,2023-12-13,Basic,199,19.9,0,0,1,34,No,0,Inactive,Low,Low,High
1386,2023-06-17,Premium,699,5.5,7,4,6,57,Yes,1,Inactive,High,High,Medium
1387,2024-10-04,Standard,399,12.2,3,0,22,34,No,0,Inactive,Medium,Low,Medium
1388,2024-06-07,Premium,699,1.0,0,0,8,34,Yes,1,Inactive,Low,Low,Low
1389,2023-05-31,Standard,399,0.5,3,0,10,14,No,0,Active,Medium,Low,Low
1390,2023-04-26,Standard,399,6.0,6,5,19,56,Yes,1,Inactive,High,High,Medium
1391,2024-09-22,Standard,399,24.8,3,0,11,18,No,0,At Risk,Medium,Low,High
1392,2024-03-14,Standard,399,9.3,1,0,8,38,Yes,1,Inactive,Low,Low,Medium
1393,2023-11-05,Premium,699,15.2,6,1,22,57,No,0,Inactive,High,Medium,High
1394,2024-01-13,Premium,699,9.0,1,2,19,58,Yes,1,Inactive,Low,Medium,Medium
1395,2024-02-04,Standard,399,19.8,2,5,5,9,Yes,1,Active,Low,High,High
1396,2023-10-13,Standard,399,20.5,1,4,31,27,No,0,At Risk,Low,High,High
1397,2023-11-23,Basic,199,8.4,2,1,6,49,No,0,Inactive,Low,Medium,Medium
1398,2023-05-22,Standard,399,12.3,6,4,28,50,Yes,1,Inactive,High,High,Medium
1399,2024-06-29,Premium,699,9.9,8,3,16,34,Yes,1,Inactive,High,High,Medium
1400,2023-08-13,Premium,699,9.9,6,4,15,36,No,0,Inactive,High,High,Medium
1401,2024-07-25,Premium,699,6.3,0,1,6,54,Yes,1,Inactive,Low,Medium,Medium
1402,2023-05-23,Standard,399,23.1,0,2,9,23,No,0,At Risk,Low,Medium,High
1403,2023-08-18,Standard,399,4.0,8,3,30,15,Yes,1,At Risk,High,High,Low
1404,2024-03-10,Basic,199,3.4,2,3,9,46,Yes,1,Inactive,Low,High,Low
1405,2023-06-11,Standard,399,17.7,1,3,4,53,Yes,1,Inactive,Low,High,High
1406,2024-03-02,Basic,199,9.4,1,1,10,4,Yes,1,Active,Low,Medium,Medium
1407,2023-11-03,Basic,199,12.0,2,5,12,33,No,0,Inactive,Low,High,Medium
1408,2023-04-24,Standard,399,18.2,7,5,27,44,Yes,1,Inactive,High,High,High
1409,2023-06-14,Basic,199,22.1,0,4,4,48,Yes,1,Inactive,Low,High,High
1410,2024-08-08,Basic,199,20.9,7,4,26,45,No,0,Inactive,High,High,High
1411,2024-06-18,Premium,699,17.9,6,1,20,17,No,0,At Risk,High,Medium,High
1412,2023-07-08,Standard,399,18.7,6,4,9,3,Yes,1,Active,High,High,High
1413,2024-10-30,Premium,699,15.3,1,5,36,29,Yes,1,At Risk,Low,High,High
1414,2024-03-10,Premium,699,20.8,2,0,26,51,No,0,Inactive,Low,Low,High
1415,2023-12-10,Basic,199,3.2,1,2,18,38,Yes,1,Inactive,Low,Medium,Low
1416,2023-01-12,Basic,199,7.4,8,0,16,4,Yes,1,Active,High,Low,Medium
1417,2024-08-06,Standard,399,14.0,0,1,13,17,Yes,1,At Risk,Low,Medium,Medium
1418,2023-11-13,Premium,699,14.3,7,0,3,3,No,0,Active,High,Low,Medium
1419,2024-02-05,Basic,199,18.9,6,4,23,12,Yes,1,Active,High,High,High
1420,2024-05-30,Premium,699,24.4,1,2,23,26,No,0,At Risk,Low,Medium,High
1421,2024-05-03,Basic,199,20.3,2,0,33,37,No,0,Inactive,Low,Low,High
1422,2024-10-02,Premium,699,7.6,2,5,3,29,Yes,1,At Risk,Low,High,Medium
1423,2024-05-28,Basic,199,22.2,2,5,15,10,No,0,Active,Low,High,High
1424,2023-10-25,Premium,699,23.3,5,3,34,50,Yes,1,Inactive,Medium,High,High
1425,2024-09-13,Standard,399,1.5,6,1,28,13,No,0,Active,High,Medium,Low
1426,2023-11-13,Basic,199,14.4,7,0,10,51,Yes,1,Inactive,High,Low,Medium
1427,2023-06-15,Premium,699,12.7,7,2,6,10,No,0,Active,High,Medium,Medium
1428,2024-04-16,Basic,199,14.6,5,0,18,4,Yes,1,Active,Medium,Low,Medium
1429,2023-05-07,Standard,399,24.5,7,5,31,59,Yes,1,Inactive,High,High,High
1430,2024-11-27,Premium,699,1.5,4,3,32,26,Yes,1,At Risk,Medium,High,Low
1431,2024-06-02,Basic,199,9.5,5,2,29,5,No,0,Active,Medium,Medium,Medium
1432,2023-09-08,Standard,399,22.0,0,4,17,41,Yes,1,Inactive,Low,High,High
1433,2024-02-13,Premium,699,0.7,1,2,36,24,Yes,1,At Risk,Low,Medium,Low
1434,2024-04-24,Basic,199,10.0,7,5,15,5,Yes,1,Active,High,High,Medium
1435,2023-04-21,Premium,699,22.6,7,0,35,5,Yes,1,Active,High,Low,High
1436,2024-09-10,Standard,399,5.4,5,0,28,20,No,0,At Risk,Medium,Low,Medium
1437,2024-07-12,Standard,399,17.7,7,0,14,17,No,0,At Risk,High,Low,High
1438,2024-09-07,Basic,199,4.1,3,2,31,36,Yes,1,Inactive,Medium,Medium,Low
1439,2023-08-05,Standard,399,23.4,5,3,4,30,Yes,1,At Risk,Medium,High,High
1440,2024-02-19,Basic,199,7.1,2,0,28,9,Yes,1,Active,Low,Low,Medium
1441,2023-09-23,Basic,199,21.9,7,3,20,33,Yes,1,Inactive,High,High,High
1442,2023-07-23,Basic,199,2.8,6,2,4,48,Yes,1,Inactive,High,Medium,Low
1443,2024-12-14,Standard,399,12.3,8,5,27,50,Yes,1,Inactive,High,High,Medium
1444,2024-09-03,Standard,399,22.9,6,0,23,35,No,0,Inactive,High,Low,High
1445,2023-11-21,Basic,199,18.2,2,2,5,42,No,0,Inactive,Low,Medium,High
1446,2024-11-21,Basic,199,22.5,2,3,10,55,Yes,1,Inactive,Low,High,High
1447,2023-05-09,Standard,399,13.3,0,3,17,60,No,0,Inactive,Low,High,Medium
1448,2023-07-12,Premium,699,16.2,1,0,29,13,No,0,Active,Low,Low,High
1449,2023-07-15,Standard,399,19.5,6,1,35,22,Yes,1,At Risk,High,Medium,High
1450,2024-05-29,Premium,699,9.6,5,0,1,19,No,0,At Risk,Medium,Low,Medium
1451,2024-07-09,Basic,199,16.4,7,3,32,26,Yes,1,At Risk,High,High,High
1452,2024-03-14,Standard,399,24.4,5,0,34,59,Yes,1,Inactive,Medium,Low,High
1453,2024-11-06,Standard,399,14.0,2,4,12,27,Yes,1,At Risk,Low,High,Medium
1454,2023-04-02,Premium,699,16.0,1,0,28,51,No,0,Inactive,Low,Low,High
1455,2024-09-30,Premium,699,15.6,6,0,2,31,No,0,Inactive,High,Low,High
1456,2023-10-24,Premium,699,16.0,8,4,7,51,Yes,1,Inactive,High,High,High
1457,2024-04-25,Standard,399,6.0,7,4,14,24,Yes,1,At Risk,High,High,Medium
1458,2024-12-21,Basic,199,24.2,7,3,23,58,No,0,Inactive,High,High,High
1459,2024-11-05,Premium,699,0.7,5,1,26,32,Yes,1,Inactive,Medium,Medium,Low
1460,2024-02-29,Standard,399,21.0,6,5,20,15,Yes,1,At Risk,High,High,High
1461,2023-11-22,Basic,199,1.1,5,4,1,52,Yes,1,Inactive,Medium,High,Low
1462,2023-07-17,Standard,399,24.0,6,1,11,35,No,0,Inactive,High,Medium,High
1463,2023-06-27,Premium,699,20.8,6,1,26,60,No,0,Inactive,High,Medium,High
1464,2023-05-10,Standard,399,13.2,6,1,21,6,No,0,Active,High,Medium,Medium
1465,2024-07-20,Premium,699,16.0,6,5,8,58,Yes,1,Inactive,High,High,High
1466,2024-08-30,Basic,199,5.5,1,0,21,27,Yes,1,At Risk,Low,Low,Medium
1467,2023-05-14,Basic,199,15.6,8,0,2,36,Yes,1,Inactive,High,Low,High
1468,2023-09-09,Standard,399,5.1,3,2,23,12,No,0,Active,Medium,Medium,Medium
1469,2024-10-04,Premium,699,19.4,0,2,25,5,No,0,Active,Low,Medium,High
1470,2023-07-04,Basic,199,3.2,1,0,7,9,Yes,1,Active,Low,Low,Low
1471,2023-01-23,Basic,199,12.6,5,1,5,25,Yes,1,At Risk,Medium,Medium,Medium
1472,2023-11-18,Standard,399,12.4,1,1,5,43,No,0,Inactive,Low,Medium,Medium
1473,2024-11-06,Premium,699,20.3,2,2,29,0,No,0,Active,Low,Medium,High
1474,2024-09-06,Premium,699,3.4,5,2,3,30,Yes,1,At Risk,Medium,Medium,Low
1475,2024-07-02,Premium,699,4.4,4,0,1,12,No,0,Active,Medium,Low,Low
1476,2023-08-11,Basic,199,13.0,2,1,34,55,No,0,Inactive,Low,Medium,Medium
1477,2023-10-02,Basic,199,3.9,1,5,21,44,No,0,Inactive,Low,High,Low
1478,2023-10-29,Standard,399,5.4,1,2,31,45,Yes,1,Inactive,Low,Medium,Medium
1479,2024-12-04,Standard,399,11.2,6,1,32,16,Yes,1,At Risk,High,Medium,Medium
1480,2023-11-16,Premium,699,24.1,1,4,18,50,No,0,Inactive,Low,High,High
1481,2024-09-02,Basic,199,23.9,7,3,14,56,Yes,1,Inactive,High,High,High
1482,2024-08-03,Premium,699,20.5,1,4,18,24,Yes,1,At Risk,Low,High,High
1483,2024-06-07,Standard,399,22.5,1,3,24,10,No,0,Active,Low,High,High
1484,2023-07-04,Standard,399,7.7,8,2,27,25,Yes,1,At Risk,High,Medium,Medium
1485,2024-01-16,Standard,399,19.9,5,1,28,4,Yes,1,Active,Medium,Medium,High
1486,2023-12-03,Standard,399,19.6,1,0,10,20,No,0,At Risk,Low,Low,High
1487,2023-10-18,Basic,199,14.4,5,1,30,35,Yes,1,Inactive,Medium,Medium,Medium
1488,2024-11-18,Premium,699,13.4,1,4,14,17,No,0,At Risk,Low,High,Medium
1489,2023-07-21,Basic,199,17.2,6,2,27,52,Yes,1,Inactive,High,Medium,High
1490,2023-06-25,Basic,199,12.7,4,3,32,7,Yes,1,Active,Medium,High,Medium
1491,2024-10-21,Premium,699,15.0,3,4,21,1,Yes,1,Active,Medium,High,Medium
1492,2023-02-07,Premium,699,22.8,4,1,1,53,No,0,Inactive,Medium,Medium,High
1493,2024-03-01,Premium,699,1.5,0,0,34,30,Yes,1,At Risk,Low,Low,Low
1494,2023-11-17,Premium,699,7.2,5,3,20,5,No,0,Active,Medium,High,Medium
1495,2023-05-05,Standard,399,10.1,7,3,4,54,Yes,1,Inactive,High,High,Medium
1496,2023-11-27,Standard,399,1.2,0,0,7,8,Yes,1,Active,Low,Low,Low
1497,2024-01-13,Premium,699,6.0,1,1,28,46,No,0,Inactive,Low,Medium,Medium
1498,2023-04-24,Premium,699,23.4,0,2,1,56,No,0,Inactive,Low,Medium,High
1499,2024-01-24,Basic,199,2.3,5,5,20,39,Yes,1,Inactive,Medium,High,Low
1500,2023-06-01,Standard,399,23.2,7,0,11,8,No,0,Active,High,Low,High
1501,2024-05-04,Premium,699,16.1,1,4,27,33,Yes,1,Inactive,Low,High,High
1502,2023-09-28,Premium,699,24.4,5,5,32,30,Yes,1,At Risk,Medium,High,High
1503,2023-07-30,Standard,399,9.1,3,5,6,41,No,0,Inactive,Medium,High,Medium
1504,2023-08-10,Premium,699,2.3,7,0,5,13,Yes,1,Active,High,Low,Low
1505,2024-06-24,Standard,399,5.1,1,2,25,13,No,0,Active,Low,Medium,Medium
1506,2024-05-31,Premium,699,19.1,4,5,21,29,Yes,1,At Risk,Medium,High,High
1507,2024-06-09,Basic,199,5.9,5,3,9,28,No,0,At Risk,Medium,High,Medium
1508,2024-08-14,Basic,199,5.1,4,3,26,10,No,0,Active,Medium,High,Medium
1509,2024-04-16,Premium,699,4.1,1,5,7,7,Yes,1,Active,Low,High,Low
1510,2024-07-17,Basic,199,1.2,8,3,18,22,Yes,1,At Risk,High,High,Low
1511,2023-12-08,Basic,199,11.1,2,3,23,32,Yes,1,Inactive,Low,High,Medium
1512,2024-03-08,Basic,199,7.2,1,0,29,41,No,0,Inactive,Low,Low,Medium
1513,2024-05-20,Basic,199,5.1,2,4,19,17,No,0,At Risk,Low,High,Medium
1514,2023-08-13,Premium,699,3.2,0,5,28,15,No,0,At Risk,Low,High,Low
1515,2023-10-10,Basic,199,22.4,4,1,4,4,No,0,Active,Medium,Medium,High
1516,2024-12-09,Basic,199,10.1,1,1,26,46,No,0,Inactive,Low,Medium,Medium
1517,2024-09-02,Standard,399,5.5,3,2,32,40,Yes,1,Inactive,Medium,Medium,Medium
1518,2023-11-09,Standard,399,2.8,8,5,1,39,Yes,1,Inactive,High,High,Low
1519,2024-04-11,Premium,699,4.7,1,1,16,11,Yes,1,Active,Low,Medium,Low
1520,2023-09-28,Basic,199,16.8,6,2,1,1,Yes,1,Active,High,Medium,High
1521,2024-08-20,Basic,199,17.1,0,4,11,22,No,0,At Risk,Low,High,High
1522,2024-08-03,Basic,199,21.9,7,0,32,2,No,0,Active,High,Low,High
1523,2023-04-07,Premium,699,21.0,8,4,19,10,No,0,Active,High,High,High
1524,2024-07-12,Basic,199,20.2,5,3,20,31,Yes,1,Inactive,Medium,High,High
1525,2024-12-28,Standard,399,6.7,7,0,32,52,Yes,1,Inactive,High,Low,Medium
1526,2024-10-17,Standard,399,19.5,7,0,34,17,No,0,At Risk,High,Low,High
1527,2023-02-01,Basic,199,24.5,3,5,10,9,No,0,Active,Medium,High,High
1528,2024-10-16,Basic,199,9.3,1,1,28,58,No,0,Inactive,Low,Medium,Medium
1529,2023-09-29,Basic,199,22.0,8,3,18,56,Yes,1,Inactive,High,High,High
1530,2023-10-10,Premium,699,22.3,6,4,23,26,No,0,At Risk,High,High,High
1531,2023-05-06,Standard,399,1.5,8,5,13,21,Yes,1,At Risk,High,High,Low
1532,2024-05-25,Standard,399,14.4,5,2,30,7,No,0,Active,Medium,Medium,Medium
1533,2024-11-11,Premium,699,11.9,2,4,10,18,No,0,At Risk,Low,High,Medium
1534,2023-08-11,Basic,199,12.4,1,2,20,0,No,0,Active,Low,Medium,Medium
1535,2023-01-01,Standard,399,1.8,4,0,8,27,Yes,1,At Risk,Medium,Low,Low
1536,2024-07-28,Basic,199,3.9,4,4,17,42,Yes,1,Inactive,Medium,High,Low
1537,2023-03-24,Basic,199,18.0,2,5,6,12,No,0,Active,Low,High,High
1538,2024-01-31,Standard,399,1.3,5,1,15,51,Yes,1,Inactive,Medium,Medium,Low
1539,2023-11-15,Standard,399,24.2,1,2,26,58,Yes,1,Inactive,Low,Medium,High
1540,2023-07-24,Basic,199,17.1,5,4,28,8,No,0,Active,Medium,High,High
1541,2024-08-03,Standard,399,10.7,3,2,9,19,Yes,1,At Risk,Medium,Medium,Medium
1542,2024-03-28,Premium,699,13.9,6,3,30,6,Yes,1,Active,High,High,Medium
1543,2024-03-06,Premium,699,12.8,5,3,21,22,Yes,1,At Risk,Medium,High,Medium
1544,2023-05-24,Standard,399,1.2,8,0,30,49,Yes,1,Inactive,High,Low,Low
1545,2024-08-02,Premium,699,19.8,8,2,20,8,No,0,Active,High,Medium,High
1546,2024-04-18,Standard,399,19.0,6,1,4,25,No,0,At Risk,High,Medium,High
1547,2024-10-27,Premium,699,21.1,1,0,30,17,No,0,At Risk,Low,Low,High
1548,2023-03-04,Basic,199,15.1,4,4,22,30,Yes,1,At Risk,Medium,High,High
1549,2024-07-29,Basic,199,18.6,0,5,33,13,No,0,Active,Low,High,High
1550,2023-01-07,Premium,699,3.8,2,2,32,40,Yes,1,Inactive,Low,Medium,Low
1551,2024-06-16,Standard,399,3.3,0,1,13,38,No,0,Inactive,Low,Medium,Low
1552,2024-02-05,Basic,199,5.5,7,0,16,53,No,0,Inactive,High,Low,Medium
1553,2024-07-13,Basic,199,7.8,7,1,8,52,Yes,1,Inactive,High,Medium,Medium
1554,2023-07-09,Standard,399,21.6,1,3,29,9,No,0,Active,Low,High,High
1555,2023-10-24,Basic,199,4.7,8,1,16,30,Yes,1,At Risk,High,Medium,Low
1556,2024-01-31,Premium,699,24.0,7,2,7,42,Yes,1,Inactive,High,Medium,High
1557,2023-05-04,Premium,699,11.9,6,1,7,1,No,0,Active,High,Medium,Medium
1558,2024-11-03,Premium,699,0.8,4,0,25,41,Yes,1,Inactive,Medium,Low,Low
1559,2024-04-14,Premium,699,1.5,5,1,29,29,No,0,At Risk,Medium,Medium,Low
1560,2023-08-04,Standard,399,24.6,5,4,1,54,No,0,Inactive,Medium,High,High
1561,2024-11-02,Standard,399,10.1,1,1,34,41,Yes,1,Inactive,Low,Medium,Medium
1562,2023-11-07,Premium,699,11.8,2,2,22,50,No,0,Inactive,Low,Medium,Medium
1563,2023-07-04,Standard,399,22.9,7,3,5,30,Yes,1,At Risk,High,High,High
1564,2024-08-25,Premium,699,19.5,8,2,33,8,No,0,Active,High,Medium,High
1565,2023-06-12,Premium,699,14.8,6,0,23,2,Yes,1,Active,High,Low,Medium
1566,2023-08-26,Basic,199,16.8,7,5,7,30,Yes,1,At Risk,High,High,High
1567,2024-03-06,Premium,699,3.1,2,5,16,57,Yes,1,Inactive,Low,High,Low
1568,2024-03-28,Basic,199,15.5,1,0,4,54,No,0,Inactive,Low,Low,High
1569,2023-05-17,Standard,399,23.1,5,0,2,44,Yes,1,Inactive,Medium,Low,High
1570,2023-08-19,Premium,699,5.4,4,3,36,28,Yes,1,At Risk,Medium,High,Medium
1571,2024-10-06,Basic,199,11.1,8,1,11,5,No,0,Active,High,Medium,Medium
1572,2024-08-04,Premium,699,5.5,2,0,7,23,No,0,At Risk,Low,Low,Medium
1573,2024-08-07,Premium,699,8.8,8,3,5,12,No,0,Active,High,High,Medium
1574,2024-03-13,Standard,399,9.1,8,1,33,51,Yes,1,Inactive,High,Medium,Medium
1575,2023-04-14,Premium,699,21.9,1,1,25,50,No,0,Inactive,Low,Medium,High
1576,2023-10-24,Basic,199,6.1,8,2,32,1,Yes,1,Active,High,Medium,Medium
1577,2024-08-12,Standard,399,17.7,1,1,25,18,Yes,1,At Risk,Low,Medium,High
1578,2024-07-13,Basic,199,23.3,8,2,34,25,Yes,1,At Risk,High,Medium,High
1579,2024-03-07,Premium,699,14.8,4,5,8,1,Yes,1,Active,Medium,High,Medium
1580,2023-12-04,Standard,399,8.7,0,1,13,13,No,0,Active,Low,Medium,Medium
1581,2023-02-06,Premium,699,6.3,1,4,4,57,No,0,Inactive,Low,High,Medium
1582,2023-10-05,Standard,399,23.8,1,4,5,30,No,0,At Risk,Low,High,High
1583,2024-03-17,Premium,699,3.0,7,4,3,14,Yes,1,Active,High,High,Low
1584,2023-07-20,Standard,399,19.6,3,0,20,59,Yes,1,Inactive,Medium,Low,High
1585,2024-01-22,Premium,699,17.2,0,4,25,30,Yes,1,At Risk,Low,High,High
1586,2023-05-01,Premium,699,11.0,6,4,9,8,Yes,1,Active,High,High,Medium
1587,2023-08-26,Premium,699,9.1,5,3,24,58,Yes,1,Inactive,Medium,High,Medium
1588,2023-01-16,Basic,199,6.1,8,4,1,2,No,0,Active,High,High,Medium
1589,2023-10-17,Premium,699,20.4,1,0,16,8,No,0,Active,Low,Low,High
1590,2024-05-05,Basic,199,9.1,3,2,21,8,No,0,Active,Medium,Medium,Medium
1591,2024-05-21,Premium,699,16.6,1,2,8,60,Yes,1,Inactive,Low,Medium,High
1592,2024-01-11,Premium,699,22.5,3,3,23,45,Yes,1,Inactive,Medium,High,High
1593,2024-12-15,Premium,699,21.8,3,4,19,57,Yes,1,Inactive,Medium,High,High
1594,2024-05-12,Premium,699,3.1,5,3,33,45,Yes,1,Inactive,Medium,High,Low
1595,2024-07-20,Standard,399,5.5,2,4,6,14,Yes,1,Active,Low,High,Medium
1596,2024-10-27,Basic,199,9.6,2,0,8,15,No,0,At Risk,Low,Low,Medium
1597,2023-11-04,Standard,399,1.0,0,2,8,17,Yes,1,At Risk,Low,Medium,Low
1598,2024-01-29,Basic,199,7.3,6,3,4,1,No,0,Active,High,High,Medium
1599,2023-02-23,Standard,399,6.0,6,1,3,42,Yes,1,Inactive,High,Medium,Medium
1600,2023-12-11,Premium,699,1.3,5,0,20,58,Yes,1,Inactive,Medium,Low,Low
1601,2024-03-13,Standard,399,19.1,5,5,14,53,Yes,1,Inactive,Medium,High,High
1602,2024-11-25,Premium,699,20.3,8,3,4,60,Yes,1,Inactive,High,High,High
1603,2024-04-23,Standard,399,11.9,8,2,35,10,No,0,Active,High,Medium,Medium
1604,2023-10-08,Premium,699,3.7,0,2,16,51,Yes,1,Inactive,Low,Medium,Low
1605,2024-09-22,Basic,199,19.4,4,2,16,36,Yes,1,Inactive,Medium,Medium,High
1606,2023-01-13,Standard,399,7.1,4,5,24,51,No,0,Inactive,Medium,High,Medium
1607,2024-04-18,Basic,199,14.4,5,2,20,54,Yes,1,Inactive,Medium,Medium,Medium
1608,2024-07-23,Basic,199,0.7,0,2,29,30,Yes,1,At Risk,Low,Medium,Low
1609,2023-11-18,Basic,199,1.9,1,2,27,57,Yes,1,Inactive,Low,Medium,Low
1610,2023-08-21,Basic,199,4.9,4,2,29,55,Yes,1,Inactive,Medium,Medium,Low
1611,2023-07-08,Premium,699,4.1,0,1,12,7,No,0,Active,Low,Medium,Low
1612,2023-03-04,Premium,699,21.6,5,0,33,35,No,0,Inactive,Medium,Low,High
1613,2023-12-28,Premium,699,24.4,0,5,17,54,No,0,Inactive,Low,High,High
1614,2023-04-26,Premium,699,15.2,5,0,3,4,No,0,Active,Medium,Low,High
1615,2024-11-28,Premium,699,6.3,5,4,5,23,No,0,At Risk,Medium,High,Medium
1616,2024-01-04,Standard,399,16.2,4,1,5,1,No,0,Active,Medium,Medium,High
1617,2024-09-28,Standard,399,22.5,5,3,27,60,No,0,Inactive,Medium,High,High
1618,2023-04-19,Basic,199,9.5,4,1,11,58,No,0,Inactive,Medium,Medium,Medium
1619,2024-08-18,Premium,699,20.3,8,5,14,49,Yes,1,Inactive,High,High,High
1620,2023-06-03,Premium,699,23.5,6,4,23,2,No,0,Active,High,High,High
1621,2024-10-07,Standard,399,23.9,3,4,6,32,No,0,Inactive,Medium,High,High
1622,2024-04-28,Premium,699,13.7,1,4,27,51,Yes,1,Inactive,Low,High,Medium
1623,2023-10-28,Premium,699,13.2,5,2,34,12,No,0,Active,Medium,Medium,Medium
1624,2023-04-29,Basic,199,6.5,5,1,22,29,Yes,1,At Risk,Medium,Medium,Medium
1625,2024-06-01,Premium,699,11.4,6,2,16,5,Yes,1,Active,High,Medium,Medium
1626,2024-08-06,Basic,199,16.5,3,3,24,50,Yes,1,Inactive,Medium,High,High
1627,2024-09-12,Basic,199,6.5,6,5,35,37,Yes,1,Inactive,High,High,Medium
1628,2023-06-01,Standard,399,8.9,1,0,19,26,No,0,At Risk,Low,Low,Medium
1629,2023-06-20,Premium,699,16.0,3,1,32,56,No,0,Inactive,Medium,Medium,High
1630,2023-04-14,Basic,199,7.0,8,5,27,59,Yes,1,Inactive,High,High,Medium
1631,2023-05-16,Basic,199,20.9,0,5,3,10,No,0,Active,Low,High,High
1632,2024-07-24,Premium,699,23.0,6,2,34,8,Yes,1,Active,High,Medium,High
1633,2023-02-16,Basic,199,3.4,5,4,19,38,Yes,1,Inactive,Medium,High,Low
1634,2024-03-22,Basic,199,23.8,6,5,23,28,Yes,1,At Risk,High,High,High
1635,2024-06-05,Standard,399,17.7,2,5,31,49,Yes,1,Inactive,Low,High,High
1636,2023-11-25,Basic,199,22.4,5,5,10,41,Yes,1,Inactive,Medium,High,High
1637,2023-12-16,Standard,399,13.0,4,0,12,14,No,0,Active,Medium,Low,Medium
1638,2023-11-23,Basic,199,22.5,8,3,34,18,Yes,1,At Risk,High,High,High
1639,2024-09-22,Basic,199,1.5,3,3,10,33,Yes,1,Inactive,Medium,High,Low
1640,2024-03-25,Standard,399,9.0,2,0,7,18,No,0,At Risk,Low,Low,Medium
1641,2023-08-26,Basic,199,7.6,4,4,11,48,Yes,1,Inactive,Medium,High,Medium
1642,2023-06-22,Premium,699,4.0,3,4,18,53,Yes,1,Inactive,Medium,High,Low
1643,2024-05-15,Basic,199,24.0,8,4,3,51,Yes,1,Inactive,High,High,High
1644,2024-04-09,Basic,199,5.5,6,5,24,28,Yes,1,At Risk,High,High,Medium
1645,2023-09-27,Standard,399,18.0,1,3,8,56,Yes,1,Inactive,Low,High,High
1646,2023-08-16,Basic,199,24.8,1,2,9,51,Yes,1,Inactive,Low,Medium,High
1647,2024-06-09,Premium,699,8.5,8,2,5,17,Yes,1,At Risk,High,Medium,Medium
1648,2024-12-23,Premium,699,17.8,5,0,5,27,Yes,1,At Risk,Medium,Low,High
1649,2023-02-06,Premium,699,5.2,8,5,21,53,No,0,Inactive,High,High,Medium
1650,2024-04-26,Premium,699,6.5,6,1,1,43,Yes,1,Inactive,High,Medium,Medium
1651,2023-04-01,Basic,199,20.4,7,2,32,8,Yes,1,Active,High,Medium,High
1652,2024-12-28,Premium,699,0.6,1,3,14,35,Yes,1,Inactive,Low,High,Low
1653,2023-08-29,Basic,199,10.7,4,4,3,24,Yes,1,At Risk,Medium,High,Medium
1654,2023-10-27,Premium,699,12.4,2,2,23,53,Yes,1,Inactive,Low,Medium,Medium
1655,2023-10-30,Premium,699,12.5,6,4,32,22,Yes,1,At Risk,High,High,Medium
1656,2024-11-09,Basic,199,3.3,4,3,15,28,Yes,1,At Risk,Medium,High,Low
1657,2024-02-12,Standard,399,4.8,5,5,8,7,Yes,1,Active,Medium,High,Low
1658,2023-08-29,Premium,699,19.5,7,3,9,38,Yes,1,Inactive,High,High,High
1659,2023-11-27,Basic,199,7.1,3,3,19,3,No,0,Active,Medium,High,Medium
1660,2023-02-25,Standard,399,10.6,7,3,21,25,Yes,1,At Risk,High,High,Medium
1661,2024-04-03,Standard,399,18.3,5,5,32,52,Yes,1,Inactive,Medium,High,High
1662,2023-04-23,Standard,399,14.5,2,4,15,13,No,0,Active,Low,High,Medium
1663,2024-01-24,Premium,699,3.7,8,0,22,60,Yes,1,Inactive,High,Low,Low
1664,2023-08-04,Basic,199,22.8,8,0,22,41,Yes,1,Inactive,High,Low,High
1665,2023-08-23,Standard,399,5.4,2,4,35,25,No,0,At Risk,Low,High,Medium
1666,2023-09-12,Standard,399,22.8,5,3,11,13,No,0,Active,Medium,High,High
1667,2024-05-11,Basic,199,21.2,8,0,3,32,Yes,1,Inactive,High,Low,High
1668,2023-09-11,Basic,199,7.4,0,1,11,40,No,0,Inactive,Low,Medium,Medium
1669,2023-10-04,Basic,199,18.9,6,5,18,25,Yes,1,At Risk,High,High,High
1670,2024-07-08,Basic,199,2.3,6,0,5,0,No,0,Active,High,Low,Low
1671,2023-11-16,Premium,699,2.8,6,1,10,53,Yes,1,Inactive,High,Medium,Low
1672,2023-04-13,Standard,399,13.1,0,2,28,17,No,0,At Risk,Low,Medium,Medium
1673,2024-07-28,Standard,399,9.7,6,0,31,14,No,0,Active,High,Low,Medium
1674,2024-05-23,Standard,399,7.5,8,4,31,15,Yes,1,At Risk,High,High,Medium
1675,2024-08-14,Premium,699,23.8,8,5,26,6,Yes,1,Active,High,High,High
1676,2024-10-20,Basic,199,19.4,7,2,26,30,Yes,1,At Risk,High,Medium,High
1677,2024-05-16,Standard,399,4.0,1,0,22,35,Yes,1,Inactive,Low,Low,Low
1678,2024-08-03,Premium,699,2.6,6,4,16,53,Yes,1,Inactive,High,High,Low
1679,2023-06-04,Basic,199,19.3,4,3,4,19,No,0,At Risk,Medium,High,High
1680,2024-07-29,Basic,199,17.4,6,0,21,17,No,0,At Risk,High,Low,High
1681,2024-06-10,Standard,399,12.7,3,2,35,29,No,0,At Risk,Medium,Medium,Medium
1682,2023-01-14,Premium,699,23.1,6,5,6,4,Yes,1,Active,High,High,High
1683,2023-04-27,Basic,199,18.8,2,1,34,28,No,0,At Risk,Low,Medium,High
1684,2024-07-14,Basic,199,12.6,8,3,28,8,No,0,Active,High,High,Medium
1685,2024-11-23,Standard,399,0.7,1,3,26,18,No,0,At Risk,Low,High,Low
1686,2023-10-25,Standard,399,8.4,5,4,34,41,Yes,1,Inactive,Medium,High,Medium
1687,2024-04-18,Premium,699,20.2,5,4,14,38,Yes,1,Inactive,Medium,High,High
1688,2024-04-30,Basic,199,23.2,2,1,22,33,No,0,Inactive,Low,Medium,High
1689,2023-01-06,Basic,199,10.7,2,3,21,4,No,0,Active,Low,High,Medium
1690,2023-03-04,Standard,399,5.4,1,4,13,29,Yes,1,At Risk,Low,High,Medium
1691,2023-08-20,Premium,699,15.1,1,2,30,40,Yes,1,Inactive,Low,Medium,High
1692,2024-03-12,Standard,399,23.2,4,2,1,52,No,0,Inactive,Medium,Medium,High
1693,2024-11-06,Premium,699,9.5,6,2,20,35,Yes,1,Inactive,High,Medium,Medium
1694,2023-09-27,Basic,199,15.0,1,5,5,13,Yes,1,Active,Low,High,Medium
1695,2023-12-05,Premium,699,3.6,8,4,7,41,Yes,1,Inactive,High,High,Low
1696,2023-08-26,Premium,699,24.2,7,1,18,10,Yes,1,Active,High,Medium,High
1697,2023-01-01,Basic,199,23.3,2,1,6,10,No,0,Active,Low,Medium,High
1698,2024-03-11,Standard,399,22.5,0,1,5,32,No,0,Inactive,Low,Medium,High
1699,2024-01-22,Premium,699,8.5,8,0,31,15,No,0,At Risk,High,Low,Medium
1700,2024-09-11,Standard,399,9.2,8,2,31,33,Yes,1,Inactive,High,Medium,Medium
1701,2024-07-27,Basic,199,23.7,4,5,11,9,No,0,Active,Medium,High,High
1702,2024-03-21,Standard,399,17.5,4,5,32,7,No,0,Active,Medium,High,High
1703,2024-03-10,Premium,699,4.9,5,3,23,49,Yes,1,Inactive,Medium,High,Low
1704,2023-01-11,Basic,199,22.0,3,3,36,23,Yes,1,At Risk,Medium,High,High
1705,2023-04-07,Basic,199,9.3,3,0,29,37,Yes,1,Inactive,Medium,Low,Medium
1706,2023-10-09,Standard,399,12.8,0,4,17,17,Yes,1,At Risk,Low,High,Medium
1707,2024-08-08,Premium,699,10.3,4,2,31,40,Yes,1,Inactive,Medium,Medium,Medium
1708,2024-10-25,Basic,199,24.9,7,3,31,11,Yes,1,Active,High,High,High
1709,2024-12-23,Premium,699,1.4,0,4,7,57,Yes,1,Inactive,Low,High,Low
1710,2023-05-03,Premium,699,21.8,2,0,12,26,No,0,At Risk,Low,Low,High
1711,2023-10-12,Basic,199,16.1,0,2,29,6,No,0,Active,Low,Medium,High
1712,2024-08-23,Basic,199,8.7,5,5,2,10,No,0,Active,Medium,High,Medium
1713,2023-03-04,Premium,699,13.2,6,3,24,53,Yes,1,Inactive,High,High,Medium
1714,2023-06-26,Basic,199,20.7,8,1,13,46,Yes,1,Inactive,High,Medium,High
1715,2024-10-12,Standard,399,7.3,3,5,3,32,Yes,1,Inactive,Medium,High,Medium
1716,2024-08-04,Premium,699,8.1,8,2,1,7,Yes,1,Active,High,Medium,Medium
1717,2023-07-06,Premium,699,14.4,7,0,6,7,No,0,Active,High,Low,Medium
1718,2024-10-15,Premium,699,5.0,0,1,6,50,Yes,1,Inactive,Low,Medium,Low
1719,2023-07-15,Standard,399,2.5,3,2,30,53,Yes,1,Inactive,Medium,Medium,Low
1720,2023-05-24,Premium,699,8.1,6,5,9,18,Yes,1,At Risk,High,High,Medium
1721,2023-10-30,Premium,699,10.6,3,2,21,56,Yes,1,Inactive,Medium,Medium,Medium
1722,2024-10-19,Standard,399,7.0,7,2,29,37,Yes,1,Inactive,High,Medium,Medium
1723,2024-01-30,Premium,699,20.8,2,0,29,60,No,0,Inactive,Low,Low,High
1724,2023-10-23,Basic,199,14.4,6,2,35,41,No,0,Inactive,High,Medium,Medium
1725,2023-10-03,Basic,199,17.6,8,4,22,53,Yes,1,Inactive,High,High,High
1726,2023-04-29,Basic,199,19.4,4,1,33,29,Yes,1,At Risk,Medium,Medium,High
1727,2024-01-22,Premium,699,12.1,7,4,12,20,Yes,1,At Risk,High,High,Medium
1728,2023-01-09,Premium,699,8.4,1,5,3,22,No,0,At Risk,Low,High,Medium
1729,2024-01-02,Basic,199,12.1,5,5,27,57,Yes,1,Inactive,Medium,High,Medium
1730,2024-04-12,Standard,399,11.9,2,0,11,28,No,0,At Risk,Low,Low,Medium
1731,2024-09-07,Premium,699,18.4,7,1,28,16,No,0,At Risk,High,Medium,High
1732,2024-06-03,Standard,399,17.1,4,0,31,59,No,0,Inactive,Medium,Low,High
1733,2023-06-17,Basic,199,10.9,4,4,27,25,Yes,1,At Risk,Medium,High,Medium
1734,2023-05-23,Premium,699,23.1,8,1,11,60,No,0,Inactive,High,Medium,High
1735,2023-05-25,Basic,199,19.8,0,0,22,19,No,0,At Risk,Low,Low,High
1736,2023-06-26,Standard,399,10.2,7,0,30,42,Yes,1,Inactive,High,Low,Medium
1737,2023-09-08,Standard,399,2.5,3,1,20,27,Yes,1,At Risk,Medium,Medium,Low
1738,2023-04-13,Basic,199,21.2,5,0,36,30,Yes,1,At Risk,Medium,Low,High
1739,2024-04-19,Standard,399,17.3,3,3,36,42,Yes,1,Inactive,Medium,High,High
1740,2023-05-17,Premium,699,19.2,1,3,16,8,Yes,1,Active,Low,High,High
1741,2023-12-22,Standard,399,22.5,6,4,21,25,Yes,1,At Risk,High,High,High
1742,2024-05-28,Standard,399,5.9,2,1,2,23,No,0,At Risk,Low,Medium,Medium
1743,2023-08-05,Basic,199,22.9,3,1,26,31,Yes,1,Inactive,Medium,Medium,High
1744,2023-10-19,Standard,399,2.8,6,5,28,11,Yes,1,Active,High,High,Low
1745,2024-03-07,Standard,399,17.0,7,0,25,16,No,0,At Risk,High,Low,High
1746,2023-12-21,Basic,199,10.3,8,0,11,29,No,0,At Risk,High,Low,Medium
1747,2024-08-11,Premium,699,16.6,6,0,7,10,No,0,Active,High,Low,High
1748,2024-02-16,Premium,699,17.3,0,3,25,41,No,0,Inactive,Low,High,High
1749,2024-04-06,Standard,399,7.9,4,5,4,40,Yes,1,Inactive,Medium,High,Medium
1750,2023-07-03,Premium,699,19.6,5,4,24,23,Yes,1,At Risk,Medium,High,High
1751,2024-12-25,Standard,399,19.1,1,1,35,0,No,0,Active,Low,Medium,High
1752,2023-02-10,Premium,699,5.3,7,3,17,3,Yes,1,Active,High,High,Medium
1753,2024-03-11,Basic,199,11.8,0,4,32,43,Yes,1,Inactive,Low,High,Medium
1754,2024-01-01,Standard,399,19.3,0,4,19,17,Yes,1,At Risk,Low,High,High
1755,2024-01-01,Standard,399,11.4,4,5,2,2,No,0,Active,Medium,High,Medium
1756,2023-04-07,Premium,699,13.5,6,1,3,11,Yes,1,Active,High,Medium,Medium
1757,2024-12-06,Basic,199,16.0,6,2,10,22,No,0,At Risk,High,Medium,High
1758,2023-12-01,Premium,699,23.0,8,4,16,29,Yes,1,At Risk,High,High,High
1759,2023-03-22,Standard,399,4.1,1,3,3,32,No,0,Inactive,Low,High,Low
1760,2024-10-30,Standard,399,10.9,0,1,20,60,No,0,Inactive,Low,Medium,Medium
1761,2023-09-25,Premium,699,21.0,6,0,6,50,Yes,1,Inactive,High,Low,High
1762,2024-08-10,Standard,399,13.7,3,5,33,51,Yes,1,Inactive,Medium,High,Medium
1763,2023-07-10,Standard,399,19.1,6,2,14,47,Yes,1,Inactive,High,Medium,High
1764,2023-01-06,Standard,399,17.0,6,1,33,43,Yes,1,Inactive,High,Medium,High
1765,2024-04-18,Standard,399,1.0,6,5,14,8,Yes,1,Active,High,High,Low
1766,2023-03-07,Premium,699,2.9,3,0,21,45,Yes,1,Inactive,Medium,Low,Low
1767,2023-12-03,Premium,699,18.3,7,4,19,26,Yes,1,At Risk,High,High,High
1768,2023-12-21,Premium,699,12.2,8,0,25,21,Yes,1,At Risk,High,Low,Medium
1769,2024-11-20,Standard,399,11.8,7,1,10,34,No,0,Inactive,High,Medium,Medium
1770,2023-12-20,Standard,399,10.4,1,5,17,31,Yes,1,Inactive,Low,High,Medium
1771,2023-11-19,Basic,199,18.8,8,2,14,19,Yes,1,At Risk,High,Medium,High
1772,2024-03-01,Standard,399,1.2,2,4,30,22,Yes,1,At Risk,Low,High,Low
1773,2023-05-15,Basic,199,14.1,7,1,19,24,No,0,At Risk,High,Medium,Medium
1774,2023-07-02,Standard,399,2.9,3,1,8,7,No,0,Active,Medium,Medium,Low
1775,2023-10-13,Basic,199,14.0,5,1,26,26,No,0,At Risk,Medium,Medium,Medium
1776,2023-08-19,Standard,399,15.9,5,4,24,34,Yes,1,Inactive,Medium,High,High
1777,2023-07-01,Standard,399,19.0,4,3,32,10,No,0,Active,Medium,High,High
1778,2023-04-11,Standard,399,0.6,5,3,19,41,Yes,1,Inactive,Medium,High,Low
1779,2023-08-18,Standard,399,24.4,6,1,27,40,Yes,1,Inactive,High,Medium,High
1780,2023-06-20,Basic,199,25.0,6,0,33,20,No,0,At Risk,High,Low,High
1781,2024-10-31,Premium,699,17.3,5,0,31,47,No,0,Inactive,Medium,Low,High
1782,2023-09-03,Standard,399,13.0,3,1,36,29,No,0,At Risk,Medium,Medium,Medium
1783,2023-02-01,Basic,199,23.5,3,2,31,8,Yes,1,Active,Medium,Medium,High
1784,2024-04-17,Basic,199,11.8,7,1,30,50,Yes,1,Inactive,High,Medium,Medium
1785,2023-03-13,Premium,699,20.2,5,1,8,15,No,0,At Risk,Medium,Medium,High
1786,2023-03-14,Basic,199,17.2,6,4,3,30,No,0,At Risk,High,High,High
1787,2024-10-24,Standard,399,22.1,8,0,17,45,No,0,Inactive,High,Low,High
1788,2023-02-10,Premium,699,11.2,0,2,2,51,Yes,1,Inactive,Low,Medium,Medium
1789,2023-05-08,Standard,399,18.1,8,5,26,41,Yes,1,Inactive,High,High,High
1790,2024-11-03,Basic,199,21.3,1,5,10,10,No,0,Active,Low,High,High
1791,2024-10-19,Standard,399,22.9,7,1,10,16,Yes,1,At Risk,High,Medium,High
1792,2023-10-30,Premium,699,11.7,7,1,5,48,Yes,1,Inactive,High,Medium,Medium
1793,2024-08-31,Premium,699,8.6,7,5,29,16,No,0,At Risk,High,High,Medium
1794,2024-07-31,Basic,199,4.1,4,0,9,14,No,0,Active,Medium,Low,Low
1795,2024-12-31,Standard,399,8.0,2,4,19,40,Yes,1,Inactive,Low,High,Medium
1796,2024-01-29,Standard,399,4.3,2,1,19,38,Yes,1,Inactive,Low,Medium,Low
1797,2023-01-13,Standard,399,1.2,3,4,15,19,Yes,1,At Risk,Medium,High,Low
1798,2023-06-24,Standard,399,18.2,8,3,24,30,Yes,1,At Risk,High,High,High
1799,2024-05-11,Standard,399,14.9,8,2,10,33,Yes,1,Inactive,High,Medium,Medium
1800,2023-01-15,Premium,699,21.8,7,1,11,30,No,0,At Risk,High,Medium,High
1801,2024-09-15,Premium,699,8.9,4,1,5,14,Yes,1,Active,Medium,Medium,Medium
1802,2024-10-15,Premium,699,16.4,5,3,8,29,Yes,1,At Risk,Medium,High,High
1803,2024-10-03,Basic,199,22.5,3,2,34,42,Yes,1,Inactive,Medium,Medium,High
1804,2024-07-04,Basic,199,12.9,4,4,22,34,No,0,Inactive,Medium,High,Medium
1805,2023-07-07,Basic,199,11.4,8,1,4,15,No,0,At Risk,High,Medium,Medium
1806,2023-09-30,Premium,699,6.1,7,1,16,2,No,0,Active,High,Medium,Medium
1807,2023-05-16,Premium,699,2.7,3,5,18,53,No,0,Inactive,Medium,High,Low
1808,2024-05-03,Premium,699,2.0,3,1,20,37,No,0,Inactive,Medium,Medium,Low
1809,2023-07-21,Standard,399,13.7,0,2,7,50,No,0,Inactive,Low,Medium,Medium
1810,2023-08-09,Standard,399,11.3,7,1,8,6,No,0,Active,High,Medium,Medium
1811,2023-04-25,Premium,699,7.8,0,4,32,27,No,0,At Risk,Low,High,Medium
1812,2024-04-12,Premium,699,19.5,3,4,29,51,No,0,Inactive,Medium,High,High
1813,2024-06-03,Basic,199,19.0,4,3,17,40,Yes,1,Inactive,Medium,High,High
1814,2023-12-16,Standard,399,7.5,4,2,33,55,Yes,1,Inactive,Medium,Medium,Medium
1815,2024-05-14,Standard,399,12.8,7,0,36,48,No,0,Inactive,High,Low,Medium
1816,2023-03-09,Basic,199,22.4,8,3,21,31,Yes,1,Inactive,High,High,High
1817,2023-07-07,Standard,399,2.8,7,2,20,40,Yes,1,Inactive,High,Medium,Low
1818,2024-06-27,Basic,199,19.2,3,2,7,32,Yes,1,Inactive,Medium,Medium,High
1819,2023-06-10,Standard,399,17.3,3,4,7,43,Yes,1,Inactive,Medium,High,High
1820,2024-06-12,Basic,199,19.8,2,4,26,42,Yes,1,Inactive,Low,High,High
1821,2023-11-07,Standard,399,19.6,4,1,27,59,Yes,1,Inactive,Medium,Medium,High
1822,2024-03-11,Standard,399,8.0,5,5,10,20,Yes,1,At Risk,Medium,High,Medium
1823,2023-12-29,Premium,699,19.2,0,3,26,3,No,0,Active,Low,High,High
1824,2023-08-02,Premium,699,24.4,4,0,9,52,No,0,Inactive,Medium,Low,High
1825,2024-01-27,Premium,699,7.7,5,0,17,20,No,0,At Risk,Medium,Low,Medium
1826,2023-10-08,Standard,399,14.2,3,1,36,39,No,0,Inactive,Medium,Medium,Medium
1827,2024-08-30,Basic,199,6.5,5,5,5,30,No,0,At Risk,Medium,High,Medium
1828,2023-09-13,Standard,399,19.6,6,5,3,58,Yes,1,Inactive,High,High,High
1829,2024-01-14,Standard,399,2.0,0,5,25,21,Yes,1,At Risk,Low,High,Low
1830,2024-02-28,Standard,399,3.2,2,5,19,4,Yes,1,Active,Low,High,Low
1831,2023-12-02,Basic,199,15.0,3,4,10,5,No,0,Active,Medium,High,Medium
1832,2024-12-07,Premium,699,19.2,4,4,35,33,No,0,Inactive,Medium,High,High
1833,2024-01-05,Basic,199,19.4,1,5,9,45,No,0,Inactive,Low,High,High
1834,2023-07-23,Standard,399,5.0,7,1,14,29,Yes,1,At Risk,High,Medium,Low
1835,2024-03-13,Premium,699,6.8,0,1,17,7,No,0,Active,Low,Medium,Medium
1836,2024-01-18,Standard,399,20.1,8,0,32,58,No,0,Inactive,High,Low,High
1837,2023-10-17,Basic,199,24.9,8,2,28,50,Yes,1,Inactive,High,Medium,High
1838,2023-04-26,Premium,699,16.0,1,4,22,5,No,0,Active,Low,High,High
1839,2024-10-27,Premium,699,20.1,1,4,11,59,Yes,1,Inactive,Low,High,High
1840,2023-06-05,Basic,199,19.3,6,2,5,29,Yes,1,At Risk,High,Medium,High
1841,2024-03-18,Premium,699,2.3,5,3,22,33,Yes,1,Inactive,Medium,High,Low
1842,2023-01-09,Basic,199,14.6,0,4,26,53,Yes,1,Inactive,Low,High,Medium
1843,2023-12-01,Basic,199,11.0,4,1,21,37,No,0,Inactive,Medium,Medium,Medium
1844,2024-08-13,Premium,699,16.5,3,4,30,59,Yes,1,Inactive,Medium,High,High
1845,2024-06-30,Basic,199,19.4,3,2,13,11,Yes,1,Active,Medium,Medium,High
1846,2023-11-19,Premium,699,19.6,8,2,3,4,Yes,1,Active,High,Medium,High
1847,2023-08-11,Basic,199,5.4,2,3,14,17,Yes,1,At Risk,Low,High,Medium
1848,2023-01-27,Standard,399,3.9,7,0,2,53,No,0,Inactive,High,Low,Low
1849,2024-01-25,Standard,399,9.8,7,3,14,25,Yes,1,At Risk,High,High,Medium
1850,2024-06-12,Premium,699,2.8,2,4,8,58,Yes,1,Inactive,Low,High,Low
1851,2023-11-21,Basic,199,19.0,1,3,11,47,No,0,Inactive,Low,High,High
1852,2024-06-04,Standard,399,5.7,1,4,13,23,Yes,1,At Risk,Low,High,Medium
1853,2023-04-13,Basic,199,0.9,6,3,30,25,Yes,1,At Risk,High,High,Low
1854,2023-11-04,Standard,399,23.7,1,3,24,60,No,0,Inactive,Low,High,High
1855,2023-10-09,Basic,199,16.4,6,3,6,1,No,0,Active,High,High,High
1856,2024-06-15,Premium,699,1.6,3,1,21,36,Yes,1,Inactive,Medium,Medium,Low
1857,2024-11-07,Basic,199,17.5,0,0,9,38,No,0,Inactive,Low,Low,High
1858,2024-06-15,Standard,399,15.6,2,3,24,11,Yes,1,Active,Low,High,High
1859,2023-11-10,Basic,199,9.4,1,1,12,1,No,0,Active,Low,Medium,Medium
1860,2023-01-27,Standard,399,22.8,4,4,24,20,Yes,1,At Risk,Medium,High,High
1861,2024-02-22,Standard,399,22.3,0,5,2,55,Yes,1,Inactive,Low,High,High
1862,2023-12-24,Basic,199,9.7,8,1,35,10,Yes,1,Active,High,Medium,Medium
1863,2024-03-01,Basic,199,10.8,1,0,6,30,No,0,At Risk,Low,Low,Medium
1864,2023-09-21,Premium,699,3.8,0,2,29,30,Yes,1,At Risk,Low,Medium,Low
1865,2024-05-04,Basic,199,16.6,5,4,21,42,Yes,1,Inactive,Medium,High,High
1866,2023-08-19,Standard,399,3.6,8,1,13,51,No,0,Inactive,High,Medium,Low
1867,2023-09-13,Premium,699,18.7,6,2,6,56,Yes,1,Inactive,High,Medium,High
1868,2024-11-15,Basic,199,5.0,4,2,17,45,No,0,Inactive,Medium,Medium,Low
1869,2024-11-08,Premium,699,13.2,4,1,34,20,No,0,At Risk,Medium,Medium,Medium
1870,2023-07-06,Basic,199,18.8,6,5,3,3,No,0,Active,High,High,High
1871,2024-08-08,Basic,199,16.0,3,1,10,25,Yes,1,At Risk,Medium,Medium,High
1872,2024-08-14,Standard,399,21.5,3,5,31,55,No,0,Inactive,Medium,High,High
1873,2023-05-01,Standard,399,24.8,7,4,29,16,No,0,At Risk,High,High,High
1874,2023-07-10,Premium,699,16.6,8,2,18,21,No,0,At Risk,High,Medium,High
1875,2024-11-15,Standard,399,20.3,7,4,22,29,Yes,1,At Risk,High,High,High
1876,2024-07-10,Standard,399,6.9,5,3,34,41,Yes,1,Inactive,Medium,High,Medium
1877,2023-10-30,Basic,199,6.1,7,0,7,7,No,0,Active,High,Low,Medium
1878,2024-05-31,Basic,199,8.0,6,4,23,60,Yes,1,Inactive,High,High,Medium
1879,2023-08-16,Basic,199,20.6,8,1,26,9,No,0,Active,High,Medium,High
1880,2024-07-30,Basic,199,18.5,5,4,13,38,No,0,Inactive,Medium,High,High
1881,2024-06-27,Premium,699,1.7,8,2,34,34,Yes,1,Inactive,High,Medium,Low
1882,2023-08-20,Basic,199,4.4,2,5,24,40,No,0,Inactive,Low,High,Low
1883,2024-02-15,Premium,699,13.8,6,1,10,17,Yes,1,At Risk,High,Medium,Medium
1884,2023-11-04,Standard,399,22.6,6,3,25,29,Yes,1,At Risk,High,High,High
1885,2024-09-19,Basic,199,6.7,8,5,5,19,Yes,1,At Risk,High,High,Medium
1886,2023-06-14,Premium,699,2.0,6,1,5,9,Yes,1,Active,High,Medium,Low
1887,2023-12-25,Basic,199,19.8,6,3,26,37,Yes,1,Inactive,High,High,High
1888,2024-08-22,Basic,199,24.1,4,1,15,57,Yes,1,Inactive,Medium,Medium,High
1889,2023-01-12,Premium,699,5.5,2,5,10,17,No,0,At Risk,Low,High,Medium
1890,2024-04-27,Premium,699,13.3,8,0,8,49,No,0,Inactive,High,Low,Medium
1891,2023-06-07,Basic,199,7.8,1,4,29,47,No,0,Inactive,Low,High,Medium
1892,2023-04-26,Basic,199,21.9,0,3,22,53,No,0,Inactive,Low,High,High
1893,2024-05-13,Premium,699,10.9,2,5,30,44,No,0,Inactive,Low,High,Medium
1894,2024-01-07,Standard,399,13.3,1,5,15,38,No,0,Inactive,Low,High,Medium
1895,2023-10-14,Basic,199,21.0,6,3,32,3,No,0,Active,High,High,High
1896,2023-09-15,Premium,699,22.7,8,2,18,26,Yes,1,At Risk,High,Medium,High
1897,2024-08-28,Standard,399,0.8,7,1,6,37,Yes,1,Inactive,High,Medium,Low
1898,2024-01-20,Standard,399,3.0,7,4,18,38,Yes,1,Inactive,High,High,Low
1899,2024-10-20,Premium,699,21.8,6,0,34,38,Yes,1,Inactive,High,Low,High
1900,2024-09-10,Basic,199,3.4,3,2,7,37,Yes,1,Inactive,Medium,Medium,Low
1901,2024-04-16,Standard,399,18.1,0,2,26,41,No,0,Inactive,Low,Medium,High
1902,2024-11-16,Premium,699,1.4,6,5,34,47,Yes,1,Inactive,High,High,Low
1903,2023-10-27,Basic,199,14.4,0,5,14,60,Yes,1,Inactive,Low,High,Medium
1904,2023-12-27,Standard,399,18.4,4,2,2,52,Yes,1,Inactive,Medium,Medium,High
1905,2024-10-12,Basic,199,11.4,0,2,18,29,No,0,At Risk,Low,Medium,Medium
1906,2023-12-23,Standard,399,5.6,8,5,11,20,No,0,At Risk,High,High,Medium
1907,2023-08-22,Basic,199,21.5,5,2,32,39,Yes,1,Inactive,Medium,Medium,High
1908,2024-05-24,Standard,399,3.0,1,5,20,25,Yes,1,At Risk,Low,High,Low
1909,2023-12-26,Premium,699,19.0,3,2,12,54,No,0,Inactive,Medium,Medium,High
1910,2023-07-14,Standard,399,22.4,2,1,29,20,Yes,1,At Risk,Low,Medium,High
1911,2023-07-02,Premium,699,22.8,8,2,20,48,Yes,1,Inactive,High,Medium,High
1912,2024-11-10,Standard,399,5.4,1,5,5,38,No,0,Inactive,Low,High,Medium
1913,2024-01-30,Standard,399,4.1,5,4,17,22,Yes,1,At Risk,Medium,High,Low
1914,2023-02-11,Basic,199,15.5,1,2,19,14,No,0,Active,Low,Medium,High
1915,2024-12-12,Basic,199,4.3,4,0,36,31,Yes,1,Inactive,Medium,Low,Low
1916,2023-01-13,Basic,199,21.9,7,5,16,51,Yes,1,Inactive,High,High,High
1917,2024-08-04,Standard,399,24.1,7,3,16,26,Yes,1,At Risk,High,High,High
1918,2024-02-01,Basic,199,5.1,8,4,27,25,Yes,1,At Risk,High,High,Medium
1919,2023-08-29,Premium,699,17.8,5,2,17,27,Yes,1,At Risk,Medium,Medium,High
1920,2024-12-20,Standard,399,9.2,2,2,35,55,No,0,Inactive,Low,Medium,Medium
1921,2023-11-18,Basic,199,14.7,1,4,35,45,Yes,1,Inactive,Low,High,Medium
1922,2023-02-24,Basic,199,18.1,8,1,15,29,Yes,1,At Risk,High,Medium,High
1923,2024-04-04,Standard,399,12.7,6,0,29,10,Yes,1,Active,High,Low,Medium
1924,2023-12-29,Premium,699,22.4,7,5,4,9,Yes,1,Active,High,High,High
1925,2024-12-22,Basic,199,14.5,0,5,18,38,Yes,1,Inactive,Low,High,Medium
1926,2023-11-08,Basic,199,5.8,7,2,26,34,Yes,1,Inactive,High,Medium,Medium
1927,2024-11-28,Standard,399,14.5,8,3,15,9,No,0,Active,High,High,Medium
1928,2023-05-03,Premium,699,21.6,0,5,21,48,Yes,1,Inactive,Low,High,High
1929,2024-09-07,Basic,199,13.5,2,5,5,12,Yes,1,Active,Low,High,Medium
1930,2023-04-07,Basic,199,1.2,7,5,12,7,Yes,1,Active,High,High,Low
1931,2023-12-18,Standard,399,20.2,6,5,25,30,Yes,1,At Risk,High,High,High
1932,2024-05-26,Basic,199,8.1,2,5,7,27,No,0,At Risk,Low,High,Medium
1933,2024-10-10,Basic,199,6.9,3,1,12,22,No,0,At Risk,Medium,Medium,Medium
1934,2024-09-12,Basic,199,11.6,1,4,22,16,Yes,1,At Risk,Low,High,Medium
1935,2024-06-25,Basic,199,1.9,5,0,36,10,Yes,1,Active,Medium,Low,Low
1936,2024-07-30,Basic,199,8.5,4,0,1,51,No,0,Inactive,Medium,Low,Medium
1937,2024-07-02,Standard,399,23.9,3,5,5,39,Yes,1,Inactive,Medium,High,High
1938,2024-03-27,Basic,199,2.9,2,4,23,23,Yes,1,At Risk,Low,High,Low
1939,2024-07-04,Premium,699,12.9,7,0,12,39,Yes,1,Inactive,High,Low,Medium
1940,2024-06-14,Basic,199,23.4,1,2,20,43,Yes,1,Inactive,Low,Medium,High
1941,2024-04-10,Basic,199,12.7,2,4,7,58,Yes,1,Inactive,Low,High,Medium
1942,2023-12-13,Premium,699,20.9,7,0,36,42,No,0,Inactive,High,Low,High
1943,2024-01-02,Basic,199,4.0,7,1,24,50,Yes,1,Inactive,High,Medium,Low
1944,2023-11-25,Basic,199,20.4,1,4,31,5,No,0,Active,Low,High,High
1945,2023-05-19,Premium,699,13.3,8,5,35,12,Yes,1,Active,High,High,Medium
1946,2024-05-17,Standard,399,7.7,6,3,13,27,Yes,1,At Risk,High,High,Medium
1947,2024-05-24,Basic,199,3.1,8,3,32,39,Yes,1,Inactive,High,High,Low
1948,2024-08-24,Standard,399,13.4,0,1,4,60,Yes,1,Inactive,Low,Medium,Medium
1949,2023-02-18,Premium,699,4.7,5,5,35,3,Yes,1,Active,Medium,High,Low
1950,2024-03-20,Standard,399,5.1,8,0,25,52,No,0,Inactive,High,Low,Medium
1951,2023-02-15,Premium,699,13.3,2,4,33,23,No,0,At Risk,Low,High,Medium
1952,2023-07-28,Basic,199,11.7,2,1,7,45,Yes,1,Inactive,Low,Medium,Medium
1953,2024-12-06,Standard,399,14.5,0,0,14,59,No,0,Inactive,Low,Low,Medium
1954,2023-12-05,Basic,199,0.6,3,5,19,52,No,0,Inactive,Medium,High,Low
1955,2024-09-05,Basic,199,20.8,5,3,25,2,Yes,1,Active,Medium,High,High
1956,2024-10-03,Basic,199,22.1,6,5,17,36,Yes,1,Inactive,High,High,High
1957,2024-02-28,Standard,399,23.5,4,3,14,44,Yes,1,Inactive,Medium,High,High
1958,2024-10-03,Standard,399,21.1,3,3,18,16,No,0,At Risk,Medium,High,High
1959,2023-03-14,Premium,699,1.5,7,1,26,42,Yes,1,Inactive,High,Medium,Low
1960,2023-06-21,Premium,699,3.3,7,0,8,11,No,0,Active,High,Low,Low
1961,2024-08-06,Premium,699,23.9,6,2,17,34,Yes,1,Inactive,High,Medium,High
1962,2024-05-24,Standard,399,19.1,6,1,7,60,Yes,1,Inactive,High,Medium,High
1963,2023-08-23,Basic,199,13.2,0,3,9,30,Yes,1,At Risk,Low,High,Medium
1964,2024-03-24,Basic,199,5.0,1,1,25,27,No,0,At Risk,Low,Medium,Low
1965,2023-07-13,Premium,699,11.3,0,5,10,59,Yes,1,Inactive,Low,High,Medium
1966,2023-09-14,Basic,199,1.6,0,1,21,21,No,0,At Risk,Low,Medium,Low
1967,2023-10-26,Basic,199,11.8,0,3,23,24,Yes,1,At Risk,Low,High,Medium
1968,2023-01-26,Premium,699,6.0,3,2,5,42,No,0,Inactive,Medium,Medium,Medium
1969,2024-07-14,Standard,399,21.2,8,2,5,35,Yes,1,Inactive,High,Medium,High
1970,2024-09-25,Standard,399,3.2,1,3,4,33,Yes,1,Inactive,Low,High,Low
1971,2023-04-17,Premium,699,18.2,5,2,11,2,Yes,1,Active,Medium,Medium,High
1972,2024-08-03,Premium,699,0.6,0,4,15,3,No,0,Active,Low,High,Low
1973,2024-10-26,Basic,199,19.2,0,4,15,34,Yes,1,Inactive,Low,High,High
1974,2024-11-30,Standard,399,7.4,6,3,25,58,Yes,1,Inactive,High,High,Medium
1975,2024-04-10,Standard,399,9.0,7,3,17,58,No,0,Inactive,High,High,Medium
1976,2024-02-02,Premium,699,6.0,4,5,24,46,Yes,1,Inactive,Medium,High,Medium
1977,2023-02-13,Standard,399,9.5,0,3,11,51,Yes,1,Inactive,Low,High,Medium
1978,2024-10-03,Standard,399,17.9,8,1,27,25,Yes,1,At Risk,High,Medium,High
1979,2024-03-30,Standard,399,23.6,6,3,14,29,Yes,1,At Risk,High,High,High
1980,2024-06-26,Standard,399,9.4,5,5,30,25,Yes,1,At Risk,Medium,High,Medium
1981,2024-11-06,Basic,199,5.8,3,4,16,12,No,0,Active,Medium,High,Medium
1982,2023-08-07,Premium,699,22.6,8,3,24,23,Yes,1,At Risk,High,High,High
1983,2024-09-30,Standard,399,12.0,8,5,10,28,Yes,1,At Risk,High,High,Medium
1984,2024-01-29,Standard,399,5.4,5,4,4,56,Yes,1,Inactive,Medium,High,Medium
1985,2024-08-04,Premium,699,4.9,7,0,28,44,Yes,1,Inactive,High,Low,Low
1986,2023-07-22,Premium,699,7.2,2,5,12,25,Yes,1,At Risk,Low,High,Medium
1987,2024-05-13,Basic,199,8.3,3,5,27,8,No,0,Active,Medium,High,Medium
1988,2023-03-29,Standard,399,18.5,0,5,34,6,No,0,Active,Low,High,High
1989,2024-01-01,Basic,199,23.0,0,2,1,54,Yes,1,Inactive,Low,Medium,High
1990,2023-11-20,Basic,199,24.0,4,0,10,23,No,0,At Risk,Medium,Low,High
1991,2024-07-29,Premium,699,12.1,2,2,29,19,Yes,1,At Risk,Low,Medium,Medium
1992,2023-06-12,Basic,199,4.5,1,4,10,58,Yes,1,Inactive,Low,High,Low
1993,2023-04-27,Premium,699,15.9,4,5,36,54,No,0,Inactive,Medium,High,High
1994,2024-04-29,Premium,699,22.8,1,0,10,8,No,0,Active,Low,Low,High
1995,2024-01-07,Standard,399,4.7,0,4,31,44,No,0,Inactive,Low,High,Low
1996,2023-12-19,Standard,399,11.5,0,3,12,60,No,0,Inactive,Low,High,Medium
1997,2024-11-24,Standard,399,22.2,1,1,6,8,No,0,Active,Low,Medium,High
1998,2023-03-27,Standard,399,3.2,3,5,10,20,Yes,1,At Risk,Medium,High,Low
1999,2023-07-16,Standard,399,0.9,6,1,32,23,No,0,At Risk,High,Medium,Low
2000,2023-02-23,Premium,699,24.6,0,3,18,20,No,0,At Risk,Low,High,High
2001,2023-10-07,Premium,699,17.7,4,3,16,27,Yes,1,At Risk,Medium,High,High
2002,2024-10-01,Premium,699,16.7,5,4,30,2,Yes,1,Active,Medium,High,High
2003,2024-12-12,Basic,199,7.9,3,3,2,24,Yes,1,At Risk,Medium,High,Medium
2004,2024-03-10,Premium,699,17.6,5,2,18,51,Yes,1,Inactive,Medium,Medium,High
2005,2024-05-15,Standard,399,3.7,5,5,22,16,Yes,1,At Risk,Medium,High,Low
2006,2023-11-23,Standard,399,2.5,7,5,18,5,No,0,Active,High,High,Low
2007,2024-01-18,Premium,699,1.1,2,0,8,15,Yes,1,At Risk,Low,Low,Low
2008,2023-01-14,Basic,199,14.5,3,0,10,55,Yes,1,Inactive,Medium,Low,Medium
2009,2024-04-16,Premium,699,21.8,1,1,22,37,No,0,Inactive,Low,Medium,High
2010,2023-05-23,Premium,699,19.8,1,4,22,7,Yes,1,Active,Low,High,High
2011,2023-08-27,Basic,199,5.0,1,0,6,27,No,0,At Risk,Low,Low,Low
2012,2024-05-02,Basic,199,18.1,6,2,4,40,Yes,1,Inactive,High,Medium,High
2013,2024-08-29,Basic,199,15.3,2,3,32,18,No,0,At Risk,Low,High,High
2014,2023-09-27,Basic,199,5.0,0,0,29,11,No,0,Active,Low,Low,Low
2015,2023-03-19,Basic,199,14.6,3,5,35,7,No,0,Active,Medium,High,Medium
2016,2024-08-29,Basic,199,21.3,3,1,12,25,No,0,At Risk,Medium,Medium,High
2017,2023-12-20,Standard,399,12.9,4,1,27,27,Yes,1,At Risk,Medium,Medium,Medium
2018,2023-03-05,Premium,699,13.5,4,2,16,48,Yes,1,Inactive,Medium,Medium,Medium
2019,2023-03-23,Basic,199,8.9,0,4,32,48,No,0,Inactive,Low,High,Medium
2020,2024-01-06,Premium,699,0.8,1,2,29,37,Yes,1,Inactive,Low,Medium,Low
2021,2024-05-06,Premium,699,14.4,5,3,5,22,Yes,1,At Risk,Medium,High,Medium
2022,2023-07-14,Standard,399,7.9,7,2,32,34,No,0,Inactive,High,Medium,Medium
2023,2023-11-29,Basic,199,1.5,5,3,11,29,Yes,1,At Risk,Medium,High,Low
2024,2024-01-30,Standard,399,21.8,7,3,30,9,Yes,1,Active,High,High,High
2025,2024-02-14,Standard,399,21.9,5,3,2,55,Yes,1,Inactive,Medium,High,High
2026,2023-08-11,Standard,399,11.1,2,1,1,37,No,0,Inactive,Low,Medium,Medium
2027,2024-05-24,Basic,199,10.1,2,2,2,21,Yes,1,At Risk,Low,Medium,Medium
2028,2024-09-13,Standard,399,7.9,8,2,11,14,Yes,1,Active,High,Medium,Medium
2029,2023-04-19,Premium,699,11.1,2,3,32,42,Yes,1,Inactive,Low,High,Medium
2030,2024-05-21,Basic,199,17.8,4,1,21,15,No,0,At Risk,Medium,Medium,High
2031,2023-11-15,Basic,199,12.5,4,5,27,10,Yes,1,Active,Medium,High,Medium
2032,2024-01-18,Premium,699,15.5,2,4,28,18,Yes,1,At Risk,Low,High,High
2033,2024-03-03,Premium,699,9.6,7,0,9,1,No,0,Active,High,Low,Medium
2034,2024-05-02,Basic,199,23.6,3,2,14,40,No,0,Inactive,Medium,Medium,High
2035,2023-11-26,Standard,399,8.8,5,5,36,12,No,0,Active,Medium,High,Medium
2036,2023-01-20,Premium,699,17.8,3,1,15,31,No,0,Inactive,Medium,Medium,High
2037,2024-06-25,Standard,399,22.1,6,1,33,39,Yes,1,Inactive,High,Medium,High
2038,2023-07-17,Standard,399,15.3,4,0,30,28,Yes,1,At Risk,Medium,Low,High
2039,2023-01-04,Standard,399,9.4,0,3,10,15,Yes,1,At Risk,Low,High,Medium
2040,2023-11-24,Standard,399,20.7,7,4,23,9,No,0,Active,High,High,High
2041,2023-07-12,Standard,399,15.3,8,1,21,52,No,0,Inactive,High,Medium,High
2042,2024-05-31,Premium,699,7.7,0,5,8,56,Yes,1,Inactive,Low,High,Medium
2043,2023-11-02,Standard,399,19.9,6,5,16,52,No,0,Inactive,High,High,High
2044,2024-03-07,Standard,399,4.0,0,0,14,41,No,0,Inactive,Low,Low,Low
2045,2023-06-10,Basic,199,11.9,2,3,24,40,Yes,1,Inactive,Low,High,Medium
2046,2024-12-24,Premium,699,19.1,1,2,29,29,Yes,1,At Risk,Low,Medium,High
2047,2023-12-01,Premium,699,7.5,2,2,30,1,Yes,1,Active,Low,Medium,Medium
2048,2024-10-05,Premium,699,9.5,5,5,31,24,Yes,1,At Risk,Medium,High,Medium
2049,2024-10-21,Standard,399,10.2,5,4,21,53,No,0,Inactive,Medium,High,Medium
2050,2024-12-31,Standard,399,14.4,0,4,21,3,No,0,Active,Low,High,Medium
2051,2023-06-17,Basic,199,2.1,1,1,32,9,Yes,1,Active,Low,Medium,Low
2052,2023-12-18,Premium,699,2.8,5,2,16,21,Yes,1,At Risk,Medium,Medium,Low
2053,2024-02-10,Basic,199,10.3,0,4,32,26,No,0,At Risk,Low,High,Medium
2054,2023-09-25,Premium,699,13.9,1,1,10,28,Yes,1,At Risk,Low,Medium,Medium
2055,2024-12-15,Basic,199,1.9,8,0,16,3,No,0,Active,High,Low,Low
2056,2023-05-21,Basic,199,1.5,3,1,31,60,Yes,1,Inactive,Medium,Medium,Low
2057,2024-05-19,Premium,699,8.4,6,0,21,32,No,0,Inactive,High,Low,Medium
2058,2023-08-24,Basic,199,14.0,0,1,27,37,Yes,1,Inactive,Low,Medium,Medium
2059,2023-06-18,Premium,699,0.7,1,4,32,56,Yes,1,Inactive,Low,High,Low
2060,2023-09-30,Standard,399,4.2,0,5,14,47,Yes,1,Inactive,Low,High,Low
2061,2023-12-09,Premium,699,13.0,2,1,24,48,No,0,Inactive,Low,Medium,Medium
2062,2023-01-30,Basic,199,22.5,6,0,21,41,Yes,1,Inactive,High,Low,High
2063,2023-04-20,Standard,399,19.4,3,1,33,7,Yes,1,Active,Medium,Medium,High
2064,2024-08-30,Premium,699,5.4,4,5,14,43,Yes,1,Inactive,Medium,High,Medium
2065,2023-09-16,Standard,399,11.9,3,4,24,56,No,0,Inactive,Medium,High,Medium
2066,2023-12-08,Basic,199,1.1,0,1,33,53,Yes,1,Inactive,Low,Medium,Low
2067,2024-02-05,Basic,199,23.7,6,5,32,20,Yes,1,At Risk,High,High,High
2068,2024-11-14,Premium,699,23.1,7,4,11,38,Yes,1,Inactive,High,High,High
2069,2023-01-12,Basic,199,15.6,0,0,5,39,Yes,1,Inactive,Low,Low,High
2070,2023-04-10,Standard,399,7.9,6,5,1,36,No,0,Inactive,High,High,Medium
2071,2023-03-19,Basic,199,5.8,3,3,24,47,No,0,Inactive,Medium,High,Medium
2072,2023-05-26,Standard,399,16.5,4,0,27,57,Yes,1,Inactive,Medium,Low,High
2073,2024-11-29,Standard,399,23.3,3,0,30,58,No,0,Inactive,Medium,Low,High
2074,2024-08-16,Basic,199,4.8,1,0,31,46,Yes,1,Inactive,Low,Low,Low
2075,2024-12-09,Premium,699,7.2,0,5,36,36,Yes,1,Inactive,Low,High,Medium
2076,2024-04-21,Basic,199,2.1,6,0,14,2,Yes,1,Active,High,Low,Low
2077,2023-10-15,Standard,399,24.3,0,5,12,4,No,0,Active,Low,High,High
2078,2023-07-12,Premium,699,18.1,3,2,19,1,No,0,Active,Medium,Medium,High
2079,2024-07-26,Basic,199,20.4,0,4,29,53,No,0,Inactive,Low,High,High
2080,2024-01-12,Premium,699,19.9,0,2,32,23,Yes,1,At Risk,Low,Medium,High
2081,2024-07-18,Standard,399,13.8,5,5,31,57,Yes,1,Inactive,Medium,High,Medium
2082,2024-01-17,Premium,699,8.4,5,3,10,11,No,0,Active,Medium,High,Medium
2083,2024-11-22,Standard,399,19.3,2,5,23,48,No,0,Inactive,Low,High,High
2084,2023-05-21,Premium,699,9.3,6,0,27,38,Yes,1,Inactive,High,Low,Medium
2085,2023-02-13,Standard,399,16.3,7,4,23,55,Yes,1,Inactive,High,High,High
2086,2023-06-13,Standard,399,23.0,2,4,33,21,Yes,1,At Risk,Low,High,High
2087,2024-03-05,Premium,699,24.4,3,5,9,25,Yes,1,At Risk,Medium,High,High
2088,2024-07-17,Basic,199,13.8,8,0,33,36,Yes,1,Inactive,High,Low,Medium
2089,2024-01-18,Premium,699,18.6,5,3,11,7,Yes,1,Active,Medium,High,High
2090,2024-02-22,Premium,699,13.3,6,1,26,36,Yes,1,Inactive,High,Medium,Medium
2091,2023-07-12,Premium,699,6.0,7,1,7,53,No,0,Inactive,High,Medium,Medium
2092,2023-03-15,Premium,699,22.4,8,0,1,31,Yes,1,Inactive,High,Low,High
2093,2024-10-15,Premium,699,6.4,6,2,20,52,Yes,1,Inactive,High,Medium,Medium
2094,2024-11-27,Basic,199,1.1,0,2,13,7,Yes,1,Active,Low,Medium,Low
2095,2024-02-17,Basic,199,6.7,1,3,5,60,Yes,1,Inactive,Low,High,Medium
2096,2024-08-26,Basic,199,8.9,5,1,20,19,No,0,At Risk,Medium,Medium,Medium
2097,2023-09-19,Standard,399,17.1,0,3,3,20,No,0,At Risk,Low,High,High
2098,2024-12-06,Premium,699,21.6,6,4,31,49,Yes,1,Inactive,High,High,High
2099,2024-05-14,Premium,699,23.8,7,0,23,24,Yes,1,At Risk,High,Low,High
2100,2024-10-08,Basic,199,6.7,1,0,31,15,No,0,At Risk,Low,Low,Medium
2101,2023-02-05,Basic,199,9.8,5,1,30,38,No,0,Inactive,Medium,Medium,Medium
2102,2023-01-11,Standard,399,14.0,7,1,20,39,Yes,1,Inactive,High,Medium,Medium
2103,2023-07-05,Premium,699,15.0,0,4,9,28,Yes,1,At Risk,Low,High,Medium
2104,2023-09-17,Standard,399,17.6,6,4,18,41,Yes,1,Inactive,High,High,High
2105,2023-06-16,Premium,699,17.6,7,1,8,57,Yes,1,Inactive,High,Medium,High
2106,2023-03-20,Basic,199,15.2,6,0,19,43,Yes,1,Inactive,High,Low,High
2107,2024-10-31,Basic,199,12.4,0,3,31,49,No,0,Inactive,Low,High,Medium
2108,2024-08-20,Basic,199,1.6,2,1,25,21,No,0,At Risk,Low,Medium,Low
2109,2024-09-11,Standard,399,18.0,1,0,15,10,No,0,Active,Low,Low,High
2110,2024-06-21,Premium,699,11.2,5,5,2,27,Yes,1,At Risk,Medium,High,Medium
2111,2024-03-22,Premium,699,16.1,1,3,24,30,Yes,1,At Risk,Low,High,High
2112,2024-01-02,Premium,699,2.1,1,2,28,56,No,0,Inactive,Low,Medium,Low
2113,2023-03-30,Standard,399,12.9,3,1,26,7,Yes,1,Active,Medium,Medium,Medium
2114,2023-09-27,Premium,699,16.8,7,5,12,34,Yes,1,Inactive,High,High,High
2115,2023-02-10,Standard,399,24.3,2,4,5,26,Yes,1,At Risk,Low,High,High
2116,2024-01-16,Basic,199,4.1,2,5,13,44,Yes,1,Inactive,Low,High,Low
2117,2024-06-27,Basic,199,19.8,1,4,33,42,Yes,1,Inactive,Low,High,High
2118,2024-05-06,Basic,199,22.1,2,2,20,58,Yes,1,Inactive,Low,Medium,High
2119,2024-02-02,Basic,199,16.8,7,3,13,13,Yes,1,Active,High,High,High
2120,2024-06-06,Premium,699,21.5,1,1,35,42,Yes,1,Inactive,Low,Medium,High
2121,2024-02-28,Basic,199,12.2,1,4,5,10,Yes,1,Active,Low,High,Medium
2122,2023-02-13,Premium,699,23.5,4,3,24,3,No,0,Active,Medium,High,High
2123,2023-08-19,Standard,399,1.2,5,3,26,28,Yes,1,At Risk,Medium,High,Low
2124,2024-10-12,Premium,699,12.2,8,3,9,41,No,0,Inactive,High,High,Medium
2125,2024-09-06,Basic,199,15.2,4,3,16,49,Yes,1,Inactive,Medium,High,High
2126,2024-10-18,Basic,199,2.1,1,5,27,57,Yes,1,Inactive,Low,High,Low
2127,2023-12-16,Basic,199,7.3,4,3,24,41,No,0,Inactive,Medium,High,Medium
2128,2024-12-05,Standard,399,15.3,4,3,35,32,Yes,1,Inactive,Medium,High,High
2129,2024-05-16,Premium,699,23.1,2,3,36,21,Yes,1,At Risk,Low,High,High
2130,2023-10-05,Standard,399,13.2,1,2,35,40,Yes,1,Inactive,Low,Medium,Medium
2131,2023-11-10,Standard,399,6.1,5,1,33,36,Yes,1,Inactive,Medium,Medium,Medium
2132,2024-11-16,Basic,199,13.2,6,2,22,16,No,0,At Risk,High,Medium,Medium
2133,2024-12-03,Premium,699,19.3,2,5,13,18,Yes,1,At Risk,Low,High,High
2134,2023-05-01,Standard,399,14.0,3,3,35,37,Yes,1,Inactive,Medium,High,Medium
2135,2023-12-12,Premium,699,16.1,3,4,19,50,No,0,Inactive,Medium,High,High
2136,2024-08-04,Basic,199,9.7,6,3,32,45,Yes,1,Inactive,High,High,Medium
2137,2024-01-21,Standard,399,8.9,4,4,35,4,Yes,1,Active,Medium,High,Medium
2138,2024-07-17,Premium,699,0.6,3,2,26,59,Yes,1,Inactive,Medium,Medium,Low
2139,2024-03-13,Premium,699,13.0,6,1,18,17,Yes,1,At Risk,High,Medium,Medium
2140,2023-05-24,Premium,699,15.1,7,3,32,24,Yes,1,At Risk,High,High,High
2141,2023-04-21,Basic,199,9.4,0,0,8,54,Yes,1,Inactive,Low,Low,Medium
2142,2023-02-10,Premium,699,7.1,1,5,35,43,Yes,1,Inactive,Low,High,Medium
2143,2024-03-16,Premium,699,0.7,5,4,4,46,Yes,1,Inactive,Medium,High,Low
2144,2023-06-05,Basic,199,5.9,4,4,15,22,No,0,At Risk,Medium,High,Medium
2145,2024-01-28,Basic,199,14.8,3,1,36,51,No,0,Inactive,Medium,Medium,Medium
2146,2023-10-04,Basic,199,15.6,2,0,35,36,No,0,Inactive,Low,Low,High
2147,2023-06-19,Standard,399,2.8,6,1,8,15,Yes,1,At Risk,High,Medium,Low
2148,2024-08-16,Basic,199,7.3,0,1,15,42,Yes,1,Inactive,Low,Medium,Medium
2149,2024-12-30,Premium,699,11.4,3,0,25,54,Yes,1,Inactive,Medium,Low,Medium
2150,2024-07-08,Standard,399,4.2,6,4,29,48,Yes,1,Inactive,High,High,Low
2151,2023-12-17,Standard,399,22.1,7,3,14,50,No,0,Inactive,High,High,High
2152,2023-05-28,Standard,399,12.7,6,3,2,38,Yes,1,Inactive,High,High,Medium
2153,2023-08-12,Premium,699,15.2,6,1,5,50,Yes,1,Inactive,High,Medium,High
2154,2024-01-24,Standard,399,10.4,3,5,23,18,No,0,At Risk,Medium,High,Medium
2155,2024-12-31,Premium,699,24.0,3,5,31,44,Yes,1,Inactive,Medium,High,High
2156,2024-04-01,Basic,199,14.5,5,3,25,1,Yes,1,Active,Medium,High,Medium
2157,2023-09-24,Standard,399,11.2,5,1,6,17,No,0,At Risk,Medium,Medium,Medium
2158,2023-02-07,Standard,399,4.6,8,4,11,33,Yes,1,Inactive,High,High,Low
2159,2023-04-05,Standard,399,1.7,3,0,24,45,No,0,Inactive,Medium,Low,Low
2160,2023-06-02,Premium,699,1.7,1,4,36,59,Yes,1,Inactive,Low,High,Low
2161,2023-06-20,Standard,399,21.5,4,1,10,14,No,0,Active,Medium,Medium,High
2162,2023-06-30,Premium,699,6.2,1,4,5,3,No,0,Active,Low,High,Medium
2163,2023-07-20,Standard,399,12.0,6,1,36,15,Yes,1,At Risk,High,Medium,Medium
2164,2024-06-30,Premium,699,2.2,1,2,5,52,Yes,1,Inactive,Low,Medium,Low
2165,2023-07-11,Basic,199,14.1,5,5,30,11,Yes,1,Active,Medium,High,Medium
2166,2024-05-27,Basic,199,8.5,2,2,1,32,No,0,Inactive,Low,Medium,Medium
2167,2023-05-16,Premium,699,10.1,2,0,4,30,Yes,1,At Risk,Low,Low,Medium
2168,2024-12-28,Basic,199,14.6,4,3,24,15,Yes,1,At Risk,Medium,High,Medium
2169,2023-10-22,Basic,199,4.5,0,0,16,24,Yes,1,At Risk,Low,Low,Low
2170,2024-06-21,Standard,399,20.1,6,4,34,34,Yes,1,Inactive,High,High,High
2171,2023-06-20,Standard,399,9.2,6,2,34,33,No,0,Inactive,High,Medium,Medium
2172,2024-01-12,Premium,699,3.6,0,1,32,4,No,0,Active,Low,Medium,Low
2173,2023-01-25,Standard,399,15.3,6,3,8,24,Yes,1,At Risk,High,High,High
2174,2023-05-31,Standard,399,5.4,0,1,32,27,No,0,At Risk,Low,Medium,Medium
2175,2023-08-21,Standard,399,16.4,4,3,9,15,Yes,1,At Risk,Medium,High,High
2176,2023-07-29,Standard,399,12.4,7,5,17,29,Yes,1,At Risk,High,High,Medium
2177,2024-10-17,Standard,399,10.7,0,1,9,60,Yes,1,Inactive,Low,Medium,Medium
2178,2024-10-31,Basic,199,9.7,5,3,19,58,Yes,1,Inactive,Medium,High,Medium
2179,2024-05-05,Standard,399,15.2,5,4,5,35,Yes,1,Inactive,Medium,High,High
2180,2023-04-14,Basic,199,8.6,4,4,23,10,Yes,1,Active,Medium,High,Medium
2181,2024-01-16,Basic,199,7.1,0,4,36,13,No,0,Active,Low,High,Medium
2182,2024-01-12,Basic,199,10.4,7,2,29,39,Yes,1,Inactive,High,Medium,Medium
2183,2023-02-07,Basic,199,14.8,7,3,34,27,No,0,At Risk,High,High,Medium
2184,2024-01-22,Premium,699,18.4,8,0,36,9,No,0,Active,High,Low,High
2185,2023-07-21,Standard,399,18.4,4,1,29,9,No,0,Active,Medium,Medium,High
2186,2023-05-17,Basic,199,7.3,3,0,25,2,No,0,Active,Medium,Low,Medium
2187,2023-09-19,Basic,199,14.4,6,1,27,27,No,0,At Risk,High,Medium,Medium
2188,2023-03-09,Basic,199,24.8,2,0,1,16,No,0,At Risk,Low,Low,High
2189,2024-11-16,Basic,199,22.9,2,5,30,31,Yes,1,Inactive,Low,High,High
2190,2024-07-15,Standard,399,15.6,5,3,22,16,No,0,At Risk,Medium,High,High
2191,2024-08-26,Premium,699,16.0,5,4,22,9,No,0,Active,Medium,High,High
2192,2024-05-09,Premium,699,20.3,3,1,18,52,Yes,1,Inactive,Medium,Medium,High
2193,2023-02-22,Standard,399,23.5,4,3,22,46,No,0,Inactive,Medium,High,High
2194,2023-08-17,Premium,699,20.1,4,0,20,52,Yes,1,Inactive,Medium,Low,High
2195,2024-01-07,Basic,199,11.9,2,0,16,44,No,0,Inactive,Low,Low,Medium
2196,2024-09-30,Standard,399,10.8,5,2,26,5,Yes,1,Active,Medium,Medium,Medium
2197,2023-06-07,Standard,399,19.5,0,3,5,25,No,0,At Risk,Low,High,High
2198,2024-05-13,Standard,399,24.5,5,2,31,7,Yes,1,Active,Medium,Medium,High
2199,2023-09-07,Standard,399,14.9,6,3,26,54,Yes,1,Inactive,High,High,Medium
2200,2023-04-14,Premium,699,8.7,5,4,11,24,No,0,At Risk,Medium,High,Medium
2201,2023-04-05,Basic,199,20.0,0,1,6,34,No,0,Inactive,Low,Medium,High
2202,2023-10-26,Premium,699,24.8,0,3,10,11,Yes,1,Active,Low,High,High
2203,2023-12-05,Standard,399,16.8,1,0,23,10,No,0,Active,Low,Low,High
2204,2023-07-16,Basic,199,24.9,1,0,3,39,Yes,1,Inactive,Low,Low,High
2205,2024-09-22,Basic,199,20.7,7,0,26,17,No,0,At Risk,High,Low,High
2206,2023-09-24,Premium,699,20.9,4,1,5,4,No,0,Active,Medium,Medium,High
2207,2023-12-13,Basic,199,2.9,3,5,33,18,Yes,1,At Risk,Medium,High,Low
2208,2023-10-28,Premium,699,17.5,7,2,11,60,Yes,1,Inactive,High,Medium,High
2209,2023-09-04,Premium,699,10.7,3,2,26,42,Yes,1,Inactive,Medium,Medium,Medium
2210,2023-05-01,Standard,399,17.7,0,0,10,3,No,0,Active,Low,Low,High
2211,2023-12-07,Basic,199,25.0,2,1,7,46,Yes,1,Inactive,Low,Medium,High
2212,2024-10-21,Premium,699,14.7,7,3,21,26,Yes,1,At Risk,High,High,Medium
2213,2024-11-02,Premium,699,18.4,4,5,36,13,No,0,Active,Medium,High,High
2214,2023-09-16,Basic,199,4.3,3,2,24,4,Yes,1,Active,Medium,Medium,Low
2215,2023-11-28,Standard,399,20.4,7,5,12,25,No,0,At Risk,High,High,High
2216,2024-08-03,Standard,399,20.5,6,5,9,20,No,0,At Risk,High,High,High
2217,2023-12-09,Premium,699,0.7,2,2,12,26,Yes,1,At Risk,Low,Medium,Low
2218,2023-10-12,Basic,199,22.2,3,4,3,38,Yes,1,Inactive,Medium,High,High
2219,2024-09-21,Basic,199,10.7,0,5,12,23,No,0,At Risk,Low,High,Medium
2220,2023-12-07,Standard,399,0.6,7,4,22,12,Yes,1,Active,High,High,Low
2221,2024-09-18,Premium,699,7.2,6,4,33,37,Yes,1,Inactive,High,High,Medium
2222,2023-10-25,Basic,199,19.4,0,3,28,46,Yes,1,Inactive,Low,High,High
2223,2023-03-06,Premium,699,1.6,5,0,30,26,Yes,1,At Risk,Medium,Low,Low
2224,2024-04-05,Standard,399,23.3,3,2,27,53,Yes,1,Inactive,Medium,Medium,High
2225,2023-09-18,Standard,399,22.3,0,1,20,42,No,0,Inactive,Low,Medium,High
2226,2024-04-05,Standard,399,0.6,3,0,17,14,No,0,Active,Medium,Low,Low
2227,2024-07-02,Basic,199,0.6,0,0,26,51,No,0,Inactive,Low,Low,Low
2228,2024-08-17,Premium,699,0.9,4,4,27,42,Yes,1,Inactive,Medium,High,Low
2229,2024-02-03,Basic,199,16.7,4,0,35,54,Yes,1,Inactive,Medium,Low,High
2230,2023-12-03,Premium,699,4.8,3,0,22,43,Yes,1,Inactive,Medium,Low,Low
2231,2023-09-22,Premium,699,23.7,0,0,16,8,No,0,Active,Low,Low,High
2232,2023-06-17,Basic,199,17.0,6,1,19,57,Yes,1,Inactive,High,Medium,High
2233,2024-10-16,Standard,399,19.2,4,2,7,34,Yes,1,Inactive,Medium,Medium,High
2234,2023-10-04,Basic,199,24.6,1,0,5,15,Yes,1,At Risk,Low,Low,High
2235,2024-07-01,Basic,199,19.2,5,0,8,32,No,0,Inactive,Medium,Low,High
2236,2023-12-28,Standard,399,3.5,4,0,33,22,No,0,At Risk,Medium,Low,Low
2237,2024-09-27,Basic,199,20.3,8,2,25,46,Yes,1,Inactive,High,Medium,High
2238,2024-07-01,Basic,199,4.5,5,1,5,33,No,0,Inactive,Medium,Medium,Low
2239,2024-03-18,Basic,199,24.8,5,0,31,21,No,0,At Risk,Medium,Low,High
2240,2024-10-14,Basic,199,19.5,6,1,33,10,Yes,1,Active,High,Medium,High
2241,2024-05-21,Standard,399,24.4,3,5,5,59,No,0,Inactive,Medium,High,High
2242,2024-04-08,Premium,699,10.0,5,1,30,57,Yes,1,Inactive,Medium,Medium,Medium
2243,2023-12-13,Basic,199,14.5,0,5,1,59,Yes,1,Inactive,Low,High,Medium
2244,2024-08-31,Standard,399,24.3,7,0,1,8,No,0,Active,High,Low,High
2245,2024-07-18,Premium,699,19.3,2,3,36,31,Yes,1,Inactive,Low,High,High
2246,2024-07-03,Premium,699,3.4,0,5,22,20,Yes,1,At Risk,Low,High,Low
2247,2023-05-21,Standard,399,1.5,1,0,19,60,Yes,1,Inactive,Low,Low,Low
2248,2023-03-18,Premium,699,20.5,2,2,17,21,No,0,At Risk,Low,Medium,High
2249,2023-01-27,Premium,699,2.3,4,5,24,19,Yes,1,At Risk,Medium,High,Low
2250,2024-09-05,Standard,399,5.0,1,1,21,59,No,0,Inactive,Low,Medium,Low
2251,2023-07-07,Basic,199,3.3,4,2,24,20,No,0,At Risk,Medium,Medium,Low
2252,2024-07-17,Premium,699,14.8,1,1,14,3,No,0,Active,Low,Medium,Medium
2253,2023-11-01,Premium,699,20.4,8,4,6,55,Yes,1,Inactive,High,High,High
2254,2024-03-06,Premium,699,3.0,6,0,20,19,No,0,At Risk,High,Low,Low
2255,2024-08-25,Basic,199,7.1,0,1,22,4,Yes,1,Active,Low,Medium,Medium
2256,2024-07-08,Basic,199,22.3,0,3,7,51,Yes,1,Inactive,Low,High,High
2257,2023-07-09,Basic,199,4.4,8,1,17,5,Yes,1,Active,High,Medium,Low
2258,2023-05-10,Premium,699,16.0,0,3,7,13,No,0,Active,Low,High,High
2259,2023-10-07,Basic,199,6.3,6,0,33,43,No,0,Inactive,High,Low,Medium
2260,2024-11-13,Premium,699,12.6,3,0,13,27,Yes,1,At Risk,Medium,Low,Medium
2261,2024-08-27,Standard,399,20.7,4,2,13,8,Yes,1,Active,Medium,Medium,High
2262,2024-09-11,Standard,399,7.1,1,5,19,26,Yes,1,At Risk,Low,High,Medium
2263,2024-12-08,Standard,399,24.5,6,4,1,12,No,0,Active,High,High,High
2264,2023-02-11,Basic,199,20.5,1,5,12,15,Yes,1,At Risk,Low,High,High
2265,2023-08-12,Basic,199,18.7,1,5,16,25,Yes,1,At Risk,Low,High,High
2266,2023-01-15,Standard,399,14.6,3,5,8,7,No,0,Active,Medium,High,Medium
2267,2023-05-07,Standard,399,8.9,7,1,7,9,No,0,Active,High,Medium,Medium
2268,2024-03-30,Standard,399,24.4,6,5,21,33,Yes,1,Inactive,High,High,High
2269,2024-11-12,Premium,699,21.5,2,1,13,24,No,0,At Risk,Low,Medium,High
2270,2024-03-19,Premium,699,12.5,4,3,16,3,Yes,1,Active,Medium,High,Medium
2271,2023-07-28,Standard,399,2.0,0,5,11,29,Yes,1,At Risk,Low,High,Low
2272,2023-01-15,Standard,399,22.1,2,2,8,17,Yes,1,At Risk,Low,Medium,High
2273,2024-04-05,Standard,399,2.1,7,2,34,19,Yes,1,At Risk,High,Medium,Low
2274,2024-03-24,Basic,199,21.1,6,2,18,10,Yes,1,Active,High,Medium,High
2275,2024-07-18,Basic,199,19.6,7,3,2,14,No,0,Active,High,High,High
2276,2023-10-06,Premium,699,3.2,5,4,10,16,Yes,1,At Risk,Medium,High,Low
2277,2023-04-20,Premium,699,20.1,6,0,34,4,No,0,Active,High,Low,High
2278,2024-09-20,Basic,199,6.7,3,5,19,59,Yes,1,Inactive,Medium,High,Medium
2279,2023-01-21,Premium,699,23.1,7,4,34,0,Yes,1,Active,High,High,High
2280,2023-04-22,Standard,399,10.8,5,0,36,30,Yes,1,At Risk,Medium,Low,Medium
2281,2024-08-23,Premium,699,18.2,6,2,20,44,No,0,Inactive,High,Medium,High
2282,2023-07-20,Basic,199,16.9,5,0,26,24,Yes,1,At Risk,Medium,Low,High
2283,2024-06-29,Basic,199,1.6,5,2,21,30,Yes,1,At Risk,Medium,Medium,Low
2284,2024-08-01,Standard,399,6.1,8,0,32,44,Yes,1,Inactive,High,Low,Medium
2285,2023-03-16,Basic,199,10.6,0,1,15,29,No,0,At Risk,Low,Medium,Medium
2286,2024-01-15,Basic,199,11.3,2,1,36,47,Yes,1,Inactive,Low,Medium,Medium
2287,2024-04-05,Basic,199,6.8,6,0,3,17,No,0,At Risk,High,Low,Medium
2288,2023-09-14,Basic,199,8.8,3,4,6,7,Yes,1,Active,Medium,High,Medium
2289,2024-07-08,Premium,699,18.8,3,0,35,30,No,0,At Risk,Medium,Low,High
2290,2023-12-05,Basic,199,23.2,7,1,1,50,Yes,1,Inactive,High,Medium,High
2291,2024-12-14,Basic,199,12.8,3,4,6,17,Yes,1,At Risk,Medium,High,Medium
2292,2023-04-10,Standard,399,19.0,8,5,23,10,Yes,1,Active,High,High,High
2293,2023-02-16,Premium,699,16.8,3,1,2,52,Yes,1,Inactive,Medium,Medium,High
2294,2023-03-04,Premium,699,5.3,3,1,12,8,No,0,Active,Medium,Medium,Medium
2295,2023-07-29,Premium,699,6.0,2,0,29,7,No,0,Active,Low,Low,Medium
2296,2023-06-12,Standard,399,21.0,6,1,20,44,Yes,1,Inactive,High,Medium,High
2297,2024-03-06,Standard,399,0.7,5,0,25,34,Yes,1,Inactive,Medium,Low,Low
2298,2024-03-21,Basic,199,19.2,3,0,6,9,No,0,Active,Medium,Low,High
2299,2024-06-27,Basic,199,7.0,8,5,11,35,No,0,Inactive,High,High,Medium
2300,2023-08-09,Premium,699,22.2,2,4,22,34,No,0,Inactive,Low,High,High
2301,2023-08-08,Standard,399,4.7,7,2,28,20,Yes,1,At Risk,High,Medium,Low
2302,2023-04-04,Premium,699,5.3,4,3,2,49,Yes,1,Inactive,Medium,High,Medium
2303,2024-06-30,Premium,699,20.0,2,0,8,14,No,0,Active,Low,Low,High
2304,2023-08-26,Basic,199,12.2,2,0,36,33,Yes,1,Inactive,Low,Low,Medium
2305,2023-09-05,Basic,199,22.7,8,4,16,34,No,0,Inactive,High,High,High
2306,2023-12-07,Premium,699,2.5,8,4,36,5,Yes,1,Active,High,High,Low
2307,2023-07-30,Premium,699,20.8,0,3,9,31,No,0,Inactive,Low,High,High
2308,2023-03-15,Basic,199,17.6,1,4,15,9,No,0,Active,Low,High,High
2309,2023-12-12,Standard,399,2.5,5,3,35,10,Yes,1,Active,Medium,High,Low
2310,2023-02-01,Basic,199,19.3,0,5,3,44,Yes,1,Inactive,Low,High,High
2311,2023-04-11,Basic,199,4.5,1,0,21,44,Yes,1,Inactive,Low,Low,Low
2312,2023-01-27,Standard,399,16.4,0,5,35,47,No,0,Inactive,Low,High,High
2313,2024-05-31,Premium,699,24.7,5,3,10,43,Yes,1,Inactive,Medium,High,High
2314,2023-06-01,Premium,699,18.9,4,1,19,5,No,0,Active,Medium,Medium,High
2315,2023-06-04,Premium,699,12.2,7,4,35,58,No,0,Inactive,High,High,Medium
2316,2024-06-03,Basic,199,12.8,0,2,19,24,Yes,1,At Risk,Low,Medium,Medium
2317,2023-09-09,Standard,399,1.1,0,0,30,42,Yes,1,Inactive,Low,Low,Low
2318,2024-06-26,Standard,399,16.1,1,2,23,46,Yes,1,Inactive,Low,Medium,High
2319,2023-10-03,Basic,199,9.8,1,1,26,26,Yes,1,At Risk,Low,Medium,Medium
2320,2023-06-24,Premium,699,24.8,5,5,15,3,Yes,1,Active,Medium,High,High
2321,2023-02-24,Premium,699,18.4,8,5,25,2,No,0,Active,High,High,High
2322,2023-01-18,Standard,399,6.4,8,3,14,39,Yes,1,Inactive,High,High,Medium
2323,2023-05-06,Premium,699,5.0,1,0,34,17,No,0,At Risk,Low,Low,Low
2324,2023-01-06,Standard,399,21.0,1,4,17,58,Yes,1,Inactive,Low,High,High
2325,2023-09-12,Standard,399,24.1,2,4,17,60,Yes,1,Inactive,Low,High,High
2326,2023-10-02,Premium,699,9.8,3,4,13,41,Yes,1,Inactive,Medium,High,Medium
2327,2023-10-30,Basic,199,17.0,2,5,10,25,No,0,At Risk,Low,High,High
2328,2023-09-06,Premium,699,13.3,4,3,11,19,Yes,1,At Risk,Medium,High,Medium
2329,2023-09-15,Standard,399,9.5,8,3,9,13,Yes,1,Active,High,High,Medium
2330,2024-02-04,Basic,199,21.9,6,2,30,60,No,0,Inactive,High,Medium,High
2331,2023-07-11,Basic,199,23.7,5,2,23,55,No,0,Inactive,Medium,Medium,High
2332,2023-10-28,Standard,399,18.2,5,2,15,34,Yes,1,Inactive,Medium,Medium,High
2333,2023-10-14,Basic,199,16.9,7,3,2,19,Yes,1,At Risk,High,High,High
2334,2023-08-20,Standard,399,14.6,8,4,33,58,No,0,Inactive,High,High,Medium
2335,2023-10-10,Premium,699,9.5,8,5,7,32,Yes,1,Inactive,High,High,Medium
2336,2023-10-24,Standard,399,11.9,0,5,9,44,Yes,1,Inactive,Low,High,Medium
2337,2023-08-02,Premium,699,24.8,4,1,4,13,No,0,Active,Medium,Medium,High
2338,2023-05-06,Standard,399,20.8,4,4,13,20,No,0,At Risk,Medium,High,High
2339,2024-04-10,Standard,399,20.3,1,0,15,6,No,0,Active,Low,Low,High
2340,2023-07-23,Premium,699,18.2,1,4,30,3,No,0,Active,Low,High,High
2341,2024-10-21,Basic,199,16.0,3,3,6,13,Yes,1,Active,Medium,High,High
2342,2023-03-27,Standard,399,1.5,6,0,15,46,Yes,1,Inactive,High,Low,Low
2343,2024-05-27,Premium,699,12.7,5,3,33,6,Yes,1,Active,Medium,High,Medium
2344,2023-08-02,Standard,399,18.1,8,0,36,0,No,0,Active,High,Low,High
2345,2024-09-03,Basic,199,14.9,5,3,2,7,No,0,Active,Medium,High,Medium
2346,2024-05-24,Premium,699,6.5,6,2,1,30,Yes,1,At Risk,High,Medium,Medium
2347,2023-01-04,Standard,399,20.7,1,5,19,58,Yes,1,Inactive,Low,High,High
2348,2023-11-15,Premium,699,10.1,5,1,14,56,Yes,1,Inactive,Medium,Medium,Medium
2349,2023-04-22,Premium,699,20.3,8,5,5,49,Yes,1,Inactive,High,High,High
2350,2023-01-28,Premium,699,6.0,6,4,19,30,Yes,1,At Risk,High,High,Medium
2351,2023-06-11,Premium,699,19.0,6,1,9,10,No,0,Active,High,Medium,High
2352,2024-03-04,Basic,199,4.1,3,3,33,17,Yes,1,At Risk,Medium,High,Low
2353,2023-10-29,Basic,199,6.8,0,5,6,47,No,0,Inactive,Low,High,Medium
2354,2023-12-12,Basic,199,13.6,0,2,34,40,Yes,1,Inactive,Low,Medium,Medium
2355,2024-06-15,Basic,199,23.4,6,3,32,50,Yes,1,Inactive,High,High,High
2356,2023-02-13,Premium,699,3.4,2,3,7,49,Yes,1,Inactive,Low,High,Low
2357,2024-09-14,Basic,199,13.2,3,2,4,24,Yes,1,At Risk,Medium,Medium,Medium
2358,2023-08-06,Basic,199,10.0,7,0,2,20,No,0,At Risk,High,Low,Medium
2359,2024-03-16,Basic,199,19.3,4,2,12,22,Yes,1,At Risk,Medium,Medium,High
2360,2024-03-10,Premium,699,5.0,1,3,36,40,No,0,Inactive,Low,High,Low
2361,2023-02-11,Premium,699,15.7,8,2,10,18,No,0,At Risk,High,Medium,High
2362,2024-04-03,Basic,199,7.9,8,0,16,50,No,0,Inactive,High,Low,Medium
2363,2024-06-25,Basic,199,7.8,7,5,22,58,Yes,1,Inactive,High,High,Medium
2364,2023-05-08,Basic,199,1.6,3,5,27,23,Yes,1,At Risk,Medium,High,Low
2365,2023-02-18,Basic,199,16.8,7,5,7,44,Yes,1,Inactive,High,High,High
2366,2023-01-17,Premium,699,24.8,1,2,24,18,No,0,At Risk,Low,Medium,High
2367,2024-08-09,Premium,699,24.8,2,3,29,48,Yes,1,Inactive,Low,High,High
2368,2024-10-19,Premium,699,19.3,6,5,27,18,No,0,At Risk,High,High,High
2369,2024-01-10,Premium,699,2.7,8,2,30,9,Yes,1,Active,High,Medium,Low
2370,2023-10-29,Premium,699,16.1,3,1,25,21,No,0,At Risk,Medium,Medium,High
2371,2023-07-09,Basic,199,22.2,3,1,33,56,Yes,1,Inactive,Medium,Medium,High
2372,2023-02-26,Basic,199,19.6,6,3,19,36,Yes,1,Inactive,High,High,High
2373,2024-04-13,Standard,399,24.8,7,1,2,25,No,0,At Risk,High,Medium,High
2374,2023-08-22,Standard,399,16.2,2,5,2,13,Yes,1,Active,Low,High,High
2375,2024-06-16,Premium,699,8.5,5,5,15,15,No,0,At Risk,Medium,High,Medium
2376,2024-02-22,Basic,199,19.0,4,0,36,57,Yes,1,Inactive,Medium,Low,High
2377,2023-05-31,Premium,699,24.5,6,2,8,1,No,0,Active,High,Medium,High
2378,2024-07-17,Standard,399,13.8,2,3,23,42,Yes,1,Inactive,Low,High,Medium
2379,2024-03-12,Standard,399,8.9,1,1,25,0,No,0,Active,Low,Medium,Medium
2380,2023-05-04,Basic,199,19.3,8,2,10,36,Yes,1,Inactive,High,Medium,High
2381,2023-11-15,Standard,399,19.5,6,4,13,9,Yes,1,Active,High,High,High
2382,2024-05-04,Premium,699,15.8,0,0,18,53,No,0,Inactive,Low,Low,High
2383,2024-02-03,Basic,199,0.7,8,3,1,38,Yes,1,Inactive,High,High,Low
2384,2024-11-15,Basic,199,3.4,6,4,4,12,Yes,1,Active,High,High,Low
2385,2024-06-24,Basic,199,20.7,0,0,22,60,Yes,1,Inactive,Low,Low,High
2386,2024-02-22,Basic,199,2.5,1,5,18,20,Yes,1,At Risk,Low,High,Low
2387,2023-02-21,Basic,199,5.3,7,5,34,26,Yes,1,At Risk,High,High,Medium
2388,2024-03-27,Premium,699,5.9,4,2,24,1,No,0,Active,Medium,Medium,Medium
2389,2023-05-24,Standard,399,10.1,0,5,19,60,Yes,1,Inactive,Low,High,Medium
2390,2023-12-19,Premium,699,19.2,6,5,26,8,No,0,Active,High,High,High
2391,2024-01-29,Basic,199,20.1,7,5,36,40,No,0,Inactive,High,High,High
2392,2024-06-20,Basic,199,14.4,1,2,11,1,No,0,Active,Low,Medium,Medium
2393,2023-04-02,Premium,699,6.9,3,1,35,12,No,0,Active,Medium,Medium,Medium
2394,2024-02-15,Basic,199,9.3,2,1,21,22,No,0,At Risk,Low,Medium,Medium
2395,2023-06-18,Basic,199,13.8,1,3,30,0,Yes,1,Active,Low,High,Medium
2396,2024-03-08,Premium,699,2.4,2,0,7,24,Yes,1,At Risk,Low,Low,Low
2397,2024-08-10,Basic,199,24.5,5,1,33,29,Yes,1,At Risk,Medium,Medium,High
2398,2024-07-12,Standard,399,3.5,3,3,25,4,No,0,Active,Medium,High,Low
2399,2023-11-27,Standard,399,7.0,0,5,20,10,No,0,Active,Low,High,Medium
2400,2023-04-07,Basic,199,21.7,4,4,10,2,No,0,Active,Medium,High,High
2401,2023-09-14,Standard,399,7.5,0,1,18,28,Yes,1,At Risk,Low,Medium,Medium
2402,2024-05-26,Basic,199,12.0,1,1,26,57,No,0,Inactive,Low,Medium,Medium
2403,2024-10-16,Premium,699,4.7,2,0,33,0,No,0,Active,Low,Low,Low
2404,2023-09-25,Basic,199,22.4,8,1,32,6,No,0,Active,High,Medium,High
2405,2024-12-04,Premium,699,4.7,8,2,27,47,Yes,1,Inactive,High,Medium,Low
2406,2023-09-06,Premium,699,6.2,6,1,29,55,No,0,Inactive,High,Medium,Medium
2407,2024-08-09,Basic,199,4.8,5,3,33,1,Yes,1,Active,Medium,High,Low
2408,2024-11-28,Standard,399,12.6,8,5,2,40,Yes,1,Inactive,High,High,Medium
2409,2023-08-30,Basic,199,12.2,0,3,30,55,No,0,Inactive,Low,High,Medium
2410,2024-01-21,Standard,399,19.6,2,0,34,23,No,0,At Risk,Low,Low,High
2411,2023-12-02,Premium,699,2.6,2,1,10,14,No,0,Active,Low,Medium,Low
2412,2023-01-16,Premium,699,2.6,6,5,11,55,Yes,1,Inactive,High,High,Low
2413,2023-06-03,Standard,399,24.7,1,5,35,16,No,0,At Risk,Low,High,High
2414,2024-08-04,Premium,699,13.3,2,0,5,36,Yes,1,Inactive,Low,Low,Medium
2415,2024-11-29,Standard,399,19.0,0,4,30,37,Yes,1,Inactive,Low,High,High
2416,2023-01-17,Standard,399,11.0,8,2,16,50,Yes,1,Inactive,High,Medium,Medium
2417,2024-09-11,Basic,199,22.4,0,2,9,51,Yes,1,Inactive,Low,Medium,High
2418,2024-12-09,Premium,699,16.7,8,3,15,46,Yes,1,Inactive,High,High,High
2419,2024-09-16,Standard,399,24.2,2,2,33,56,No,0,Inactive,Low,Medium,High
2420,2024-07-12,Premium,699,15.9,1,2,36,22,Yes,1,At Risk,Low,Medium,High
2421,2024-01-01,Premium,699,24.1,0,5,30,41,Yes,1,Inactive,Low,High,High
2422,2024-07-06,Basic,199,22.4,6,3,16,24,Yes,1,At Risk,High,High,High
2423,2024-09-20,Premium,699,1.1,7,2,12,24,Yes,1,At Risk,High,Medium,Low
2424,2024-09-30,Basic,199,12.6,8,3,30,24,Yes,1,At Risk,High,High,Medium
2425,2023-07-20,Premium,699,12.9,2,1,28,20,No,0,At Risk,Low,Medium,Medium
2426,2024-02-13,Standard,399,19.9,8,2,3,43,Yes,1,Inactive,High,Medium,High
2427,2023-01-31,Premium,699,17.2,3,2,12,3,No,0,Active,Medium,Medium,High
2428,2024-12-03,Premium,699,19.0,6,3,24,46,Yes,1,Inactive,High,High,High
2429,2023-06-30,Standard,399,1.3,1,1,3,17,No,0,At Risk,Low,Medium,Low
2430,2024-02-07,Premium,699,21.4,4,2,22,11,No,0,Active,Medium,Medium,High
2431,2023-09-10,Standard,399,5.3,5,4,26,18,Yes,1,At Risk,Medium,High,Medium
2432,2023-07-19,Premium,699,17.2,4,3,9,53,No,0,Inactive,Medium,High,High
2433,2023-12-02,Premium,699,8.8,2,2,7,5,No,0,Active,Low,Medium,Medium
2434,2024-02-03,Basic,199,19.2,7,1,35,58,No,0,Inactive,High,Medium,High
2435,2024-09-14,Basic,199,10.4,3,5,11,14,Yes,1,Active,Medium,High,Medium
2436,2024-01-14,Premium,699,3.0,8,0,24,35,Yes,1,Inactive,High,Low,Low
2437,2024-07-26,Standard,399,23.8,7,4,2,16,No,0,At Risk,High,High,High
2438,2023-08-18,Standard,399,15.4,7,5,2,18,No,0,At Risk,High,High,High
2439,2024-08-13,Basic,199,8.0,1,5,13,57,Yes,1,Inactive,Low,High,Medium
2440,2024-12-22,Basic,199,22.9,7,1,8,3,Yes,1,Active,High,Medium,High
2441,2024-02-08,Standard,399,7.1,0,0,16,53,No,0,Inactive,Low,Low,Medium
2442,2023-07-27,Standard,399,8.5,7,0,6,20,No,0,At Risk,High,Low,Medium
2443,2024-03-05,Basic,199,18.4,5,4,14,56,Yes,1,Inactive,Medium,High,High
2444,2023-01-17,Standard,399,2.9,6,3,34,54,Yes,1,Inactive,High,High,Low
2445,2023-04-22,Premium,699,23.8,2,5,18,55,No,0,Inactive,Low,High,High
2446,2024-06-25,Standard,399,1.4,5,1,6,29,Yes,1,At Risk,Medium,Medium,Low
2447,2024-05-04,Basic,199,12.1,0,4,34,46,No,0,Inactive,Low,High,Medium
2448,2023-12-23,Basic,199,9.3,3,4,18,33,Yes,1,Inactive,Medium,High,Medium
2449,2024-03-14,Standard,399,22.3,5,4,11,51,No,0,Inactive,Medium,High,High
2450,2024-07-05,Standard,399,23.9,8,3,4,50,No,0,Inactive,High,High,High
2451,2024-06-06,Standard,399,7.8,2,1,18,31,No,0,Inactive,Low,Medium,Medium
2452,2024-01-08,Standard,399,13.8,5,5,18,37,Yes,1,Inactive,Medium,High,Medium
2453,2023-03-26,Standard,399,4.9,2,2,19,39,No,0,Inactive,Low,Medium,Low
2454,2023-02-10,Premium,699,24.6,0,1,28,59,No,0,Inactive,Low,Medium,High
2455,2023-08-26,Basic,199,20.1,5,5,10,14,No,0,Active,Medium,High,High
2456,2023-08-02,Basic,199,3.7,1,2,16,55,Yes,1,Inactive,Low,Medium,Low
2457,2024-03-11,Basic,199,8.8,0,4,21,13,No,0,Active,Low,High,Medium
2458,2024-06-21,Premium,699,17.2,4,2,12,18,No,0,At Risk,Medium,Medium,High
2459,2024-12-07,Premium,699,10.0,7,1,25,31,No,0,Inactive,High,Medium,Medium
2460,2024-02-28,Basic,199,11.5,7,5,28,60,Yes,1,Inactive,High,High,Medium
2461,2024-01-13,Basic,199,3.7,8,5,1,45,Yes,1,Inactive,High,High,Low
2462,2023-06-27,Standard,399,23.8,1,4,14,13,No,0,Active,Low,High,High
2463,2023-03-06,Premium,699,20.3,1,5,35,8,Yes,1,Active,Low,High,High
2464,2023-03-02,Basic,199,15.4,0,5,13,19,No,0,At Risk,Low,High,High
2465,2023-06-13,Standard,399,22.2,8,1,1,26,Yes,1,At Risk,High,Medium,High
2466,2024-02-18,Basic,199,11.8,0,4,36,10,No,0,Active,Low,High,Medium
2467,2024-04-20,Premium,699,16.8,2,1,6,57,No,0,Inactive,Low,Medium,High
2468,2023-05-19,Standard,399,18.8,5,4,17,40,Yes,1,Inactive,Medium,High,High
2469,2024-06-07,Standard,399,21.6,0,2,10,9,No,0,Active,Low,Medium,High
2470,2023-02-24,Premium,699,9.9,8,1,30,46,Yes,1,Inactive,High,Medium,Medium
2471,2024-04-13,Premium,699,18.1,1,5,12,30,Yes,1,At Risk,Low,High,High
2472,2023-07-10,Premium,699,5.4,3,4,14,41,Yes,1,Inactive,Medium,High,Medium
2473,2023-08-08,Basic,199,5.0,2,4,21,36,No,0,Inactive,Low,High,Low
2474,2024-11-04,Premium,699,22.1,1,5,27,27,No,0,At Risk,Low,High,High
2475,2023-06-20,Premium,699,16.2,3,4,5,35,Yes,1,Inactive,Medium,High,High
2476,2023-07-28,Standard,399,17.7,3,4,24,54,No,0,Inactive,Medium,High,High
2477,2024-10-22,Standard,399,23.5,4,3,36,7,Yes,1,Active,Medium,High,High
2478,2024-08-07,Standard,399,5.9,6,2,32,15,No,0,At Risk,High,Medium,Medium
2479,2023-07-04,Standard,399,21.7,7,4,17,45,Yes,1,Inactive,High,High,High
2480,2023-12-06,Standard,399,0.6,2,3,29,4,Yes,1,Active,Low,High,Low
2481,2024-12-25,Basic,199,19.1,7,5,30,7,Yes,1,Active,High,High,High
2482,2023-01-29,Standard,399,14.7,8,4,9,15,Yes,1,At Risk,High,High,Medium
2483,2023-02-25,Premium,699,3.8,5,3,7,46,Yes,1,Inactive,Medium,High,Low
2484,2024-09-13,Premium,699,4.7,0,2,13,48,Yes,1,Inactive,Low,Medium,Low
2485,2023-08-04,Premium,699,13.2,8,4,30,28,Yes,1,At Risk,High,High,Medium
2486,2024-02-08,Premium,699,16.9,5,1,24,15,No,0,At Risk,Medium,Medium,High
2487,2024-10-22,Basic,199,5.4,4,2,3,15,No,0,At Risk,Medium,Medium,Medium
2488,2023-08-04,Basic,199,3.2,1,2,21,53,No,0,Inactive,Low,Medium,Low
2489,2024-08-23,Premium,699,1.1,2,5,6,36,Yes,1,Inactive,Low,High,Low
2490,2024-10-31,Premium,699,16.8,1,2,23,12,No,0,Active,Low,Medium,High
2491,2024-04-26,Premium,699,5.2,3,0,33,36,No,0,Inactive,Medium,Low,Medium
2492,2023-05-29,Basic,199,17.3,7,0,14,38,No,0,Inactive,High,Low,High
2493,2024-12-04,Standard,399,16.0,2,0,4,13,No,0,Active,Low,Low,High
2494,2024-11-20,Premium,699,10.5,2,0,30,7,No,0,Active,Low,Low,Medium
2495,2023-02-12,Basic,199,3.3,6,0,8,8,No,0,Active,High,Low,Low
2496,2024-03-24,Basic,199,11.4,5,5,3,47,No,0,Inactive,Medium,High,Medium
2497,2024-03-17,Basic,199,23.2,3,0,13,18,No,0,At Risk,Medium,Low,High
2498,2024-11-12,Standard,399,5.6,0,5,22,11,No,0,Active,Low,High,Medium
2499,2023-01-24,Standard,399,3.0,4,1,34,6,Yes,1,Active,Medium,Medium,Low
2500,2024-11-11,Premium,699,15.8,2,2,26,55,Yes,1,Inactive,Low,Medium,High
2501,2024-08-28,Standard,399,4.2,4,3,9,8,Yes,1,Active,Medium,High,Low
2502,2023-03-09,Basic,199,24.9,5,5,24,24,No,0,At Risk,Medium,High,High
2503,2023-12-20,Premium,699,20.2,3,5,1,42,Yes,1,Inactive,Medium,High,High
2504,2023-10-10,Basic,199,20.7,1,1,32,29,Yes,1,At Risk,Low,Medium,High
2505,2023-11-11,Basic,199,23.4,8,2,28,34,Yes,1,Inactive,High,Medium,High
2506,2023-06-09,Basic,199,21.2,4,0,14,56,No,0,Inactive,Medium,Low,High
2507,2023-06-15,Basic,199,24.8,0,3,10,7,No,0,Active,Low,High,High
2508,2023-03-04,Standard,399,14.2,4,0,15,10,No,0,Active,Medium,Low,Medium
2509,2023-10-16,Standard,399,11.1,0,3,6,14,Yes,1,Active,Low,High,Medium
2510,2024-10-08,Premium,699,8.9,4,1,7,52,No,0,Inactive,Medium,Medium,Medium
2511,2023-01-18,Premium,699,5.9,4,0,1,15,Yes,1,At Risk,Medium,Low,Medium
2512,2024-10-17,Premium,699,22.7,6,3,24,36,No,0,Inactive,High,High,High
2513,2024-08-27,Standard,399,10.9,4,4,24,4,Yes,1,Active,Medium,High,Medium
2514,2024-05-06,Premium,699,9.6,6,1,23,60,Yes,1,Inactive,High,Medium,Medium
2515,2023-02-15,Basic,199,21.0,4,3,9,27,Yes,1,At Risk,Medium,High,High
2516,2024-02-27,Premium,699,19.3,8,0,4,2,Yes,1,Active,High,Low,High
2517,2024-05-15,Premium,699,3.0,6,2,15,48,Yes,1,Inactive,High,Medium,Low
2518,2024-11-17,Basic,199,13.1,8,0,28,33,Yes,1,Inactive,High,Low,Medium
2519,2024-12-22,Standard,399,3.1,0,5,29,6,No,0,Active,Low,High,Low
2520,2023-09-10,Basic,199,2.6,8,0,30,26,Yes,1,At Risk,High,Low,Low
2521,2023-10-22,Basic,199,18.0,5,0,30,3,No,0,Active,Medium,Low,High
2522,2023-06-29,Standard,399,23.9,7,2,34,12,No,0,Active,High,Medium,High
2523,2024-06-24,Basic,199,1.1,6,1,13,22,Yes,1,At Risk,High,Medium,Low
2524,2023-07-29,Premium,699,11.4,6,4,23,16,Yes,1,At Risk,High,High,Medium
2525,2023-07-25,Basic,199,0.6,3,5,36,51,No,0,Inactive,Medium,High,Low
2526,2024-02-08,Premium,699,4.3,7,2,26,53,Yes,1,Inactive,High,Medium,Low
2527,2024-12-17,Standard,399,2.4,1,4,10,15,No,0,At Risk,Low,High,Low
2528,2023-11-15,Standard,399,1.3,4,3,2,26,Yes,1,At Risk,Medium,High,Low
2529,2024-11-13,Standard,399,19.0,1,0,2,28,No,0,At Risk,Low,Low,High
2530,2024-08-22,Standard,399,22.9,0,0,8,47,No,0,Inactive,Low,Low,High
2531,2024-12-17,Basic,199,19.3,8,0,35,52,No,0,Inactive,High,Low,High
2532,2023-03-09,Premium,699,14.6,5,1,18,42,No,0,Inactive,Medium,Medium,Medium
2533,2024-10-24,Standard,399,1.5,8,0,12,51,Yes,1,Inactive,High,Low,Low
2534,2024-10-16,Premium,699,23.3,6,4,32,33,No,0,Inactive,High,High,High
2535,2024-01-27,Basic,199,5.4,7,5,5,7,No,0,Active,High,High,Medium
2536,2023-04-12,Premium,699,18.9,1,3,36,58,Yes,1,Inactive,Low,High,High
2537,2023-09-12,Basic,199,12.4,0,3,14,30,Yes,1,At Risk,Low,High,Medium
2538,2024-06-11,Basic,199,19.2,6,1,12,13,No,0,Active,High,Medium,High
2539,2023-03-10,Premium,699,14.8,1,4,19,28,No,0,At Risk,Low,High,Medium
2540,2024-04-23,Premium,699,4.5,6,5,17,8,Yes,1,Active,High,High,Low
2541,2023-02-26,Basic,199,11.8,8,1,33,6,Yes,1,Active,High,Medium,Medium
2542,2024-07-12,Basic,199,16.0,4,0,2,54,No,0,Inactive,Medium,Low,High
2543,2024-08-21,Basic,199,9.5,8,4,16,32,No,0,Inactive,High,High,Medium
2544,2024-07-04,Standard,399,22.5,1,3,10,1,No,0,Active,Low,High,High
2545,2023-03-14,Premium,699,23.2,8,0,19,52,No,0,Inactive,High,Low,High
2546,2023-05-04,Premium,699,22.4,4,4,26,8,Yes,1,Active,Medium,High,High
2547,2024-01-18,Standard,399,13.3,3,4,23,28,No,0,At Risk,Medium,High,Medium
2548,2024-03-04,Standard,399,13.7,0,0,1,16,No,0,At Risk,Low,Low,Medium
2549,2024-07-30,Standard,399,12.1,1,1,21,53,Yes,1,Inactive,Low,Medium,Medium
2550,2023-06-11,Basic,199,15.1,1,5,20,42,Yes,1,Inactive,Low,High,High
2551,2024-07-27,Premium,699,17.0,4,1,32,38,No,0,Inactive,Medium,Medium,High
2552,2024-05-03,Premium,699,11.9,6,4,10,60,No,0,Inactive,High,High,Medium
2553,2023-04-01,Premium,699,7.0,5,1,4,45,Yes,1,Inactive,Medium,Medium,Medium
2554,2024-10-19,Premium,699,3.3,6,0,28,31,No,0,Inactive,High,Low,Low
2555,2024-01-22,Basic,199,12.4,8,4,12,14,Yes,1,Active,High,High,Medium
2556,2024-11-05,Standard,399,19.6,7,4,7,51,No,0,Inactive,High,High,High
2557,2024-10-17,Premium,699,5.0,0,4,26,59,Yes,1,Inactive,Low,High,Low
2558,2024-03-15,Standard,399,9.9,3,5,25,16,No,0,At Risk,Medium,High,Medium
2559,2023-06-06,Basic,199,11.6,4,1,18,4,No,0,Active,Medium,Medium,Medium
2560,2023-09-06,Premium,699,3.0,2,1,22,59,Yes,1,Inactive,Low,Medium,Low
2561,2024-08-10,Premium,699,7.2,8,1,27,0,No,0,Active,High,Medium,Medium
2562,2023-02-12,Basic,199,13.6,8,5,18,32,Yes,1,Inactive,High,High,Medium
2563,2024-06-23,Standard,399,24.6,6,3,9,9,No,0,Active,High,High,High
2564,2023-04-26,Standard,399,10.9,1,0,5,19,Yes,1,At Risk,Low,Low,Medium
2565,2023-08-27,Premium,699,9.3,2,1,16,45,No,0,Inactive,Low,Medium,Medium
2566,2023-02-14,Basic,199,18.1,0,2,31,11,No,0,Active,Low,Medium,High
2567,2024-12-18,Standard,399,14.1,1,3,21,21,No,0,At Risk,Low,High,Medium
2568,2023-05-08,Basic,199,9.3,4,2,11,31,Yes,1,Inactive,Medium,Medium,Medium
2569,2023-01-29,Premium,699,11.0,0,1,7,44,Yes,1,Inactive,Low,Medium,Medium
2570,2023-03-08,Premium,699,10.4,1,3,27,48,No,0,Inactive,Low,High,Medium
2571,2023-02-12,Premium,699,17.7,8,4,9,48,Yes,1,Inactive,High,High,High
2572,2023-05-29,Premium,699,23.9,0,3,35,29,No,0,At Risk,Low,High,High
2573,2023-04-18,Basic,199,2.5,4,3,18,33,Yes,1,Inactive,Medium,High,Low
2574,2024-07-13,Basic,199,15.8,6,5,21,24,No,0,At Risk,High,High,High
2575,2024-09-25,Standard,399,15.6,3,5,35,37,Yes,1,Inactive,Medium,High,High
2576,2023-04-03,Premium,699,8.1,8,3,29,36,Yes,1,Inactive,High,High,Medium
2577,2024-09-20,Standard,399,14.9,5,5,22,3,Yes,1,Active,Medium,High,Medium
2578,2024-01-26,Basic,199,1.9,7,2,12,15,Yes,1,At Risk,High,Medium,Low
2579,2023-03-05,Premium,699,9.1,1,3,3,5,No,0,Active,Low,High,Medium
2580,2023-09-12,Basic,199,18.9,8,3,35,13,Yes,1,Active,High,High,High
2581,2024-01-24,Standard,399,3.0,4,2,9,23,Yes,1,At Risk,Medium,Medium,Low
2582,2024-08-17,Standard,399,1.7,4,1,1,19,No,0,At Risk,Medium,Medium,Low
2583,2024-07-24,Standard,399,1.7,6,3,12,43,Yes,1,Inactive,High,High,Low
2584,2023-09-26,Premium,699,11.1,6,0,28,20,No,0,At Risk,High,Low,Medium
2585,2024-05-16,Basic,199,20.6,4,2,1,27,No,0,At Risk,Medium,Medium,High
2586,2023-11-12,Standard,399,13.7,0,4,22,28,No,0,At Risk,Low,High,Medium
2587,2023-09-06,Standard,399,5.2,8,4,15,1,Yes,1,Active,High,High,Medium
2588,2024-03-04,Standard,399,20.1,6,1,17,54,No,0,Inactive,High,Medium,High
2589,2023-12-22,Standard,399,1.8,6,5,19,21,Yes,1,At Risk,High,High,Low
2590,2023-06-29,Basic,199,0.7,6,1,4,54,Yes,1,Inactive,High,Medium,Low
2591,2024-11-03,Basic,199,4.9,7,3,19,56,Yes,1,Inactive,High,High,Low
2592,2023-04-17,Standard,399,10.3,5,4,20,4,Yes,1,Active,Medium,High,Medium
2593,2024-05-30,Basic,199,7.4,1,0,12,23,No,0,At Risk,Low,Low,Medium
2594,2024-07-03,Standard,399,20.0,6,0,35,0,No,0,Active,High,Low,High
2595,2024-07-26,Basic,199,12.1,8,3,7,30,Yes,1,At Risk,High,High,Medium
2596,2024-01-02,Basic,199,21.9,2,4,13,38,No,0,Inactive,Low,High,High
2597,2024-02-23,Standard,399,23.3,4,3,1,8,No,0,Active,Medium,High,High
2598,2023-06-18,Standard,399,16.1,6,0,11,9,No,0,Active,High,Low,High
2599,2023-12-17,Basic,199,13.5,3,5,14,48,No,0,Inactive,Medium,High,Medium
2600,2023-12-25,Basic,199,9.0,6,4,28,3,Yes,1,Active,High,High,Medium
2601,2023-05-07,Premium,699,9.5,4,4,11,11,Yes,1,Active,Medium,High,Medium
2602,2024-01-06,Premium,699,17.5,3,4,36,20,No,0,At Risk,Medium,High,High
2603,2023-10-20,Standard,399,1.3,6,2,4,19,Yes,1,At Risk,High,Medium,Low
2604,2023-04-25,Premium,699,8.8,2,1,30,54,No,0,Inactive,Low,Medium,Medium
2605,2024-05-18,Basic,199,4.3,7,2,13,49,Yes,1,Inactive,High,Medium,Low
2606,2024-10-22,Premium,699,11.5,6,1,6,15,No,0,At Risk,High,Medium,Medium
2607,2024-07-05,Premium,699,12.5,0,1,11,55,No,0,Inactive,Low,Medium,Medium
2608,2024-07-09,Standard,399,20.6,7,2,11,45,Yes,1,Inactive,High,Medium,High
2609,2023-12-03,Basic,199,15.4,6,1,5,52,Yes,1,Inactive,High,Medium,High
2610,2023-05-29,Premium,699,1.3,3,2,13,46,Yes,1,Inactive,Medium,Medium,Low
2611,2024-12-17,Standard,399,8.6,3,2,15,0,Yes,1,Active,Medium,Medium,Medium
2612,2024-06-10,Premium,699,13.1,6,3,7,30,Yes,1,At Risk,High,High,Medium
2613,2024-11-17,Basic,199,9.0,2,2,28,16,Yes,1,At Risk,Low,Medium,Medium
2614,2024-01-06,Standard,399,6.9,0,4,17,13,No,0,Active,Low,High,Medium
2615,2023-04-20,Premium,699,12.1,3,3,5,45,No,0,Inactive,Medium,High,Medium
2616,2024-05-29,Basic,199,6.4,1,1,21,34,No,0,Inactive,Low,Medium,Medium
2617,2024-08-23,Premium,699,21.9,6,4,17,36,Yes,1,Inactive,High,High,High
2618,2024-12-20,Premium,699,19.5,0,2,33,20,No,0,At Risk,Low,Medium,High
2619,2023-08-27,Basic,199,3.1,7,5,31,8,Yes,1,Active,High,High,Low
2620,2023-06-29,Basic,199,21.6,8,5,6,24,Yes,1,At Risk,High,High,High
2621,2023-06-16,Standard,399,22.7,8,5,9,14,No,0,Active,High,High,High
2622,2024-11-06,Premium,699,6.3,1,1,16,7,No,0,Active,Low,Medium,Medium
2623,2024-06-13,Premium,699,1.2,2,4,32,13,No,0,Active,Low,High,Low
2624,2023-02-15,Premium,699,17.9,8,1,4,10,Yes,1,Active,High,Medium,High
2625,2024-06-18,Basic,199,5.0,2,0,1,1,Yes,1,Active,Low,Low,Low
2626,2024-10-08,Standard,399,11.1,1,0,30,58,Yes,1,Inactive,Low,Low,Medium
2627,2024-07-14,Premium,699,23.0,7,5,36,24,Yes,1,At Risk,High,High,High
2628,2023-08-29,Basic,199,5.1,6,0,19,18,Yes,1,At Risk,High,Low,Medium
2629,2024-06-06,Premium,699,23.2,3,5,19,60,Yes,1,Inactive,Medium,High,High
2630,2023-11-13,Basic,199,7.3,8,5,31,8,Yes,1,Active,High,High,Medium
2631,2023-01-18,Standard,399,20.9,1,0,21,0,No,0,Active,Low,Low,High
2632,2023-12-04,Standard,399,22.9,0,2,26,52,No,0,Inactive,Low,Medium,High
2633,2023-02-17,Premium,699,11.2,1,2,25,1,No,0,Active,Low,Medium,Medium
2634,2023-01-14,Standard,399,24.3,6,3,28,17,Yes,1,At Risk,High,High,High
2635,2023-08-19,Premium,699,22.9,4,0,26,45,Yes,1,Inactive,Medium,Low,High
2636,2024-08-28,Standard,399,20.3,8,2,1,6,Yes,1,Active,High,Medium,High
2637,2023-07-19,Standard,399,1.5,0,2,31,49,Yes,1,Inactive,Low,Medium,Low
2638,2024-08-04,Standard,399,13.9,4,4,27,9,Yes,1,Active,Medium,High,Medium
2639,2024-03-19,Premium,699,4.4,7,0,26,33,Yes,1,Inactive,High,Low,Low
2640,2024-11-07,Premium,699,13.2,1,3,36,33,No,0,Inactive,Low,High,Medium
2641,2024-08-28,Premium,699,19.6,1,2,32,1,No,0,Active,Low,Medium,High
2642,2023-01-24,Standard,399,9.4,1,4,12,29,No,0,At Risk,Low,High,Medium
2643,2024-01-03,Premium,699,3.6,1,1,16,27,No,0,At Risk,Low,Medium,Low
2644,2023-03-22,Standard,399,14.6,2,3,34,0,Yes,1,Active,Low,High,Medium
2645,2024-04-17,Premium,699,19.1,5,1,1,60,Yes,1,Inactive,Medium,Medium,High
2646,2024-12-24,Standard,399,13.0,1,3,22,31,Yes,1,Inactive,Low,High,Medium
2647,2023-04-09,Basic,199,12.5,6,4,9,11,No,0,Active,High,High,Medium
2648,2023-05-22,Premium,699,4.0,1,4,36,45,Yes,1,Inactive,Low,High,Low
2649,2024-06-08,Standard,399,4.8,2,4,18,60,Yes,1,Inactive,Low,High,Low
2650,2023-05-16,Premium,699,11.5,4,5,5,46,Yes,1,Inactive,Medium,High,Medium
2651,2023-02-16,Basic,199,9.0,4,2,36,31,No,0,Inactive,Medium,Medium,Medium
2652,2023-05-10,Standard,399,19.6,2,0,28,54,No,0,Inactive,Low,Low,High
2653,2024-02-13,Standard,399,20.8,0,5,32,3,Yes,1,Active,Low,High,High
2654,2023-05-20,Basic,199,10.5,0,3,22,10,Yes,1,Active,Low,High,Medium
2655,2023-12-02,Standard,399,24.8,8,1,31,58,No,0,Inactive,High,Medium,High
2656,2024-06-13,Premium,699,0.6,1,3,18,33,Yes,1,Inactive,Low,High,Low
2657,2024-03-05,Basic,199,17.4,7,1,11,5,Yes,1,Active,High,Medium,High
2658,2023-03-02,Basic,199,23.6,8,2,25,0,Yes,1,Active,High,Medium,High
2659,2023-01-02,Standard,399,16.2,0,0,36,7,No,0,Active,Low,Low,High
2660,2024-03-13,Premium,699,21.2,1,5,12,5,Yes,1,Active,Low,High,High
2661,2023-05-20,Basic,199,18.7,3,3,3,3,No,0,Active,Medium,High,High
2662,2023-01-16,Basic,199,1.3,1,3,3,37,Yes,1,Inactive,Low,High,Low
2663,2024-07-29,Basic,199,6.8,1,4,31,36,No,0,Inactive,Low,High,Medium
2664,2024-06-18,Premium,699,17.6,3,5,21,9,No,0,Active,Medium,High,High
2665,2023-09-21,Standard,399,15.0,3,3,27,22,Yes,1,At Risk,Medium,High,Medium
2666,2024-06-11,Standard,399,19.3,6,5,31,5,No,0,Active,High,High,High
2667,2023-03-14,Basic,199,5.5,4,4,31,5,Yes,1,Active,Medium,High,Medium
2668,2024-09-17,Basic,199,8.6,2,2,17,49,Yes,1,Inactive,Low,Medium,Medium
2669,2024-01-04,Standard,399,17.3,1,3,15,57,Yes,1,Inactive,Low,High,High
2670,2024-03-06,Standard,399,13.3,3,2,17,55,No,0,Inactive,Medium,Medium,Medium
2671,2024-03-15,Premium,699,10.4,4,4,4,27,Yes,1,At Risk,Medium,High,Medium
2672,2024-07-08,Standard,399,14.9,3,5,13,16,No,0,At Risk,Medium,High,Medium
2673,2024-10-07,Premium,699,13.9,2,2,13,51,Yes,1,Inactive,Low,Medium,Medium
2674,2024-04-01,Standard,399,22.9,8,0,26,21,Yes,1,At Risk,High,Low,High
2675,2023-12-27,Standard,399,17.8,6,2,18,28,Yes,1,At Risk,High,Medium,High
2676,2023-01-10,Basic,199,24.0,2,1,24,36,Yes,1,Inactive,Low,Medium,High
2677,2024-10-06,Premium,699,13.8,5,2,3,6,Yes,1,Active,Medium,Medium,Medium
2678,2023-04-13,Premium,699,18.4,1,1,20,6,No,0,Active,Low,Medium,High
2679,2023-12-03,Standard,399,23.6,1,4,33,43,Yes,1,Inactive,Low,High,High
2680,2024-10-11,Standard,399,17.2,0,5,29,44,Yes,1,Inactive,Low,High,High
2681,2023-10-02,Basic,199,18.1,5,1,26,20,No,0,At Risk,Medium,Medium,High
2682,2024-03-24,Premium,699,17.2,0,0,6,42,Yes,1,Inactive,Low,Low,High
2683,2024-12-17,Standard,399,21.9,0,0,23,10,No,0,Active,Low,Low,High
2684,2023-07-07,Basic,199,8.3,5,1,6,55,No,0,Inactive,Medium,Medium,Medium
2685,2024-05-19,Standard,399,11.3,5,0,17,28,Yes,1,At Risk,Medium,Low,Medium
2686,2023-12-29,Basic,199,17.8,2,3,29,38,Yes,1,Inactive,Low,High,High
2687,2023-02-19,Premium,699,16.3,3,5,24,48,No,0,Inactive,Medium,High,High
2688,2023-07-28,Basic,199,7.6,3,2,26,49,No,0,Inactive,Medium,Medium,Medium
2689,2023-08-08,Premium,699,0.6,5,1,8,60,Yes,1,Inactive,Medium,Medium,Low
2690,2024-10-03,Standard,399,12.9,4,0,3,4,No,0,Active,Medium,Low,Medium
2691,2024-07-12,Premium,699,23.9,5,4,7,39,No,0,Inactive,Medium,High,High
2692,2023-05-31,Standard,399,19.1,3,2,23,43,Yes,1,Inactive,Medium,Medium,High
2693,2024-08-06,Basic,199,10.0,0,0,24,26,No,0,At Risk,Low,Low,Medium
2694,2024-07-14,Premium,699,16.3,6,4,1,27,No,0,At Risk,High,High,High
2695,2024-12-13,Basic,199,13.9,7,3,5,16,Yes,1,At Risk,High,High,Medium
2696,2024-11-09,Basic,199,12.8,2,5,31,56,No,0,Inactive,Low,High,Medium
2697,2024-05-17,Basic,199,8.0,5,1,19,1,Yes,1,Active,Medium,Medium,Medium
2698,2023-06-14,Standard,399,19.1,2,2,25,20,Yes,1,At Risk,Low,Medium,High
2699,2023-11-17,Premium,699,20.8,1,3,23,13,No,0,Active,Low,High,High
2700,2023-09-18,Standard,399,22.5,2,2,9,6,No,0,Active,Low,Medium,High
2701,2023-12-05,Basic,199,15.9,2,1,4,50,Yes,1,Inactive,Low,Medium,High
2702,2024-03-07,Basic,199,0.9,0,4,5,2,No,0,Active,Low,High,Low
2703,2024-07-23,Premium,699,9.2,0,5,3,48,No,0,Inactive,Low,High,Medium
2704,2023-04-01,Standard,399,6.7,0,1,33,56,No,0,Inactive,Low,Medium,Medium
2705,2024-11-25,Standard,399,11.4,2,4,26,59,Yes,1,Inactive,Low,High,Medium
2706,2024-08-02,Standard,399,8.7,8,4,30,28,Yes,1,At Risk,High,High,Medium
2707,2023-08-25,Basic,199,4.7,6,2,6,10,Yes,1,Active,High,Medium,Low
2708,2024-04-13,Basic,199,16.9,2,0,27,56,No,0,Inactive,Low,Low,High
2709,2023-01-26,Standard,399,13.3,1,2,23,29,No,0,At Risk,Low,Medium,Medium
2710,2023-06-15,Premium,699,0.5,7,0,9,5,No,0,Active,High,Low,Low
2711,2023-04-12,Basic,199,0.6,3,3,36,44,No,0,Inactive,Medium,High,Low
2712,2024-05-15,Premium,699,2.2,8,0,11,33,Yes,1,Inactive,High,Low,Low
2713,2024-05-30,Premium,699,17.3,1,3,1,6,No,0,Active,Low,High,High
2714,2024-08-25,Standard,399,13.6,5,4,14,35,Yes,1,Inactive,Medium,High,Medium
2715,2024-01-26,Standard,399,17.4,7,1,30,45,No,0,Inactive,High,Medium,High
2716,2024-07-01,Premium,699,1.6,0,2,34,58,Yes,1,Inactive,Low,Medium,Low
2717,2024-08-18,Premium,699,2.1,6,4,14,60,Yes,1,Inactive,High,High,Low
2718,2023-02-24,Standard,399,20.2,4,2,12,56,Yes,1,Inactive,Medium,Medium,High
2719,2023-06-16,Premium,699,24.9,2,1,7,46,No,0,Inactive,Low,Medium,High
2720,2024-10-02,Basic,199,4.9,3,4,4,18,Yes,1,At Risk,Medium,High,Low
2721,2023-10-13,Basic,199,16.7,2,0,9,16,Yes,1,At Risk,Low,Low,High
2722,2023-04-23,Standard,399,16.5,2,5,18,55,Yes,1,Inactive,Low,High,High
2723,2024-12-18,Basic,199,24.4,5,4,27,38,Yes,1,Inactive,Medium,High,High
2724,2023-02-21,Basic,199,18.5,0,1,9,2,No,0,Active,Low,Medium,High
2725,2024-01-03,Standard,399,5.9,2,1,10,45,No,0,Inactive,Low,Medium,Medium
2726,2023-05-14,Basic,199,6.5,3,0,7,57,No,0,Inactive,Medium,Low,Medium
2727,2023-01-03,Premium,699,10.7,0,3,6,16,No,0,At Risk,Low,High,Medium
2728,2024-02-12,Premium,699,8.9,3,3,4,29,Yes,1,At Risk,Medium,High,Medium
2729,2023-01-24,Premium,699,15.5,3,1,7,49,Yes,1,Inactive,Medium,Medium,High
2730,2024-12-03,Premium,699,24.8,1,3,11,43,No,0,Inactive,Low,High,High
2731,2023-06-12,Premium,699,12.0,6,4,5,2,No,0,Active,High,High,Medium
2732,2024-07-08,Premium,699,5.8,0,2,34,15,No,0,At Risk,Low,Medium,Medium
2733,2023-07-27,Standard,399,15.7,6,1,5,9,No,0,Active,High,Medium,High
2734,2024-01-13,Basic,199,12.4,8,0,27,23,Yes,1,At Risk,High,Low,Medium
2735,2023-06-06,Standard,399,11.8,0,3,26,14,No,0,Active,Low,High,Medium
2736,2023-10-21,Basic,199,20.2,5,2,33,3,Yes,1,Active,Medium,Medium,High
2737,2024-12-02,Standard,399,16.6,7,3,20,25,No,0,At Risk,High,High,High
2738,2024-09-11,Standard,399,18.1,6,2,13,0,Yes,1,Active,High,Medium,High
2739,2023-05-01,Standard,399,11.6,2,1,11,24,Yes,1,At Risk,Low,Medium,Medium
2740,2023-05-21,Basic,199,24.2,4,1,19,50,Yes,1,Inactive,Medium,Medium,High
2741,2023-06-04,Premium,699,23.6,8,5,22,20,Yes,1,At Risk,High,High,High
2742,2024-08-31,Basic,199,21.3,0,4,33,47,Yes,1,Inactive,Low,High,High
2743,2023-11-15,Premium,699,18.6,6,1,7,40,Yes,1,Inactive,High,Medium,High
2744,2023-12-13,Premium,699,16.6,6,2,6,14,Yes,1,Active,High,Medium,High
2745,2024-11-13,Basic,199,18.1,4,3,9,11,No,0,Active,Medium,High,High
2746,2023-02-05,Basic,199,13.5,3,1,24,16,No,0,At Risk,Medium,Medium,Medium
2747,2023-01-29,Premium,699,2.4,5,5,16,33,Yes,1,Inactive,Medium,High,Low
2748,2024-07-31,Standard,399,9.6,7,5,18,24,No,0,At Risk,High,High,Medium
2749,2023-10-02,Premium,699,12.7,7,3,18,37,Yes,1,Inactive,High,High,Medium
2750,2024-04-28,Premium,699,23.7,5,1,22,27,Yes,1,At Risk,Medium,Medium,High
2751,2023-08-02,Standard,399,10.0,8,3,26,51,Yes,1,Inactive,High,High,Medium
2752,2024-12-15,Standard,399,2.4,5,2,9,23,Yes,1,At Risk,Medium,Medium,Low
2753,2023-07-09,Basic,199,23.2,4,4,22,5,No,0,Active,Medium,High,High
2754,2024-04-02,Standard,399,8.4,5,4,10,24,Yes,1,At Risk,Medium,High,Medium
2755,2023-10-10,Basic,199,21.4,3,0,8,29,No,0,At Risk,Medium,Low,High
2756,2023-10-20,Basic,199,9.5,1,2,16,11,No,0,Active,Low,Medium,Medium
2757,2024-03-01,Basic,199,16.4,3,1,17,50,No,0,Inactive,Medium,Medium,High
2758,2024-04-08,Basic,199,19.5,4,1,20,45,No,0,Inactive,Medium,Medium,High
2759,2024-11-28,Premium,699,5.9,7,1,27,6,No,0,Active,High,Medium,Medium
2760,2023-12-31,Basic,199,13.6,1,3,2,60,Yes,1,Inactive,Low,High,Medium
2761,2023-04-05,Basic,199,23.3,1,2,10,46,Yes,1,Inactive,Low,Medium,High
2762,2023-10-14,Premium,699,8.3,3,2,18,52,No,0,Inactive,Medium,Medium,Medium
2763,2024-11-27,Premium,699,11.1,8,3,12,16,Yes,1,At Risk,High,High,Medium
2764,2024-10-25,Premium,699,1.7,7,1,32,41,No,0,Inactive,High,Medium,Low
2765,2023-06-01,Premium,699,17.4,6,2,2,56,Yes,1,Inactive,High,Medium,High
2766,2023-11-28,Basic,199,11.8,2,4,29,27,Yes,1,At Risk,Low,High,Medium
2767,2024-10-23,Standard,399,5.3,0,0,13,17,No,0,At Risk,Low,Low,Medium
2768,2024-01-12,Basic,199,20.5,7,4,23,4,Yes,1,Active,High,High,High
2769,2024-05-10,Standard,399,16.6,0,0,34,1,No,0,Active,Low,Low,High
2770,2024-11-09,Premium,699,18.4,1,2,12,11,Yes,1,Active,Low,Medium,High
2771,2023-05-07,Basic,199,10.9,4,1,8,36,No,0,Inactive,Medium,Medium,Medium
2772,2023-07-23,Basic,199,13.5,1,3,26,10,No,0,Active,Low,High,Medium
2773,2024-02-05,Basic,199,9.8,5,2,13,45,Yes,1,Inactive,Medium,Medium,Medium
2774,2024-05-11,Basic,199,15.2,2,4,2,46,No,0,Inactive,Low,High,High
2775,2024-11-06,Basic,199,3.6,5,4,23,22,Yes,1,At Risk,Medium,High,Low
2776,2024-03-29,Premium,699,22.8,2,1,14,9,No,0,Active,Low,Medium,High
2777,2024-04-30,Basic,199,22.4,2,0,13,18,No,0,At Risk,Low,Low,High
2778,2023-03-31,Premium,699,19.7,3,1,15,14,No,0,Active,Medium,Medium,High
2779,2024-07-18,Premium,699,24.3,7,3,23,5,No,0,Active,High,High,High
2780,2023-05-04,Standard,399,13.0,6,4,3,31,No,0,Inactive,High,High,Medium
2781,2024-05-18,Premium,699,20.8,3,3,11,2,Yes,1,Active,Medium,High,High
2782,2024-07-20,Basic,199,10.2,5,5,10,54,No,0,Inactive,Medium,High,Medium
2783,2024-05-19,Basic,199,17.1,2,5,36,5,No,0,Active,Low,High,High
2784,2024-02-17,Premium,699,23.1,4,4,28,55,Yes,1,Inactive,Medium,High,High
2785,2023-08-10,Standard,399,8.4,4,1,13,9,Yes,1,Active,Medium,Medium,Medium
2786,2023-04-19,Premium,699,4.0,2,5,10,32,Yes,1,Inactive,Low,High,Low
2787,2024-08-02,Premium,699,6.7,2,2,19,35,No,0,Inactive,Low,Medium,Medium
2788,2024-09-24,Basic,199,4.9,5,3,12,3,Yes,1,Active,Medium,High,Low
2789,2024-10-12,Standard,399,9.6,0,3,14,15,No,0,At Risk,Low,High,Medium
2790,2024-06-28,Premium,699,21.7,3,0,31,54,No,0,Inactive,Medium,Low,High
2791,2023-01-07,Basic,199,10.2,7,2,18,6,No,0,Active,High,Medium,Medium
2792,2024-07-29,Standard,399,6.1,8,2,21,49,Yes,1,Inactive,High,Medium,Medium
2793,2024-02-15,Standard,399,0.8,1,1,10,49,Yes,1,Inactive,Low,Medium,Low
2794,2024-04-29,Premium,699,13.0,4,5,4,25,Yes,1,At Risk,Medium,High,Medium
2795,2023-02-16,Premium,699,10.0,5,5,24,17,No,0,At Risk,Medium,High,Medium
2796,2023-03-10,Standard,399,6.7,1,1,21,59,No,0,Inactive,Low,Medium,Medium
2797,2024-11-20,Standard,399,11.0,4,0,6,4,No,0,Active,Medium,Low,Medium
2798,2024-08-13,Standard,399,11.0,0,4,22,59,No,0,Inactive,Low,High,Medium
2799,2024-05-23,Premium,699,15.0,3,4,25,20,No,0,At Risk,Medium,High,Medium
2800,2024-03-21,Standard,399,2.0,0,1,12,1,Yes,1,Active,Low,Medium,Low
