user_id,signup_date,plan_type,monthly_fee,avg_weekly_usage_hours,support_tickets,payment_failures,tenure_months,last_login_days_ago,churn,churn_target,login_recency_category,support_risk,payment_risk,usage_level,churn_probability,predicted_churn,predicted_risk_category
1,2023-04-15,Premium,699,1.1,4,1,8,14,Yes,1,Active,Medium,Medium,Low,0.5674462093377564,1,Medium Risk
2,2023-08-27,Premium,699,2.6,6,0,35,1,Yes,1,Active,High,Low,Low,0.4712412615516419,0,Medium Risk
3,2023-10-12,Premium,699,14.3,8,3,2,14,Yes,1,Active,High,High,Medium,0.6256656592023719,1,High Risk
4,2023-12-11,Basic,199,17.6,5,2,11,9,Yes,1,Active,Medium,Medium,High,0.3632886960711396,0,Medium Risk
5,2023-02-14,Basic,199,9.8,5,2,6,38,Yes,1,Inactive,Medium,Medium,Medium,0.5835997550747711,1,Medium Risk
6,2024-10-05,Premium,699,13.6,6,0,30,35,Yes,1,Inactive,High,Low,Medium,0.45309345057802924,0,Medium Risk
7,2023-10-24,Premium,699,14.6,1,0,24,42,Yes,1,Inactive,Low,Low,Medium,0.31472886126033667,0,Medium Risk
8,2024-01-09,Basic,199,21.7,6,2,15,29,Yes,1,At Risk,High,Medium,High,0.5706819100509583,1,Medium Risk
9,2023-03-15,Basic,199,9.2,4,5,24,59,Yes,1,Inactive,Medium,High,Medium,0.765042034371065,1,High Risk
10,2024-10-17,Premium,699,13.6,3,1,11,29,No,0,At Risk,Medium,Medium,Medium,0.40479547812196565,0,Medium Risk
11,2023-11-20,Premium,699,5.9,5,0,36,14,No,0,Active,Medium,Low,Medium,0.21278507608073732,0,Low Risk
12,2024-10-20,Standard,399,2.1,5,1,18,41,Yes,1,Inactive,Medium,Medium,Low,0.8208878174937224,1,High Risk
13,2024-08-21,Standard,399,7.0,3,5,10,35,Yes,1,Inactive,Medium,High,Medium,0.6870147995444699,1,High Risk
14,2023-02-18,Standard,399,9.4,2,4,26,31,Yes,1,Inactive,Low,High,Medium,0.6391792420376117,1,High Risk
15,2024-09-02,Basic,199,15.9,6,4,10,4,Yes,1,Active,High,High,High,0.5247735819513067,1,Medium Risk
16,2024-11-29,Standard,399,6.7,8,0,34,43,No,0,Inactive,High,Low,Medium,0.549023322013825,1,Medium Risk
17,2024-04-09,Premium,699,19.3,5,0,18,18,No,0,At Risk,Medium,Low,High,0.35706428320075384,0,Medium Risk
18,2024-10-02,Basic,199,24.3,2,4,17,58,Yes,1,Inactive,Low,High,High,0.7577196904445723,1,High Risk
19,2024-06-27,Standard,399,15.4,2,2,33,48,Yes,1,Inactive,Low,Medium,High,0.5503584658803812,1,Medium Risk
20,2023-11-11,Basic,199,12.5,1,2,21,56,No,0,Inactive,Low,Medium,Medium,0.5054335589649033,1,Medium Risk
21,2023-03-12,Basic,199,6.4,1,0,4,46,No,0,Inactive,Low,Low,Medium,0.27661217911425523,0,Low Risk
22,2024-09-13,Premium,699,3.6,7,4,9,10,Yes,1,Active,High,High,Low,0.8512594622127102,1,High Risk
23,2024-11-18,Standard,399,23.3,3,5,14,19,No,0,At Risk,Medium,High,High,0.6559039953325082,1,High Risk
24,2023-03-07,Premium,699,11.2,8,3,24,7,Yes,1,Active,High,High,Medium,0.5872204965186931,1,Medium Risk
25,2024-12-25,Standard,399,14.9,3,4,2,14,Yes,1,Active,Medium,High,Medium,0.4847439957778844,0,Medium Risk
26,2023-10-13,Premium,699,6.1,0,2,4,4,No,0,Active,Low,Medium,Medium,0.18545339799756946,0,Low Risk
27,2024-08-13,Premium,699,5.7,2,5,32,59,No,0,Inactive,Low,High,Medium,0.7589800360923291,1,High Risk
28,2024-03-17,Standard,399,19.7,6,1,16,6,Yes,1,Active,High,Medium,High,0.3486971886357687,0,Medium Risk
29,2023-04-11,Standard,399,10.6,0,5,28,41,No,0,Inactive,Low,High,Medium,0.6156097732523447,1,High Risk
30,2024-04-04,Basic,199,18.3,1,1,26,12,No,0,Active,Low,Medium,High,0.23160141228811912,0,Low Risk
31,2024-03-29,Basic,199,5.0,7,1,28,55,No,0,Inactive,High,Medium,Low,0.8748019639180178,1,High Risk
32,2023-08-31,Premium,699,1.7,8,0,7,5,No,0,Active,High,Low,Low,0.5958910225601082,1,Medium Risk
33,2024-01-24,Basic,199,12.4,3,3,27,57,Yes,1,Inactive,Medium,High,Medium,0.6595579044002621,1,High Risk
34,2024-07-23,Basic,199,7.0,7,2,25,27,Yes,1,At Risk,High,Medium,Medium,0.5800860593548057,1,Medium Risk
35,2024-07-09,Premium,699,4.3,4,1,32,3,No,0,Active,Medium,Medium,Low,0.5843158557027883,1,Medium Risk
36,2023-06-11,Basic,199,1.9,7,4,21,58,Yes,1,Inactive,High,High,Low,0.9339975814199847,1,High Risk
37,2023-08-29,Basic,199,2.5,2,0,33,38,Yes,1,Inactive,Low,Low,Low,0.6221955668876471,1,High Risk
38,2023-03-25,Standard,399,23.6,3,4,8,38,Yes,1,Inactive,Medium,High,High,0.664606188191155,1,High Risk
39,2023-09-02,Standard,399,8.3,4,1,34,42,No,0,Inactive,Medium,Medium,Medium,0.47514276640112624,0,Medium Risk
40,2023-03-16,Standard,399,3.7,4,3,26,20,No,0,At Risk,Medium,High,Low,0.8074068313125784,1,High Risk
41,2023-09-29,Basic,199,15.7,1,0,30,34,Yes,1,Inactive,Low,Low,High,0.25643951731998715,0,Low Risk
42,2024-07-10,Basic,199,22.1,3,2,23,18,Yes,1,At Risk,Medium,Medium,High,0.42615061633967166,0,Medium Risk
43,2023-11-03,Premium,699,15.5,8,0,20,42,No,0,Inactive,High,Low,High,0.5252272659806883,1,Medium Risk
44,2024-07-20,Premium,699,23.5,2,2,7,7,No,0,Active,Low,Medium,High,0.34998729497161235,0,Medium Risk
45,2024-10-11,Basic,199,7.4,3,5,18,21,Yes,1,At Risk,Medium,High,Medium,0.6069245789118004,1,High Risk
46,2023-10-11,Standard,399,12.5,0,0,33,40,No,0,Inactive,Low,Low,Medium,0.25075264841166733,0,Low Risk
47,2024-03-28,Basic,199,8.7,2,5,1,16,Yes,1,At Risk,Low,High,Medium,0.6336926381965744,1,High Risk
48,2023-06-02,Premium,699,14.2,1,0,28,60,No,0,Inactive,Low,Low,Medium,0.3565578227466651,0,Medium Risk
49,2023-11-12,Premium,699,20.9,8,1,3,27,Yes,1,At Risk,High,Medium,High,0.5990411066739456,1,Medium Risk
50,2023-12-29,Standard,399,22.5,3,5,3,15,No,0,At Risk,Medium,High,High,0.6137930698491345,1,High Risk
51,2023-07-01,Premium,699,24.4,2,1,27,55,Yes,1,Inactive,Low,Medium,High,0.5379401583442359,1,Medium Risk
52,2023-09-12,Standard,399,4.9,5,3,2,51,Yes,1,Inactive,Medium,High,Low,0.9021736994404238,1,High Risk
53,2024-04-26,Standard,399,19.8,1,3,11,55,Yes,1,Inactive,Low,High,High,0.6379007421490243,1,High Risk
54,2023-08-22,Basic,199,20.5,7,2,13,19,No,0,At Risk,High,Medium,High,0.5642331141608566,1,Medium Risk
55,2023-10-13,Basic,199,16.7,6,2,2,17,No,0,At Risk,High,Medium,High,0.4783352820915218,0,Medium Risk
56,2023-09-25,Standard,399,10.3,8,2,33,60,Yes,1,Inactive,High,Medium,Medium,0.7467051266314007,1,High Risk
57,2024-03-22,Basic,199,1.4,6,2,17,46,Yes,1,Inactive,High,Medium,Low,0.8528243886055671,1,High Risk
58,2023-01-02,Premium,699,3.3,3,2,33,2,No,0,Active,Medium,Medium,Low,0.5443067245118776,1,Medium Risk
59,2024-11-11,Premium,699,17.3,3,2,35,27,Yes,1,At Risk,Medium,Medium,High,0.4297768896844527,0,Medium Risk
60,2023-11-13,Standard,399,16.8,1,5,21,57,Yes,1,Inactive,Low,High,High,0.7005961484786779,1,High Risk
61,2024-11-11,Premium,699,8.5,4,4,27,8,Yes,1,Active,Medium,High,Medium,0.48689454787541275,0,Medium Risk
62,2023-11-08,Standard,399,15.6,4,3,12,35,No,0,Inactive,Medium,High,High,0.6129620299895494,1,High Risk
63,2023-08-07,Standard,399,11.0,5,3,14,28,Yes,1,At Risk,Medium,High,Medium,0.6269257752708316,1,High Risk
64,2024-11-10,Premium,699,19.9,2,5,31,5,Yes,1,Active,Low,High,High,0.5323391482733181,1,Medium Risk
65,2023-07-23,Premium,699,2.8,3,5,22,19,Yes,1,At Risk,Medium,High,Low,0.8365214532912669,1,High Risk
66,2024-04-11,Basic,199,1.6,7,4,2,54,Yes,1,Inactive,High,High,Low,0.938668974545833,1,High Risk
67,2024-11-02,Standard,399,18.1,6,3,13,25,Yes,1,At Risk,High,High,High,0.6438164462317987,1,High Risk
68,2024-12-13,Premium,699,22.4,1,3,1,14,Yes,1,Active,Low,High,High,0.4026126664972744,0,Medium Risk
69,2024-04-20,Premium,699,1.7,3,0,30,29,Yes,1,At Risk,Medium,Low,Low,0.5590208746893438,1,Medium Risk
70,2024-05-31,Premium,699,24.7,5,3,34,39,No,0,Inactive,Medium,High,High,0.7462148789240163,1,High Risk
71,2023-09-23,Standard,399,11.4,2,5,36,55,Yes,1,Inactive,Low,High,Medium,0.7525440106112468,1,High Risk
72,2024-03-26,Basic,199,19.3,8,3,18,40,Yes,1,Inactive,High,High,High,0.801488774533646,1,High Risk
73,2023-05-22,Basic,199,6.2,5,2,19,57,Yes,1,Inactive,Medium,Medium,Medium,0.6118910805051297,1,High Risk
74,2024-02-22,Basic,199,9.9,2,5,15,13,Yes,1,Active,Low,High,Medium,0.5327665536529694,1,Medium Risk
75,2024-08-21,Standard,399,11.9,0,1,35,53,No,0,Inactive,Low,Medium,Medium,0.4150876967304476,0,Medium Risk
76,2023-11-02,Premium,699,21.5,6,3,2,0,No,0,Active,High,High,High,0.4693780968233405,0,Medium Risk
77,2023-08-13,Standard,399,13.7,8,4,27,57,Yes,1,Inactive,High,High,Medium,0.8544242095485224,1,High Risk
78,2024-02-19,Standard,399,12.4,6,2,28,42,Yes,1,Inactive,High,Medium,Medium,0.6427342470208056,1,High Risk
79,2024-02-08,Premium,699,21.1,2,4,11,34,Yes,1,Inactive,Low,High,High,0.6976173099682951,1,High Risk
80,2023-02-21,Premium,699,2.6,6,1,2,55,Yes,1,Inactive,High,Medium,Low,0.8284780174559117,1,High Risk
81,2024-01-24,Standard,399,8.5,7,2,25,21,No,0,At Risk,High,Medium,Medium,0.5804738932022875,1,Medium Risk
82,2023-02-23,Standard,399,6.7,1,3,27,1,No,0,Active,Low,High,Medium,0.2951199681356232,0,Low Risk
83,2023-01-21,Standard,399,16.4,0,0,15,60,Yes,1,Inactive,Low,Low,High,0.2773250022017819,0,Low Risk
84,2023-08-12,Premium,699,6.3,7,5,10,7,No,0,Active,High,High,Medium,0.6141813303255689,1,High Risk
85,2023-04-28,Standard,399,19.3,2,4,17,38,No,0,Inactive,Low,High,High,0.6697137455633316,1,High Risk
86,2024-01-20,Basic,199,3.1,0,2,20,36,Yes,1,Inactive,Low,Medium,Low,0.7067951180303872,1,High Risk
87,2024-12-01,Standard,399,2.4,3,0,13,44,No,0,Inactive,Medium,Low,Low,0.6442456568786991,1,High Risk
88,2024-01-15,Premium,699,20.0,0,2,8,34,Yes,1,Inactive,Low,Medium,High,0.42636309078686935,0,Medium Risk
89,2024-03-19,Basic,199,16.4,0,3,33,52,Yes,1,Inactive,Low,High,High,0.5437339239145373,1,Medium Risk
90,2024-10-28,Standard,399,17.8,6,1,30,46,No,0,Inactive,High,Medium,High,0.5854729725473035,1,Medium Risk
91,2023-10-02,Standard,399,19.5,7,3,35,52,Yes,1,Inactive,High,High,High,0.7686147540250724,1,High Risk
92,2024-04-20,Standard,399,20.9,1,2,16,56,Yes,1,Inactive,Low,Medium,High,0.5487229964701505,1,Medium Risk
93,2023-12-30,Premium,699,8.7,7,2,25,11,Yes,1,Active,High,Medium,Medium,0.4241069311215934,0,Medium Risk
94,2023-07-15,Standard,399,7.4,4,4,22,0,No,0,Active,Medium,High,Medium,0.4272859229108045,0,Medium Risk
95,2024-05-02,Basic,199,18.1,7,4,16,48,Yes,1,Inactive,High,High,High,0.8101700408325164,1,High Risk
96,2024-12-09,Premium,699,11.5,0,0,32,18,No,0,At Risk,Low,Low,Medium,0.19679923889537404,0,Low Risk
97,2024-03-11,Basic,199,16.8,5,3,20,35,Yes,1,Inactive,Medium,High,High,0.6924871569256279,1,High Risk
98,2023-05-04,Premium,699,8.6,7,2,36,19,Yes,1,At Risk,High,Medium,Medium,0.5456467717424068,1,Medium Risk
99,2024-05-10,Premium,699,8.2,8,5,13,11,Yes,1,Active,High,High,Medium,0.7133340422505124,1,High Risk
100,2023-07-03,Standard,399,15.1,1,1,34,18,No,0,At Risk,Low,Medium,High,0.2896053335116923,0,Low Risk
101,2024-07-20,Standard,399,17.8,2,2,1,2,No,0,Active,Low,Medium,High,0.3068009596069358,0,Medium Risk
102,2023-10-19,Standard,399,16.1,7,0,9,55,Yes,1,Inactive,High,Low,High,0.5059126047649852,1,Medium Risk
103,2024-05-04,Standard,399,11.3,2,0,31,16,No,0,At Risk,Low,Low,Medium,0.2753506333700522,0,Low Risk
104,2023-06-05,Basic,199,10.3,1,4,5,40,No,0,Inactive,Low,High,Medium,0.6069949025111138,1,High Risk
105,2024-09-12,Basic,199,2.6,3,0,20,35,No,0,Inactive,Medium,Low,Low,0.614171750748093,1,High Risk
106,2024-08-25,Premium,699,19.5,6,3,15,58,Yes,1,Inactive,High,High,High,0.7625813404825289,1,High Risk
107,2023-08-01,Standard,399,14.4,0,4,20,47,Yes,1,Inactive,Low,High,Medium,0.5992003449325266,1,Medium Risk
108,2023-03-18,Premium,699,7.0,1,1,14,15,No,0,At Risk,Low,Medium,Medium,0.2832630333617371,0,Low Risk
109,2024-12-24,Basic,199,10.5,7,2,1,2,Yes,1,Active,High,Medium,Medium,0.43380526666356856,0,Medium Risk
110,2024-08-26,Standard,399,2.2,3,2,30,50,Yes,1,Inactive,Medium,Medium,Low,0.7989722410834459,1,High Risk
111,2023-09-30,Premium,699,10.9,8,1,13,41,Yes,1,Inactive,High,Medium,Medium,0.6610068425551348,1,High Risk
112,2023-10-23,Basic,199,2.0,4,4,5,47,Yes,1,Inactive,Medium,High,Low,0.8879207187514786,1,High Risk
113,2024-05-27,Standard,399,12.0,4,5,8,25,No,0,At Risk,Medium,High,Medium,0.7028184252455533,1,High Risk
114,2023-09-14,Premium,699,11.2,0,3,32,47,Yes,1,Inactive,Low,High,Medium,0.5235396213392449,1,Medium Risk
115,2023-02-11,Basic,199,6.1,0,5,6,52,Yes,1,Inactive,Low,High,Medium,0.6131297270063152,1,High Risk
116,2024-03-22,Basic,199,13.2,7,2,31,11,No,0,Active,High,Medium,Medium,0.4717635087244269,0,Medium Risk
117,2024-11-17,Premium,699,24.2,7,2,32,26,Yes,1,At Risk,High,Medium,High,0.6403643951414257,1,High Risk
118,2024-07-17,Basic,199,8.6,7,2,11,42,No,0,Inactive,High,Medium,Medium,0.6693558657651827,1,High Risk
119,2024-02-18,Basic,199,2.7,4,2,30,7,No,0,Active,Medium,Medium,Low,0.6319925415225884,1,High Risk
120,2024-06-14,Premium,699,16.6,8,3,1,26,Yes,1,At Risk,High,High,High,0.7400769823662033,1,High Risk
121,2023-10-22,Standard,399,15.8,0,1,32,17,No,0,At Risk,Low,Medium,High,0.2449560257592557,0,Low Risk
122,2023-01-15,Standard,399,3.5,3,5,32,10,Yes,1,Active,Medium,High,Low,0.7565736315305684,1,High Risk
123,2023-06-07,Premium,699,2.8,1,3,27,60,Yes,1,Inactive,Low,High,Low,0.8443274748487255,1,High Risk
124,2024-04-28,Standard,399,13.0,4,3,19,53,Yes,1,Inactive,Medium,High,Medium,0.7112426113031075,1,High Risk
125,2023-05-20,Basic,199,14.0,6,1,30,58,No,0,Inactive,High,Medium,Medium,0.6029345734499265,1,High Risk
126,2023-10-01,Basic,199,19.4,6,2,18,59,No,0,Inactive,High,Medium,High,0.6476981607767042,1,High Risk
127,2023-12-20,Basic,199,18.3,7,1,19,28,No,0,At Risk,High,Medium,High,0.5179236929578134,1,Medium Risk
128,2023-07-13,Standard,399,19.2,6,3,36,59,Yes,1,Inactive,High,High,High,0.7379118956508243,1,High Risk
129,2024-04-29,Premium,699,14.5,3,3,16,2,Yes,1,Active,Medium,High,Medium,0.393049714570521,0,Medium Risk
130,2024-08-27,Premium,699,10.0,2,3,25,2,Yes,1,Active,Low,High,Medium,0.39738811865553025,0,Medium Risk
131,2023-01-16,Standard,399,21.9,7,0,7,33,No,0,Inactive,High,Low,High,0.48046935761553056,0,Medium Risk
132,2023-09-29,Premium,699,10.5,2,0,10,30,No,0,At Risk,Low,Low,Medium,0.28056264809398557,0,Low Risk
133,2023-11-21,Standard,399,16.4,5,5,26,54,Yes,1,Inactive,Medium,High,High,0.798958496978526,1,High Risk
134,2024-12-01,Premium,699,21.9,0,4,32,4,Yes,1,Active,Low,High,High,0.3695730674533263,0,Medium Risk
135,2023-04-13,Standard,399,18.8,6,0,15,48,No,0,Inactive,High,Low,High,0.44381122630618924,0,Medium Risk
136,2023-10-28,Standard,399,17.5,0,0,11,20,No,0,At Risk,Low,Low,High,0.175978718511496,0,Low Risk
137,2023-07-04,Standard,399,11.1,3,4,24,26,Yes,1,At Risk,Medium,High,Medium,0.5635816844197883,1,Medium Risk
138,2024-08-20,Basic,199,2.4,6,4,12,43,Yes,1,Inactive,High,High,Low,0.9158263677548287,1,High Risk
139,2024-04-21,Basic,199,11.8,4,3,15,16,No,0,At Risk,Medium,High,Medium,0.564930420895856,1,Medium Risk
140,2024-03-10,Standard,399,4.4,7,2,35,37,Yes,1,Inactive,High,Medium,Low,0.8797209458215821,1,High Risk
141,2023-04-20,Premium,699,11.7,4,1,17,24,No,0,At Risk,Medium,Medium,Medium,0.40694404226291336,0,Medium Risk
142,2024-11-05,Basic,199,14.5,4,5,25,18,Yes,1,At Risk,Medium,High,Medium,0.6912108574418553,1,High Risk
143,2023-10-21,Standard,399,0.7,0,4,18,47,Yes,1,Inactive,Low,High,Low,0.8160992216563006,1,High Risk
144,2024-11-06,Basic,199,5.9,3,4,23,16,No,0,At Risk,Medium,High,Medium,0.5275555361661199,1,Medium Risk
145,2024-08-16,Premium,699,15.9,0,2,9,50,Yes,1,Inactive,Low,Medium,High,0.44531584581075645,0,Medium Risk
146,2023-07-25,Standard,399,2.7,4,2,9,47,Yes,1,Inactive,Medium,Medium,Low,0.8145217547439333,1,High Risk
147,2023-06-18,Basic,199,22.0,5,4,35,32,No,0,Inactive,Medium,High,High,0.732398921935735,1,High Risk
148,2023-04-28,Standard,399,24.2,4,5,31,55,Yes,1,Inactive,Medium,High,High,0.7929787541473674,1,High Risk
149,2024-02-11,Standard,399,3.9,3,5,5,46,Yes,1,Inactive,Medium,High,Low,0.9050023326882549,1,High Risk
150,2024-04-10,Premium,699,2.7,6,0,24,16,No,0,At Risk,High,Low,Low,0.6427211686836917,1,High Risk
151,2023-01-26,Standard,399,14.8,5,0,17,43,Yes,1,Inactive,Medium,Low,Medium,0.45268814931656676,0,Medium Risk
152,2024-04-20,Premium,699,8.5,3,5,36,4,No,0,Active,Medium,High,Medium,0.47381747296867166,0,Medium Risk
153,2023-11-08,Premium,699,16.4,1,1,20,2,No,0,Active,Low,Medium,High,0.19159537120586614,0,Low Risk
154,2024-11-17,Standard,399,2.9,8,1,8,24,Yes,1,At Risk,High,Medium,Low,0.8392758161552683,1,High Risk
155,2024-05-16,Premium,699,10.8,2,3,35,41,Yes,1,Inactive,Low,High,Medium,0.6478678816728042,1,High Risk
156,2024-03-30,Premium,699,23.5,4,0,27,44,Yes,1,Inactive,Medium,Low,High,0.4340419826944809,0,Medium Risk
157,2024-10-22,Standard,399,21.5,1,5,16,23,Yes,1,At Risk,Low,High,High,0.6319506310350532,1,High Risk
158,2024-04-10,Standard,399,10.3,3,0,4,60,No,0,Inactive,Medium,Low,Medium,0.38850134373608797,0,Medium Risk
159,2023-05-09,Basic,199,16.2,0,0,14,50,Yes,1,Inactive,Low,Low,High,0.24892395888919494,0,Low Risk
160,2023-08-27,Premium,699,2.2,8,1,14,37,Yes,1,Inactive,High,Medium,Low,0.8619583184173734,1,High Risk
161,2023-05-14,Standard,399,19.8,0,2,10,54,No,0,Inactive,Low,Medium,High,0.4480609791215323,0,Medium Risk
162,2023-01-16,Premium,699,20.1,1,5,17,55,Yes,1,Inactive,Low,High,High,0.7139121735497331,1,High Risk
163,2024-03-07,Standard,399,14.9,0,1,16,16,Yes,1,At Risk,Low,Medium,Medium,0.30070913929161325,0,Medium Risk
164,2024-08-30,Premium,699,18.8,7,3,8,49,Yes,1,Inactive,High,High,High,0.7838463190575645,1,High Risk
165,2024-11-05,Basic,199,12.8,0,5,29,50,No,0,Inactive,Low,High,Medium,0.6713625850633476,1,High Risk
166,2024-03-12,Premium,699,11.7,0,0,20,30,No,0,At Risk,Low,Low,Medium,0.22025277725616346,0,Low Risk
167,2024-09-14,Premium,699,12.5,7,0,7,57,Yes,1,Inactive,High,Low,Medium,0.5677031631632904,1,Medium Risk
168,2024-09-03,Basic,199,3.6,8,5,5,20,Yes,1,At Risk,High,High,Low,0.9366180281053208,1,High Risk
169,2024-11-01,Premium,699,11.6,6,0,19,50,No,0,Inactive,High,Low,Medium,0.48337426452606186,0,Medium Risk
170,2024-02-28,Premium,699,18.2,3,3,36,28,No,0,At Risk,Medium,High,High,0.5389871733064603,1,Medium Risk
171,2023-09-19,Standard,399,10.3,1,2,30,27,Yes,1,At Risk,Low,Medium,Medium,0.37842134203594213,0,Medium Risk
172,2023-04-06,Standard,399,17.3,7,0,10,5,No,0,Active,High,Low,High,0.25354166146663504,0,Low Risk
173,2024-07-29,Standard,399,18.7,5,1,7,35,Yes,1,Inactive,Medium,Medium,High,0.5640230571467024,1,Medium Risk
174,2024-03-09,Premium,699,16.9,6,2,22,55,Yes,1,Inactive,High,Medium,High,0.6595718734891025,1,High Risk
175,2023-08-06,Premium,699,24.2,4,2,4,6,No,0,Active,Medium,Medium,High,0.34746821712975945,0,Medium Risk
176,2023-04-28,Basic,199,6.0,1,2,31,54,Yes,1,Inactive,Low,Medium,Medium,0.45960606705689816,0,Medium Risk
177,2024-07-24,Standard,399,20.3,8,4,15,39,Yes,1,Inactive,High,High,High,0.8418423093432431,1,High Risk
178,2023-12-14,Basic,199,1.2,4,5,18,48,Yes,1,Inactive,Medium,High,Low,0.9077696946576842,1,High Risk
179,2023-05-26,Standard,399,4.9,2,4,1,42,Yes,1,Inactive,Low,High,Low,0.8822123753935219,1,High Risk
180,2023-12-16,Premium,699,2.7,8,1,2,24,Yes,1,At Risk,High,Medium,Low,0.8224022559744975,1,High Risk
181,2023-02-23,Basic,199,8.1,5,4,24,38,Yes,1,Inactive,Medium,High,Medium,0.7163219375120174,1,High Risk
182,2024-11-08,Basic,199,19.0,0,5,11,5,Yes,1,Active,Low,High,High,0.4034604747712228,0,Medium Risk
183,2023-04-27,Standard,399,15.4,6,2,32,13,No,0,Active,High,Medium,High,0.365879904767337,0,Medium Risk
184,2023-08-14,Standard,399,3.2,7,4,28,42,Yes,1,Inactive,High,High,Low,0.9264378524186165,1,High Risk
185,2023-09-19,Standard,399,0.7,4,1,4,49,Yes,1,Inactive,Medium,Medium,Low,0.7729030123880721,1,High Risk
186,2024-01-25,Standard,399,3.4,7,5,21,27,Yes,1,At Risk,High,High,Low,0.9279659194467608,1,High Risk
187,2023-02-13,Premium,699,12.8,5,0,15,25,No,0,At Risk,Medium,Low,Medium,0.3534879938354631,0,Medium Risk
188,2024-02-19,Standard,399,11.8,1,2,2,36,Yes,1,Inactive,Low,Medium,Medium,0.4862707505049644,0,Medium Risk
189,2024-09-24,Premium,699,7.6,6,0,27,20,Yes,1,At Risk,High,Low,Medium,0.3384083370785754,0,Medium Risk
190,2024-06-20,Standard,399,2.7,1,1,24,27,Yes,1,At Risk,Low,Medium,Low,0.6532329436941746,1,High Risk
191,2023-03-20,Basic,199,21.8,5,1,26,21,No,0,At Risk,Medium,Medium,High,0.46118255340994674,0,Medium Risk
192,2024-10-22,Premium,699,13.5,3,2,8,22,No,0,At Risk,Medium,Medium,Medium,0.44183276873397326,0,Medium Risk
193,2024-11-02,Basic,199,3.0,4,1,16,11,No,0,Active,Medium,Medium,Low,0.5908062316015126,1,Medium Risk
194,2024-08-16,Basic,199,23.8,7,3,12,48,Yes,1,Inactive,High,High,High,0.7958357573375683,1,High Risk
195,2024-03-28,Standard,399,21.7,5,1,21,28,Yes,1,At Risk,Medium,Medium,High,0.5188359815940465,1,Medium Risk
196,2024-04-17,Premium,699,20.0,0,2,20,32,Yes,1,Inactive,Low,Medium,High,0.41982092700638235,0,Medium Risk
197,2023-04-03,Standard,399,1.9,4,0,3,41,No,0,Inactive,Medium,Low,Low,0.660398254736632,1,High Risk
198,2024-08-08,Premium,699,9.9,8,5,33,57,Yes,1,Inactive,High,High,Medium,0.8842179086943929,1,High Risk
199,2024-04-06,Premium,699,8.4,7,4,13,9,No,0,Active,High,High,Medium,0.6055921833671437,1,High Risk
200,2023-09-11,Basic,199,24.6,1,4,22,41,Yes,1,Inactive,Low,High,High,0.6456549044952743,1,High Risk
201,2024-01-17,Premium,699,24.8,8,4,29,39,Yes,1,Inactive,High,High,High,0.8557595470113203,1,High Risk
202,2024-10-08,Standard,399,10.5,5,5,25,38,Yes,1,Inactive,Medium,High,Medium,0.7971519969873376,1,High Risk
203,2023-09-16,Premium,699,2.1,1,4,22,43,Yes,1,Inactive,Low,High,Low,0.8479018378738227,1,High Risk
204,2024-12-16,Premium,699,8.7,2,2,10,19,No,0,At Risk,Low,Medium,Medium,0.4370141540357103,0,Medium Risk
205,2023-12-03,Premium,699,3.7,1,2,26,35,Yes,1,Inactive,Low,Medium,Low,0.7369232842312385,1,High Risk
206,2023-11-13,Basic,199,2.8,6,4,34,23,Yes,1,At Risk,High,High,Low,0.8667375486344236,1,High Risk
207,2023-06-08,Basic,199,8.9,7,1,14,14,No,0,Active,High,Medium,Medium,0.3704085952504101,0,Medium Risk
208,2024-06-23,Basic,199,21.2,1,4,19,49,Yes,1,Inactive,Low,High,High,0.6747265668428668,1,High Risk
209,2023-07-05,Basic,199,22.0,2,4,22,24,Yes,1,At Risk,Low,High,High,0.6015785884109175,1,High Risk
210,2023-09-01,Premium,699,18.2,0,3,11,23,No,0,At Risk,Low,High,High,0.41311142414959334,0,Medium Risk
211,2024-04-25,Standard,399,18.9,7,1,19,34,Yes,1,Inactive,High,Medium,High,0.6174330044003803,1,High Risk
212,2024-01-27,Basic,199,17.1,7,3,24,49,Yes,1,Inactive,High,High,High,0.769296697742117,1,High Risk
213,2023-09-14,Premium,699,10.8,2,1,34,51,No,0,Inactive,Low,Medium,Medium,0.49029734934828445,0,Medium Risk
214,2023-05-08,Basic,199,21.9,8,0,31,45,No,0,Inactive,High,Low,High,0.5618533763579203,1,Medium Risk
215,2024-03-23,Standard,399,19.2,4,3,6,57,Yes,1,Inactive,Medium,High,High,0.7140569727837399,1,High Risk
216,2024-05-29,Basic,199,20.5,5,0,15,26,Yes,1,At Risk,Medium,Low,High,0.37618015661363047,0,Medium Risk
217,2023-04-12,Standard,399,10.0,1,2,16,14,Yes,1,Active,Low,Medium,Medium,0.259397416183994,0,Low Risk
218,2024-04-28,Premium,699,19.9,2,0,22,18,No,0,At Risk,Low,Low,High,0.2860738662830346,0,Low Risk
219,2023-03-23,Premium,699,19.1,7,3,9,39,Yes,1,Inactive,High,High,High,0.7430839459387016,1,High Risk
220,2024-06-24,Basic,199,5.8,2,4,17,60,No,0,Inactive,Low,High,Medium,0.7108654013599854,1,High Risk
221,2024-03-05,Standard,399,19.5,3,2,8,7,Yes,1,Active,Medium,Medium,High,0.2989838841858704,0,Low Risk
222,2024-06-11,Premium,699,2.0,7,4,30,34,Yes,1,Inactive,High,High,Low,0.9270470936548931,1,High Risk
223,2023-09-04,Premium,699,18.1,4,3,16,0,No,0,Active,Medium,High,High,0.3911153162480258,0,Medium Risk
224,2024-06-22,Premium,699,5.1,1,4,27,23,Yes,1,At Risk,Low,High,Medium,0.5246987801768505,1,Medium Risk
225,2024-04-26,Premium,699,19.8,8,4,33,1,Yes,1,Active,High,High,High,0.6588545164360526,1,High Risk
226,2023-03-11,Basic,199,24.5,4,5,25,1,Yes,1,Active,Medium,High,High,0.5360953820816511,1,Medium Risk
227,2023-05-17,Standard,399,18.5,1,4,16,47,No,0,Inactive,Low,High,High,0.6346686426228695,1,High Risk
228,2024-05-05,Basic,199,13.9,2,5,23,29,No,0,At Risk,Low,High,Medium,0.69197178183572,1,High Risk
229,2023-02-07,Premium,699,20.4,1,5,12,49,No,0,Inactive,Low,High,High,0.7021060123583338,1,High Risk
230,2024-06-11,Standard,399,1.6,3,0,13,20,No,0,At Risk,Medium,Low,Low,0.5342088980019055,1,Medium Risk
231,2023-02-18,Standard,399,12.1,0,5,35,12,Yes,1,Active,Low,High,Medium,0.4024243978019789,0,Medium Risk
232,2024-03-26,Premium,699,7.2,5,3,22,56,Yes,1,Inactive,Medium,High,Medium,0.7374388029930448,1,High Risk
233,2024-06-15,Standard,399,24.4,7,5,22,31,Yes,1,Inactive,High,High,High,0.842320477668056,1,High Risk
234,2023-07-04,Standard,399,18.3,1,3,6,38,No,0,Inactive,Low,High,High,0.5551223405581952,1,Medium Risk
235,2024-04-01,Premium,699,8.4,1,2,19,42,Yes,1,Inactive,Low,Medium,Medium,0.48179624184490205,0,Medium Risk
236,2023-12-28,Premium,699,4.6,7,2,28,28,Yes,1,At Risk,High,Medium,Low,0.8331630515100297,1,High Risk
237,2024-01-08,Premium,699,7.2,0,0,28,42,No,0,Inactive,Low,Low,Medium,0.2550692787901094,0,Low Risk
238,2023-02-05,Premium,699,23.8,2,4,11,43,No,0,Inactive,Low,High,High,0.7065110993536537,1,High Risk
239,2023-02-03,Basic,199,6.3,5,2,5,24,No,0,At Risk,Medium,Medium,Medium,0.4815733766916289,0,Medium Risk
240,2024-08-10,Premium,699,17.1,5,2,10,28,No,0,At Risk,Medium,Medium,High,0.5506770366081041,1,Medium Risk
241,2023-04-27,Basic,199,9.5,5,5,34,17,Yes,1,At Risk,Medium,High,Medium,0.6862337988504817,1,High Risk
242,2023-09-24,Basic,199,12.7,6,4,12,7,Yes,1,Active,High,High,Medium,0.5293195846514934,1,Medium Risk
243,2023-07-24,Premium,699,5.8,4,5,29,58,No,0,Inactive,Medium,High,Medium,0.7542580500526628,1,High Risk
244,2023-03-31,Basic,199,21.4,7,1,9,57,No,0,Inactive,High,Medium,High,0.6555419798179859,1,High Risk
245,2023-11-04,Premium,699,16.9,1,4,21,34,Yes,1,Inactive,Low,High,High,0.5920959279463783,1,Medium Risk
246,2023-05-23,Basic,199,19.9,8,1,12,7,No,0,Active,High,Medium,High,0.42772482775261345,0,Medium Risk
247,2024-07-18,Basic,199,1.1,8,4,32,23,Yes,1,At Risk,High,High,Low,0.918686799060834,1,High Risk
248,2024-02-25,Basic,199,2.1,6,5,6,46,Yes,1,Inactive,High,High,Low,0.9337414835379035,1,High Risk
249,2024-11-27,Standard,399,3.6,5,5,5,4,Yes,1,Active,Medium,High,Low,0.8420133660717054,1,High Risk
250,2023-05-13,Premium,699,3.6,8,5,23,37,Yes,1,Inactive,High,High,Low,0.950732694109002,1,High Risk
251,2023-06-18,Standard,399,22.8,0,0,33,33,Yes,1,Inactive,Low,Low,High,0.24821918563216216,0,Low Risk
252,2023-10-18,Basic,199,23.4,3,2,21,60,No,0,Inactive,Medium,Medium,High,0.5618513252186597,1,Medium Risk
253,2024-09-21,Basic,199,5.3,8,2,17,8,No,0,Active,High,Medium,Medium,0.47570240256905766,0,Medium Risk
254,2023-06-25,Premium,699,12.8,2,4,6,60,Yes,1,Inactive,Low,High,Medium,0.7286095123149929,1,High Risk
255,2024-10-18,Premium,699,21.1,0,0,22,5,Yes,1,Active,Low,Low,High,0.12935626322868035,0,Low Risk
256,2024-10-04,Premium,699,16.5,6,4,17,40,Yes,1,Inactive,High,High,High,0.7548712664598931,1,High Risk
257,2024-12-02,Premium,699,16.2,4,3,19,15,No,0,At Risk,Medium,High,High,0.5512579906901894,1,Medium Risk
258,2024-04-20,Standard,399,11.6,0,1,20,28,No,0,At Risk,Low,Medium,Medium,0.31156085142630413,0,Medium Risk
259,2023-12-20,Basic,199,15.4,5,5,22,20,No,0,At Risk,Medium,High,High,0.6851604466970985,1,High Risk
260,2024-04-22,Standard,399,19.1,8,4,9,6,Yes,1,Active,High,High,High,0.6684182483102761,1,High Risk
261,2024-01-29,Basic,199,11.5,2,0,18,3,No,0,Active,Low,Low,Medium,0.17648980001060505,0,Low Risk
262,2023-11-17,Premium,699,6.6,2,2,27,59,Yes,1,Inactive,Low,Medium,Medium,0.5451187018238814,1,Medium Risk
263,2024-05-24,Basic,199,12.7,8,3,11,31,No,0,Inactive,High,High,Medium,0.7899640599747094,1,High Risk
264,2023-12-28,Basic,199,23.7,8,3,6,15,Yes,1,At Risk,High,High,High,0.7183120929977677,1,High Risk
265,2023-04-21,Basic,199,7.4,7,2,4,34,Yes,1,Inactive,High,Medium,Medium,0.6149033838777784,1,High Risk
266,2023-02-22,Standard,399,22.1,5,3,9,23,Yes,1,At Risk,Medium,High,High,0.63390136320876,1,High Risk
267,2024-04-06,Premium,699,5.3,8,2,36,4,Yes,1,Active,High,Medium,Medium,0.4718992188950931,0,Medium Risk
268,2023-12-14,Premium,699,20.7,1,1,18,6,No,0,Active,Low,Medium,High,0.21578846659470174,0,Low Risk
269,2023-02-11,Premium,699,19.0,3,4,24,32,Yes,1,Inactive,Medium,High,High,0.6235333846282327,1,High Risk
270,2024-09-12,Basic,199,3.9,5,3,3,33,Yes,1,Inactive,Medium,High,Low,0.8898154763629734,1,High Risk
271,2023-11-03,Premium,699,8.5,5,1,9,25,No,0,At Risk,Medium,Medium,Medium,0.44894315088897624,0,Medium Risk
272,2023-11-03,Premium,699,12.9,8,4,22,31,Yes,1,Inactive,High,High,Medium,0.8130017205752997,1,High Risk
273,2024-12-05,Standard,399,9.5,1,3,2,37,Yes,1,Inactive,Low,High,Medium,0.5761232716658802,1,Medium Risk
274,2024-08-15,Premium,699,15.1,4,5,2,50,No,0,Inactive,Medium,High,High,0.7695261421332833,1,High Risk
275,2024-09-26,Premium,699,18.2,7,1,15,33,No,0,Inactive,High,Medium,High,0.6123109084376316,1,High Risk
276,2023-04-23,Standard,399,20.6,3,0,10,36,No,0,Inactive,Medium,Low,High,0.31433266160202766,0,Medium Risk
277,2024-02-25,Basic,199,11.3,6,1,2,26,No,0,At Risk,High,Medium,Medium,0.48995020018552393,0,Medium Risk
278,2024-07-28,Premium,699,21.9,0,5,31,8,No,0,Active,Low,High,High,0.4356147618505472,0,Medium Risk
279,2023-12-17,Standard,399,13.4,5,1,31,29,No,0,At Risk,Medium,Medium,Medium,0.4861756407615138,0,Medium Risk
280,2023-09-10,Premium,699,17.1,4,4,23,30,Yes,1,At Risk,Medium,High,High,0.6224247602990723,1,High Risk
281,2024-12-22,Standard,399,7.8,4,2,36,45,Yes,1,Inactive,Medium,Medium,Medium,0.5679959045133639,1,Medium Risk
282,2024-08-10,Standard,399,12.3,8,5,21,17,Yes,1,At Risk,High,High,Medium,0.8140801351559073,1,High Risk
283,2023-10-25,Premium,699,9.8,6,2,35,49,No,0,Inactive,High,Medium,Medium,0.6180372689376524,1,High Risk
284,2023-09-20,Basic,199,23.9,1,2,19,59,Yes,1,Inactive,Low,Medium,High,0.5364942007120277,1,Medium Risk
285,2023-10-06,Premium,699,5.7,8,2,31,59,Yes,1,Inactive,High,Medium,Medium,0.7239457650003489,1,High Risk
286,2024-06-27,Basic,199,15.6,3,1,7,3,No,0,Active,Medium,Medium,High,0.2222552026431666,0,Low Risk
287,2024-11-28,Basic,199,1.8,6,2,15,45,Yes,1,Inactive,High,Medium,Low,0.8527522267964072,1,High Risk
288,2024-05-02,Basic,199,24.1,2,3,1,41,No,0,Inactive,Low,High,High,0.6733102054499623,1,High Risk
289,2023-04-02,Standard,399,19.0,4,2,13,18,No,0,At Risk,Medium,Medium,High,0.444067086064688,0,Medium Risk
290,2023-06-30,Premium,699,13.6,0,1,15,26,No,0,At Risk,Low,Medium,Medium,0.29273804139110027,0,Low Risk
291,2023-02-08,Basic,199,19.8,2,5,26,55,No,0,Inactive,Low,High,High,0.7507034103546549,1,High Risk
292,2024-10-18,Basic,199,14.4,1,2,20,18,No,0,At Risk,Low,Medium,Medium,0.4009499993850948,0,Medium Risk
293,2023-04-26,Premium,699,12.6,2,4,34,29,Yes,1,At Risk,Low,High,Medium,0.6123021684295774,1,High Risk
294,2023-12-12,Standard,399,18.4,4,5,11,11,Yes,1,Active,Medium,High,High,0.5360106554776466,1,Medium Risk
295,2024-02-15,Standard,399,4.8,6,3,13,32,Yes,1,Inactive,High,High,Low,0.8932367130003228,1,High Risk
296,2023-01-07,Premium,699,5.0,2,3,7,20,No,0,At Risk,Low,High,Low,0.7978237808687114,1,High Risk
297,2024-08-09,Standard,399,6.3,4,2,25,19,No,0,At Risk,Medium,Medium,Medium,0.44573845793598754,0,Medium Risk
298,2023-11-11,Basic,199,16.5,3,0,17,42,Yes,1,Inactive,Medium,Low,High,0.29999431628494516,0,Low Risk
299,2023-10-30,Basic,199,17.3,4,5,26,7,No,0,Active,Medium,High,High,0.5089908793656376,1,Medium Risk
300,2024-09-12,Standard,399,5.9,2,3,15,9,No,0,Active,Low,High,Medium,0.3919010377761293,0,Medium Risk
301,2023-08-12,Standard,399,17.7,7,4,27,51,Yes,1,Inactive,High,High,High,0.7988897549693647,1,High Risk
302,2024-07-31,Basic,199,13.4,8,5,6,23,Yes,1,At Risk,High,High,Medium,0.8240553508199842,1,High Risk
303,2023-06-18,Basic,199,20.8,8,1,4,36,No,0,Inactive,High,Medium,High,0.653347356705554,1,High Risk
304,2024-06-06,Standard,399,11.3,3,5,34,37,Yes,1,Inactive,Medium,High,Medium,0.7116114703787818,1,High Risk
305,2024-07-26,Standard,399,11.6,8,3,4,29,Yes,1,At Risk,High,High,Medium,0.7573482193542594,1,High Risk
306,2023-08-12,Standard,399,18.2,6,2,20,52,Yes,1,Inactive,High,Medium,High,0.6302310386030027,1,High Risk
307,2023-03-03,Premium,699,1.6,5,5,5,4,Yes,1,Active,Medium,High,Low,0.8186377564177862,1,High Risk
308,2024-10-18,Basic,199,1.3,6,1,31,49,Yes,1,Inactive,High,Medium,Low,0.8251668558310638,1,High Risk
309,2024-01-22,Premium,699,9.7,6,3,27,55,No,0,Inactive,High,High,Medium,0.7459787724314997,1,High Risk
310,2023-05-02,Standard,399,17.2,8,1,6,41,No,0,Inactive,High,Medium,High,0.6530648452744973,1,High Risk
311,2023-01-24,Basic,199,10.1,2,5,35,14,No,0,Active,Low,High,Medium,0.5042178709004628,1,Medium Risk
312,2023-08-24,Standard,399,17.0,8,3,30,34,Yes,1,Inactive,High,High,High,0.7645688026490813,1,High Risk
313,2023-04-26,Basic,199,9.0,4,1,30,59,No,0,Inactive,Medium,Medium,Medium,0.5188524249958463,1,Medium Risk
314,2024-08-31,Basic,199,15.6,0,1,27,13,Yes,1,Active,Low,Medium,High,0.18404140323573887,0,Low Risk
315,2024-03-25,Basic,199,15.1,0,1,29,47,Yes,1,Inactive,Low,Medium,High,0.36659514816428646,0,Medium Risk
316,2023-08-28,Basic,199,5.8,0,1,35,32,No,0,Inactive,Low,Medium,Medium,0.2937688785186903,0,Low Risk
317,2024-11-07,Premium,699,14.6,5,1,21,19,No,0,At Risk,Medium,Medium,Medium,0.49861066777464774,0,Medium Risk
318,2023-06-29,Premium,699,10.6,4,0,15,35,No,0,Inactive,Medium,Low,Medium,0.3521484318463881,0,Medium Risk
319,2024-01-26,Premium,699,14.1,0,2,28,60,No,0,Inactive,Low,Medium,Medium,0.5064523289770091,1,Medium Risk
320,2024-07-04,Premium,699,17.6,6,1,21,19,No,0,At Risk,High,Medium,High,0.46959480564364364,0,Medium Risk
321,2023-03-01,Standard,399,21.3,4,5,16,9,No,0,Active,Medium,High,High,0.5474955729393033,1,Medium Risk
322,2023-09-19,Premium,699,24.2,8,4,27,8,Yes,1,Active,High,High,High,0.6730857196736734,1,High Risk
323,2023-07-15,Basic,199,16.3,7,2,22,5,No,0,Active,High,Medium,High,0.3991237284360499,0,Medium Risk
324,2024-08-24,Basic,199,9.7,0,0,18,12,No,0,Active,Low,Low,Medium,0.12404772732283072,0,Low Risk
325,2023-01-16,Premium,699,5.8,3,2,36,19,No,0,At Risk,Medium,Medium,Medium,0.3573096847347098,0,Medium Risk
326,2023-09-06,Basic,199,24.1,1,5,13,48,Yes,1,Inactive,Low,High,High,0.7107923129039861,1,High Risk
327,2024-01-25,Premium,699,10.2,3,4,14,20,No,0,At Risk,Medium,High,Medium,0.5741403247356806,1,Medium Risk
328,2024-05-24,Standard,399,16.4,4,2,35,23,Yes,1,At Risk,Medium,Medium,High,0.47039410255513714,0,Medium Risk
329,2023-11-17,Standard,399,20.2,7,2,7,58,Yes,1,Inactive,High,Medium,High,0.7085254054820527,1,High Risk
330,2024-07-20,Standard,399,14.3,3,5,3,9,Yes,1,Active,Medium,High,Medium,0.5247742992869627,1,Medium Risk
331,2023-09-09,Premium,699,7.7,3,2,27,14,No,0,Active,Medium,Medium,Medium,0.268931932410427,0,Low Risk
332,2024-10-19,Standard,399,16.5,5,2,36,48,No,0,Inactive,Medium,Medium,High,0.6380739038027237,1,High Risk
333,2024-05-15,Premium,699,11.8,5,1,32,8,No,0,Active,Medium,Medium,Medium,0.3528144196298242,0,Medium Risk
334,2023-03-18,Basic,199,24.8,0,4,35,2,No,0,Active,Low,High,High,0.34391924970530596,0,Medium Risk
335,2023-03-11,Premium,699,19.2,6,1,4,53,No,0,Inactive,High,Medium,High,0.586413943434335,1,Medium Risk
336,2024-10-15,Premium,699,0.7,8,3,10,23,Yes,1,At Risk,High,High,Low,0.902865739263937,1,High Risk
337,2023-01-13,Premium,699,16.7,0,0,31,34,No,0,Inactive,Low,Low,High,0.22454150633310216,0,Low Risk
338,2024-12-15,Basic,199,18.2,8,2,34,1,No,0,Active,High,Medium,High,0.4864076189606148,0,Medium Risk
339,2023-06-02,Premium,699,20.3,2,0,28,58,Yes,1,Inactive,Low,Low,High,0.39763141487220605,0,Medium Risk
340,2023-03-22,Basic,199,15.7,4,2,13,17,No,0,At Risk,Medium,Medium,High,0.4140324396759031,0,Medium Risk
341,2023-03-24,Standard,399,11.7,3,5,26,14,Yes,1,Active,Medium,High,Medium,0.4899877589903969,0,Medium Risk
342,2024-10-14,Premium,699,2.8,6,3,3,35,Yes,1,Inactive,High,High,Low,0.8926070865796839,1,High Risk
343,2023-04-08,Basic,199,2.5,6,5,11,50,Yes,1,Inactive,High,High,Low,0.929244154391373,1,High Risk
344,2024-12-01,Premium,699,6.1,7,2,3,2,No,0,Active,High,Medium,Medium,0.4164321729934467,0,Medium Risk
345,2023-01-17,Standard,399,14.3,0,1,35,59,No,0,Inactive,Low,Medium,Medium,0.4155913676332919,0,Medium Risk
346,2023-09-04,Basic,199,18.9,6,0,10,19,Yes,1,At Risk,High,Low,High,0.3217892718014452,0,Medium Risk
347,2023-05-24,Premium,699,17.1,8,2,25,24,No,0,At Risk,High,Medium,High,0.6219877543272868,1,High Risk
348,2023-03-19,Premium,699,12.8,5,0,6,6,No,0,Active,Medium,Low,Medium,0.22835689082154653,0,Low Risk
349,2024-04-06,Standard,399,24.2,5,0,26,40,Yes,1,Inactive,Medium,Low,High,0.4845088258150881,0,Medium Risk
350,2024-11-07,Standard,399,9.2,6,3,15,11,No,0,Active,High,High,Medium,0.4997922217786225,0,Medium Risk
351,2023-10-02,Standard,399,19.4,4,1,6,45,Yes,1,Inactive,Medium,Medium,High,0.5069679809465572,1,Medium Risk
352,2023-04-20,Basic,199,17.9,2,5,25,24,Yes,1,At Risk,Low,High,High,0.6322517812997639,1,High Risk
353,2023-05-16,Basic,199,23.6,7,2,1,48,Yes,1,Inactive,High,Medium,High,0.6965464870965905,1,High Risk
354,2023-01-27,Basic,199,11.1,8,4,12,32,Yes,1,Inactive,High,High,Medium,0.8029041932839085,1,High Risk
355,2024-02-02,Basic,199,14.1,5,3,23,0,Yes,1,Active,Medium,High,Medium,0.49118433893353924,0,Medium Risk
356,2024-01-25,Basic,199,22.7,3,4,36,33,Yes,1,Inactive,Medium,High,High,0.6652444355012633,1,High Risk
357,2024-03-21,Basic,199,7.1,4,3,9,9,Yes,1,Active,Medium,High,Medium,0.4169891752526983,0,Medium Risk
358,2024-10-02,Standard,399,7.8,1,2,27,16,No,0,At Risk,Low,Medium,Medium,0.3647357497148684,0,Medium Risk
359,2023-12-07,Standard,399,11.7,2,2,13,0,No,0,Active,Low,Medium,Medium,0.28365428753223954,0,Low Risk
360,2024-10-28,Premium,699,20.2,5,3,25,21,Yes,1,At Risk,Medium,High,High,0.6460820258291314,1,High Risk
361,2024-02-12,Premium,699,7.9,3,3,9,20,Yes,1,At Risk,Medium,High,Medium,0.5036215434564733,1,Medium Risk
362,2024-01-21,Standard,399,18.5,7,4,19,50,Yes,1,Inactive,High,High,High,0.8195521367020852,1,High Risk
363,2024-07-17,Standard,399,9.4,3,4,26,34,Yes,1,Inactive,Medium,High,Medium,0.6448888765919922,1,High Risk
364,2024-12-10,Basic,199,23.6,3,3,30,51,Yes,1,Inactive,Medium,High,High,0.6636285964170863,1,High Risk
365,2024-11-05,Basic,199,17.0,2,5,27,19,Yes,1,At Risk,Low,High,High,0.6425547446234634,1,High Risk
366,2024-02-15,Basic,199,19.8,1,3,28,38,Yes,1,Inactive,Low,High,High,0.584212604498366,1,Medium Risk
367,2024-01-04,Premium,699,23.1,6,4,33,2,No,0,Active,High,High,High,0.5693234337539398,1,Medium Risk
368,2024-11-11,Premium,699,15.0,1,0,35,49,Yes,1,Inactive,Low,Low,Medium,0.3605856764163332,0,Medium Risk
369,2024-02-14,Standard,399,16.4,0,4,11,41,No,0,Inactive,Low,High,High,0.5803856820067433,1,Medium Risk
370,2024-06-15,Standard,399,3.1,1,2,28,14,Yes,1,Active,Low,Medium,Low,0.5795255212307929,1,Medium Risk
371,2024-12-08,Premium,699,11.4,6,3,15,49,Yes,1,Inactive,High,High,Medium,0.7420888103350549,1,High Risk
372,2023-03-29,Premium,699,9.0,0,3,10,6,Yes,1,Active,Low,High,Medium,0.27225893798929207,0,Low Risk
373,2024-05-09,Basic,199,9.0,5,3,10,50,Yes,1,Inactive,Medium,High,Medium,0.726770837957203,1,High Risk
374,2024-12-28,Standard,399,2.9,7,2,31,4,Yes,1,Active,High,Medium,Low,0.7331713216511014,1,High Risk
375,2023-09-07,Basic,199,21.3,1,5,2,51,Yes,1,Inactive,Low,High,High,0.704495464124771,1,High Risk
376,2023-08-26,Premium,699,14.0,5,4,12,27,No,0,At Risk,Medium,High,Medium,0.6935616993972737,1,High Risk
377,2023-07-22,Standard,399,5.1,6,3,12,1,No,0,Active,High,High,Medium,0.41771918912104594,0,Medium Risk
378,2023-03-06,Standard,399,10.0,3,1,28,17,No,0,At Risk,Medium,Medium,Medium,0.3231180746821776,0,Medium Risk
379,2024-04-13,Premium,699,20.1,8,1,7,23,Yes,1,At Risk,High,Medium,High,0.6127183197740075,1,High Risk
380,2024-02-02,Basic,199,16.9,7,4,17,40,Yes,1,Inactive,High,High,High,0.7913633923285304,1,High Risk
381,2023-06-26,Premium,699,14.9,5,2,26,54,Yes,1,Inactive,Medium,Medium,Medium,0.6607766592751685,1,High Risk
382,2023-09-02,Premium,699,23.0,1,5,20,8,Yes,1,Active,Low,High,High,0.47118640742948237,0,Medium Risk
383,2023-05-22,Standard,399,5.0,2,4,8,24,Yes,1,At Risk,Low,High,Low,0.8378334854113039,1,High Risk
384,2024-10-22,Premium,699,10.9,7,5,25,34,Yes,1,Inactive,High,High,Medium,0.8279200846465985,1,High Risk
385,2024-04-06,Basic,199,4.6,4,1,36,11,Yes,1,Active,Medium,Medium,Low,0.5982765206445181,1,Medium Risk
386,2024-01-29,Premium,699,21.7,0,3,4,8,Yes,1,Active,Low,High,High,0.3286758469650044,0,Medium Risk
387,2024-03-30,Premium,699,16.5,6,5,33,31,Yes,1,Inactive,High,High,High,0.7772040656772142,1,High Risk
388,2023-08-19,Standard,399,2.5,0,1,11,18,Yes,1,At Risk,Low,Medium,Low,0.5439912717463616,1,Medium Risk
389,2024-05-22,Premium,699,4.6,7,4,19,47,Yes,1,Inactive,High,High,Low,0.9400988732920125,1,High Risk
390,2024-01-11,Premium,699,3.3,1,2,33,49,Yes,1,Inactive,Low,Medium,Low,0.784972029259239,1,High Risk
391,2023-04-15,Premium,699,19.1,7,4,3,13,No,0,Active,High,High,High,0.6054087632863681,1,High Risk
392,2023-03-31,Premium,699,7.8,0,3,16,16,Yes,1,At Risk,Low,High,Medium,0.3783004732384234,0,Medium Risk
393,2024-12-06,Standard,399,19.5,3,1,8,51,No,0,Inactive,Medium,Medium,High,0.4958102247736733,0,Medium Risk
394,2023-03-02,Standard,399,4.6,2,1,28,52,Yes,1,Inactive,Low,Medium,Low,0.7753661418944959,1,High Risk
395,2023-10-27,Premium,699,13.5,8,1,23,20,No,0,At Risk,High,Medium,Medium,0.5799864691834161,1,Medium Risk
396,2024-02-26,Standard,399,23.8,8,5,18,52,Yes,1,Inactive,High,High,High,0.8937761805283654,1,High Risk
397,2023-05-30,Basic,199,21.7,2,5,18,55,Yes,1,Inactive,Low,High,High,0.7597981232532033,1,High Risk
398,2023-10-03,Premium,699,20.8,6,3,21,9,No,0,Active,High,High,High,0.48812074168089,0,Medium Risk
399,2023-04-06,Premium,699,9.7,1,5,27,50,No,0,Inactive,Low,High,Medium,0.6876104704100503,1,High Risk
400,2024-08-18,Standard,399,18.9,5,3,33,60,Yes,1,Inactive,Medium,High,High,0.7623512156154326,1,High Risk
401,2023-03-06,Basic,199,18.4,7,5,6,42,Yes,1,Inactive,High,High,High,0.8181597306850109,1,High Risk
402,2023-10-18,Premium,699,5.8,6,1,26,31,Yes,1,Inactive,High,Medium,Medium,0.4895641162184795,0,Medium Risk
403,2023-02-19,Standard,399,14.7,7,2,36,57,Yes,1,Inactive,High,Medium,Medium,0.7147132973009507,1,High Risk
404,2023-06-11,Basic,199,15.8,7,0,7,7,No,0,Active,High,Low,High,0.2451847433109974,0,Low Risk
405,2024-10-27,Standard,399,0.5,6,1,30,44,No,0,Inactive,High,Medium,Low,0.8189148816883639,1,High Risk
406,2023-03-26,Standard,399,21.9,4,0,11,41,Yes,1,Inactive,Medium,Low,High,0.3873607232193314,0,Medium Risk
407,2024-03-15,Standard,399,1.8,4,5,11,44,Yes,1,Inactive,Medium,High,Low,0.9178730189165725,1,High Risk
408,2024-08-30,Premium,699,17.7,0,1,6,30,Yes,1,At Risk,Low,Medium,High,0.31036851157264517,0,Medium Risk
409,2023-05-04,Basic,199,17.2,0,0,34,44,Yes,1,Inactive,Low,Low,High,0.23971093010109362,0,Low Risk
410,2023-04-15,Standard,399,12.2,3,3,9,5,No,0,Active,Medium,High,Medium,0.35854113942843996,0,Medium Risk
411,2023-05-17,Basic,199,9.5,4,1,21,24,No,0,At Risk,Medium,Medium,Medium,0.38510634056215426,0,Medium Risk
412,2023-12-26,Premium,699,2.2,0,4,10,41,Yes,1,Inactive,Low,High,Low,0.8127747269158437,1,High Risk
413,2023-08-11,Premium,699,15.9,2,3,14,39,No,0,Inactive,Low,High,High,0.6013401145637947,1,High Risk
414,2024-03-15,Basic,199,3.9,1,4,7,46,Yes,1,Inactive,Low,High,Low,0.8684135310846859,1,High Risk
415,2024-09-14,Standard,399,6.6,1,1,9,35,No,0,Inactive,Low,Medium,Medium,0.39525235738782166,0,Medium Risk
416,2023-07-13,Standard,399,21.3,4,1,2,33,No,0,Inactive,Medium,Medium,High,0.4857111566318596,0,Medium Risk
417,2023-09-04,Premium,699,7.7,0,1,26,31,No,0,Inactive,Low,Medium,Medium,0.3095525645591831,0,Medium Risk
418,2024-02-01,Standard,399,13.4,0,2,5,59,Yes,1,Inactive,Low,Medium,Medium,0.5004805658945393,1,Medium Risk
419,2024-08-24,Premium,699,9.5,2,3,27,49,Yes,1,Inactive,Low,High,Medium,0.6614440542868757,1,High Risk
420,2024-06-02,Basic,199,6.9,0,0,1,60,No,0,Inactive,Low,Low,Medium,0.2878499533621322,0,Low Risk
421,2024-07-03,Standard,399,19.3,6,5,33,25,Yes,1,At Risk,High,High,High,0.7453865514235358,1,High Risk
422,2023-06-09,Premium,699,7.3,4,0,10,32,No,0,Inactive,Medium,Low,Medium,0.3272034751828573,0,Medium Risk
423,2023-09-02,Premium,699,10.1,1,2,21,44,Yes,1,Inactive,Low,Medium,Medium,0.4668585350201442,0,Medium Risk
424,2023-02-26,Basic,199,2.6,6,0,16,29,Yes,1,At Risk,High,Low,Low,0.6394011131003752,1,High Risk
425,2023-12-22,Standard,399,3.4,2,5,12,0,Yes,1,Active,Low,High,Low,0.7612610518209852,1,High Risk
426,2023-10-03,Premium,699,19.7,4,1,34,23,Yes,1,At Risk,Medium,Medium,High,0.4046268632725307,0,Medium Risk
427,2024-06-20,Premium,699,19.4,0,2,8,51,Yes,1,Inactive,Low,Medium,High,0.4692182445310987,0,Medium Risk
428,2023-02-26,Basic,199,18.0,1,3,17,29,Yes,1,At Risk,Low,High,High,0.47669933282987526,0,Medium Risk
429,2023-04-29,Standard,399,9.5,4,0,11,57,No,0,Inactive,Medium,Low,Medium,0.4022005859144855,0,Medium Risk
430,2024-01-28,Basic,199,0.6,0,1,33,2,No,0,Active,Low,Medium,Low,0.4081663719419389,0,Medium Risk
431,2024-11-02,Basic,199,23.3,0,4,12,51,No,0,Inactive,Low,High,High,0.6388381194107353,1,High Risk
432,2023-03-21,Standard,399,8.4,6,5,15,20,Yes,1,At Risk,High,High,Medium,0.695297714515878,1,High Risk
433,2023-02-17,Premium,699,3.4,0,1,24,14,No,0,Active,Low,Medium,Low,0.4369580051457272,0,Medium Risk
434,2024-04-12,Standard,399,22.0,4,2,5,20,Yes,1,At Risk,Medium,Medium,High,0.49895051046826955,0,Medium Risk
435,2024-01-13,Basic,199,5.4,4,5,24,39,Yes,1,Inactive,Medium,High,Medium,0.7290275305373836,1,High Risk
436,2023-09-09,Premium,699,24.9,3,5,32,57,Yes,1,Inactive,Medium,High,High,0.7597701842850453,1,High Risk
437,2024-12-11,Basic,199,23.3,0,1,1,34,Yes,1,Inactive,Low,Medium,High,0.38206678625083523,0,Medium Risk
438,2023-07-30,Basic,199,0.5,6,5,22,46,Yes,1,Inactive,High,High,Low,0.9225925069355324,1,High Risk
439,2023-02-14,Premium,699,10.8,0,1,16,45,Yes,1,Inactive,Low,Medium,Medium,0.36162466621940037,0,Medium Risk
440,2023-04-08,Basic,199,10.6,5,3,34,47,Yes,1,Inactive,Medium,High,Medium,0.7010031849937283,1,High Risk
441,2024-03-21,Premium,699,16.1,6,0,9,37,No,0,Inactive,High,Low,High,0.42967932958847205,0,Medium Risk
442,2024-12-18,Premium,699,6.3,4,2,9,59,No,0,Inactive,Medium,Medium,Medium,0.6004865171445332,1,High Risk
443,2023-05-20,Premium,699,8.3,4,1,21,4,No,0,Active,Medium,Medium,Medium,0.25179179208824526,0,Low Risk
444,2023-05-04,Premium,699,4.3,2,3,7,29,Yes,1,At Risk,Low,High,Low,0.8108107534739075,1,High Risk
445,2023-05-03,Premium,699,24.1,3,3,23,19,No,0,At Risk,Medium,High,High,0.5205993736958561,1,Medium Risk
446,2023-08-09,Basic,199,20.3,4,5,11,44,Yes,1,Inactive,Medium,High,High,0.7508249363009607,1,High Risk
447,2024-11-24,Standard,399,2.7,3,2,10,25,Yes,1,At Risk,Medium,Medium,Low,0.7213923679822587,1,High Risk
448,2024-04-08,Standard,399,20.6,2,0,17,60,No,0,Inactive,Low,Low,High,0.4343755580318804,0,Medium Risk
449,2023-05-05,Premium,699,6.6,7,0,36,51,No,0,Inactive,High,Low,Medium,0.48231871240358565,0,Medium Risk
450,2024-01-17,Basic,199,20.8,3,1,4,12,No,0,Active,Medium,Medium,High,0.2639048391062898,0,Low Risk
451,2023-07-22,Premium,699,14.8,4,0,6,1,No,0,Active,Medium,Low,Medium,0.18854529047658805,0,Low Risk
452,2024-04-17,Premium,699,20.3,1,2,29,7,Yes,1,Active,Low,Medium,High,0.2808203831800663,0,Low Risk
453,2024-01-27,Basic,199,23.1,6,5,11,25,Yes,1,At Risk,High,High,High,0.7582950795977953,1,High Risk
454,2023-06-02,Premium,699,4.7,3,1,28,17,Yes,1,At Risk,Medium,Medium,Low,0.6355977611997294,1,High Risk
455,2023-03-04,Basic,199,16.4,7,3,16,56,Yes,1,Inactive,High,High,High,0.7586730665903075,1,High Risk
456,2024-06-22,Basic,199,9.9,6,1,18,41,No,0,Inactive,High,Medium,Medium,0.5640124085491335,1,Medium Risk
457,2024-05-11,Basic,199,20.0,6,5,35,22,Yes,1,At Risk,High,High,High,0.7360663892804974,1,High Risk
458,2023-08-13,Standard,399,8.4,4,1,33,1,No,0,Active,Medium,Medium,Medium,0.2442801631030971,0,Low Risk
459,2023-08-27,Basic,199,1.9,7,4,18,22,Yes,1,At Risk,High,High,Low,0.8890308050271205,1,High Risk
460,2023-02-27,Basic,199,6.6,3,2,7,34,No,0,Inactive,Medium,Medium,Medium,0.4366293596449124,0,Medium Risk
461,2024-12-15,Basic,199,9.2,2,1,25,15,No,0,At Risk,Low,Medium,Medium,0.3639870030882924,0,Medium Risk
462,2023-07-12,Standard,399,17.7,5,4,2,36,Yes,1,Inactive,Medium,High,High,0.7293292077978069,1,High Risk
463,2024-09-08,Standard,399,8.1,7,0,35,5,Yes,1,Active,High,Low,Medium,0.26809751607258525,0,Low Risk
464,2023-05-14,Basic,199,13.4,0,2,2,58,No,0,Inactive,Low,Medium,Medium,0.459589347090093,0,Medium Risk
465,2024-12-22,Standard,399,23.0,5,0,12,1,Yes,1,Active,Medium,Low,High,0.25045953077241007,0,Low Risk
466,2024-11-09,Basic,199,21.2,5,0,8,23,No,0,At Risk,Medium,Low,High,0.3730268169148771,0,Medium Risk
467,2024-03-23,Standard,399,8.7,5,1,7,10,No,0,Active,Medium,Medium,Medium,0.341901413775793,0,Medium Risk
468,2024-09-20,Premium,699,16.4,2,5,32,35,No,0,Inactive,Low,High,High,0.7221782618817062,1,High Risk
469,2023-10-29,Standard,399,16.8,2,3,15,19,No,0,At Risk,Low,High,High,0.5086214068744015,1,Medium Risk
470,2023-11-22,Basic,199,18.4,6,4,12,2,Yes,1,Active,High,High,High,0.5036087306309206,1,Medium Risk
471,2023-03-21,Premium,699,16.2,1,3,15,9,Yes,1,Active,Low,High,High,0.3255922027625849,0,Medium Risk
472,2024-12-26,Basic,199,24.6,2,5,23,56,No,0,Inactive,Low,High,High,0.794698824500181,1,High Risk
473,2023-12-25,Premium,699,11.4,4,1,22,15,No,0,At Risk,Medium,Medium,Medium,0.3809876940955377,0,Medium Risk
474,2023-06-20,Standard,399,18.2,0,3,7,28,No,0,At Risk,Low,High,High,0.425775256108855,0,Medium Risk
475,2024-05-05,Standard,399,22.1,5,4,32,24,Yes,1,At Risk,Medium,High,High,0.7117682002006788,1,High Risk
476,2023-09-25,Premium,699,4.5,1,0,15,18,Yes,1,At Risk,Low,Low,Low,0.4906407769275524,0,Medium Risk
477,2023-04-06,Basic,199,8.9,6,1,5,46,Yes,1,Inactive,High,Medium,Medium,0.542670906580399,1,Medium Risk
478,2024-03-20,Standard,399,17.8,6,5,31,10,No,0,Active,High,High,High,0.6142947701872835,1,High Risk
479,2024-07-07,Basic,199,3.0,3,1,4,26,No,0,At Risk,Medium,Medium,Low,0.6704119381012996,1,High Risk
480,2024-05-17,Standard,399,7.8,1,0,19,25,No,0,At Risk,Low,Low,Medium,0.23443799022362705,0,Low Risk
481,2024-10-02,Basic,199,9.3,6,0,4,18,No,0,At Risk,High,Low,Medium,0.33655329140097867,0,Medium Risk
482,2023-03-25,Premium,699,5.4,0,1,31,10,No,0,Active,Low,Medium,Medium,0.15822953397866685,0,Low Risk
483,2023-09-29,Standard,399,8.1,6,3,8,31,No,0,Inactive,High,High,Medium,0.6577327956954961,1,High Risk
484,2023-02-15,Basic,199,10.0,5,3,35,23,Yes,1,At Risk,Medium,High,Medium,0.5986274373796905,1,Medium Risk
485,2024-12-14,Standard,399,11.9,3,2,29,36,Yes,1,Inactive,Medium,Medium,Medium,0.5103079368721906,1,Medium Risk
486,2024-08-26,Premium,699,2.6,5,4,7,26,Yes,1,At Risk,Medium,High,Low,0.8882710170047847,1,High Risk
487,2024-12-04,Basic,199,2.0,6,4,36,26,Yes,1,At Risk,High,High,Low,0.8816219400326559,1,High Risk
488,2023-02-05,Standard,399,12.2,1,3,16,57,No,0,Inactive,Low,High,Medium,0.6143325465957634,1,High Risk
489,2023-06-27,Premium,699,20.1,2,0,34,60,No,0,Inactive,Low,Low,High,0.40121040160414867,0,Medium Risk
490,2024-11-30,Basic,199,20.3,2,0,14,27,Yes,1,At Risk,Low,Low,High,0.30183284579200254,0,Medium Risk
491,2023-03-10,Standard,399,24.9,2,4,13,16,Yes,1,At Risk,Low,High,High,0.6056336207879328,1,High Risk
492,2024-04-14,Basic,199,14.1,8,2,25,54,Yes,1,Inactive,High,Medium,Medium,0.7686984677794875,1,High Risk
493,2024-08-25,Basic,199,19.7,1,3,34,9,Yes,1,Active,Low,High,High,0.3624719622672535,0,Medium Risk
494,2023-12-19,Premium,699,23.2,1,2,7,55,Yes,1,Inactive,Low,Medium,High,0.5314876885561651,1,Medium Risk
495,2023-06-26,Standard,399,9.9,7,4,17,38,Yes,1,Inactive,High,High,Medium,0.7749181081855623,1,High Risk
496,2023-12-06,Standard,399,4.0,6,0,26,25,No,0,At Risk,High,Low,Low,0.6433973281693418,1,High Risk
497,2023-12-12,Premium,699,1.7,7,2,16,57,Yes,1,Inactive,High,Medium,Low,0.8844479714399203,1,High Risk
498,2023-08-22,Standard,399,7.4,7,5,20,43,Yes,1,Inactive,High,High,Medium,0.8115672324534949,1,High Risk
499,2024-09-11,Basic,199,24.4,7,2,20,17,No,0,At Risk,High,Medium,High,0.6107750936835832,1,High Risk
500,2024-06-12,Premium,699,5.1,3,3,6,47,Yes,1,Inactive,Medium,High,Medium,0.6030790257387867,1,High Risk
501,2024-02-18,Standard,399,13.1,2,0,4,19,No,0,At Risk,Low,Low,Medium,0.2931225385564917,0,Low Risk
502,2023-07-25,Basic,199,22.0,0,1,34,12,No,0,Active,Low,Medium,High,0.18690395395191778,0,Low Risk
503,2024-01-13,Basic,199,1.3,0,2,16,45,Yes,1,Inactive,Low,Medium,Low,0.7185525370825123,1,High Risk
504,2024-05-15,Standard,399,10.2,1,5,33,1,Yes,1,Active,Low,High,Medium,0.4489955833571608,0,Medium Risk
505,2023-06-17,Premium,699,4.9,7,4,29,35,Yes,1,Inactive,High,High,Low,0.9242465561816537,1,High Risk
506,2023-08-08,Standard,399,7.5,6,0,6,10,No,0,Active,High,Low,Medium,0.21251977062439403,0,Low Risk
507,2024-11-29,Basic,199,17.1,4,5,15,26,Yes,1,At Risk,Medium,High,High,0.6846613752216377,1,High Risk
508,2023-09-16,Basic,199,22.8,2,4,31,51,Yes,1,Inactive,Low,High,High,0.7106395650307323,1,High Risk
509,2023-12-24,Premium,699,18.0,4,3,20,57,Yes,1,Inactive,Medium,High,High,0.6819964767737096,1,High Risk
510,2024-02-11,Standard,399,5.8,4,5,17,33,No,0,Inactive,Medium,High,Medium,0.7245897497702916,1,High Risk
511,2023-10-17,Premium,699,0.7,5,4,7,41,Yes,1,Inactive,Medium,High,Low,0.9040031261964964,1,High Risk
512,2023-10-11,Standard,399,12.3,5,2,7,40,Yes,1,Inactive,Medium,Medium,Medium,0.6109913159135293,1,High Risk
513,2024-09-06,Standard,399,5.1,8,1,20,57,Yes,1,Inactive,High,Medium,Medium,0.6940103745960116,1,High Risk
514,2023-09-23,Standard,399,17.2,0,5,21,31,No,0,Inactive,Low,High,High,0.5835231107477391,1,Medium Risk
515,2023-07-14,Standard,399,10.0,0,4,26,45,No,0,Inactive,Low,High,Medium,0.56732953741182,1,Medium Risk
516,2023-06-24,Standard,399,17.3,7,5,15,22,Yes,1,At Risk,High,High,High,0.7525265732217451,1,High Risk
517,2024-07-26,Premium,699,4.9,1,3,36,8,No,0,Active,Low,High,Low,0.6696019976145149,1,High Risk
518,2023-11-11,Basic,199,16.5,3,2,22,14,No,0,Active,Medium,Medium,High,0.26756714189374564,0,Low Risk
519,2023-02-24,Standard,399,9.6,4,3,22,54,Yes,1,Inactive,Medium,High,Medium,0.66960015103318,1,High Risk
520,2024-01-26,Premium,699,12.1,3,4,5,7,No,0,Active,Medium,High,Medium,0.44950211880786634,0,Medium Risk
521,2024-08-06,Premium,699,10.6,2,1,20,12,No,0,Active,Low,Medium,Medium,0.2836829907587406,0,Low Risk
522,2023-07-01,Standard,399,8.3,2,0,10,31,Yes,1,Inactive,Low,Low,Medium,0.3064435868689213,0,Medium Risk
523,2024-08-13,Standard,399,0.6,4,1,4,48,No,0,Inactive,Medium,Medium,Low,0.7914635023719416,1,High Risk
524,2024-03-15,Basic,199,19.7,1,1,32,39,No,0,Inactive,Low,Medium,High,0.4280470661872626,0,Medium Risk
525,2024-01-18,Standard,399,24.2,6,0,28,2,No,0,Active,High,Low,High,0.25629900923996396,0,Low Risk
526,2024-10-03,Basic,199,19.0,8,1,21,1,No,0,Active,High,Medium,High,0.435277278909057,0,Medium Risk
527,2024-05-30,Premium,699,6.0,5,2,16,8,Yes,1,Active,Medium,Medium,Medium,0.37504013855613605,0,Medium Risk
528,2024-06-16,Premium,699,4.6,0,2,20,60,Yes,1,Inactive,Low,Medium,Low,0.7717151431317985,1,High Risk
529,2023-07-12,Premium,699,8.8,2,2,34,57,Yes,1,Inactive,Low,Medium,Medium,0.5521776430668377,1,Medium Risk
530,2023-01-23,Basic,199,1.0,3,5,26,8,Yes,1,Active,Medium,High,Low,0.7353671188005726,1,High Risk
531,2024-01-20,Premium,699,4.6,5,5,33,41,Yes,1,Inactive,Medium,High,Low,0.9358282941758599,1,High Risk
532,2024-10-31,Premium,699,19.4,0,4,17,3,No,0,Active,Low,High,High,0.35437187979099,0,Medium Risk
533,2023-09-16,Basic,199,17.4,6,3,4,24,Yes,1,At Risk,High,High,High,0.6019068663391354,1,High Risk
534,2024-11-09,Standard,399,5.5,0,2,10,26,No,0,At Risk,Low,Medium,Medium,0.3255172979865731,0,Medium Risk
535,2024-06-07,Premium,699,15.8,2,3,18,53,No,0,Inactive,Low,High,High,0.6647070642016303,1,High Risk
536,2023-09-27,Premium,699,7.4,1,3,8,12,No,0,Active,Low,High,Medium,0.32744274273116825,0,Medium Risk
537,2024-05-23,Premium,699,9.3,6,2,13,10,Yes,1,Active,High,Medium,Medium,0.398822383535198,0,Medium Risk
538,2023-04-24,Basic,199,8.6,0,0,31,42,Yes,1,Inactive,Low,Low,Medium,0.2318581682773839,0,Low Risk
539,2023-04-14,Premium,699,4.2,1,4,32,4,No,0,Active,Low,High,Low,0.6802055657341836,1,High Risk
540,2023-06-28,Standard,399,11.7,4,2,15,29,Yes,1,At Risk,Medium,Medium,Medium,0.47628381567551165,0,Medium Risk
541,2023-02-16,Basic,199,9.3,5,3,19,47,Yes,1,Inactive,Medium,High,Medium,0.695595714804404,1,High Risk
542,2024-09-28,Basic,199,16.8,2,2,9,22,No,0,At Risk,Low,Medium,High,0.438904416448052,0,Medium Risk
543,2024-04-12,Standard,399,9.6,5,1,6,7,No,0,Active,Medium,Medium,Medium,0.33944103910170215,0,Medium Risk
544,2023-06-20,Standard,399,17.4,7,3,25,41,No,0,Inactive,High,High,High,0.7372748524040132,1,High Risk
545,2024-08-27,Basic,199,17.6,0,1,9,6,No,0,Active,Low,Medium,High,0.18078090479593395,0,Low Risk
546,2024-12-01,Standard,399,4.9,6,2,29,39,Yes,1,Inactive,High,Medium,Low,0.8570839910089456,1,High Risk
547,2023-02-17,Premium,699,12.3,7,0,9,56,Yes,1,Inactive,High,Low,Medium,0.5332809929272053,1,Medium Risk
548,2024-08-13,Basic,199,16.5,0,5,17,55,No,0,Inactive,Low,High,High,0.6633218240628105,1,High Risk
549,2024-09-25,Premium,699,24.5,5,4,15,33,Yes,1,Inactive,Medium,High,High,0.7764687544456225,1,High Risk
550,2024-10-18,Basic,199,16.7,3,3,28,22,No,0,At Risk,Medium,High,High,0.5050675400630313,1,Medium Risk
551,2023-06-10,Standard,399,21.1,8,4,10,3,Yes,1,Active,High,High,High,0.644169287254775,1,High Risk
552,2023-09-04,Premium,699,21.4,2,0,31,48,No,0,Inactive,Low,Low,High,0.3774440278894287,0,Medium Risk
553,2023-08-29,Standard,399,1.7,3,4,18,41,Yes,1,Inactive,Medium,High,Low,0.8566128382956333,1,High Risk
554,2023-11-20,Basic,199,11.4,7,0,30,54,Yes,1,Inactive,High,Low,Medium,0.5111921051923453,1,Medium Risk
555,2024-07-24,Basic,199,18.8,0,0,32,25,No,0,At Risk,Low,Low,High,0.201925211174976,0,Low Risk
556,2024-11-18,Premium,699,20.7,4,4,1,35,Yes,1,Inactive,Medium,High,High,0.7202160028823122,1,High Risk
557,2024-07-27,Standard,399,9.4,0,1,22,54,No,0,Inactive,Low,Medium,Medium,0.4043272225605062,0,Medium Risk
558,2024-11-05,Premium,699,18.1,5,5,31,28,Yes,1,At Risk,Medium,High,High,0.7477952185581141,1,High Risk
559,2023-04-19,Basic,199,8.9,4,4,1,33,Yes,1,Inactive,Medium,High,Medium,0.6602245890858237,1,High Risk
560,2023-07-12,Basic,199,12.6,6,0,11,16,No,0,At Risk,High,Low,Medium,0.3216970171064279,0,Medium Risk
561,2024-02-29,Basic,199,5.8,3,5,26,21,Yes,1,At Risk,Medium,High,Medium,0.5968779051146634,1,Medium Risk
562,2024-05-31,Basic,199,19.4,7,3,8,42,Yes,1,Inactive,High,High,High,0.7665578205944233,1,High Risk
563,2024-08-22,Basic,199,0.6,0,4,32,59,Yes,1,Inactive,Low,High,Low,0.8462972832774888,1,High Risk
564,2023-05-12,Standard,399,19.6,2,5,33,37,Yes,1,Inactive,Low,High,High,0.7165287678410146,1,High Risk
565,2024-09-15,Basic,199,16.6,5,4,25,56,Yes,1,Inactive,Medium,High,High,0.7803353958173773,1,High Risk
566,2023-05-22,Premium,699,7.2,5,2,16,28,No,0,At Risk,Medium,Medium,Medium,0.5061039110278797,1,Medium Risk
567,2024-07-20,Standard,399,7.8,8,2,33,45,Yes,1,Inactive,High,Medium,Medium,0.726532615104922,1,High Risk
568,2023-05-16,Premium,699,5.4,4,5,14,22,No,0,At Risk,Medium,High,Medium,0.6335639511495164,1,High Risk
569,2024-07-29,Premium,699,12.8,5,5,12,7,No,0,Active,Medium,High,Medium,0.6253226886302751,1,High Risk
570,2023-01-14,Standard,399,17.0,8,2,27,56,No,0,Inactive,High,Medium,High,0.7341521996189073,1,High Risk
571,2023-10-01,Premium,699,1.1,2,0,7,42,Yes,1,Inactive,Low,Low,Low,0.6354593733107043,1,High Risk
572,2023-07-28,Basic,199,17.2,2,0,19,44,No,0,Inactive,Low,Low,High,0.33666073262759005,0,Medium Risk
573,2024-07-29,Premium,699,9.3,7,0,3,39,No,0,Inactive,High,Low,Medium,0.4993523742435214,0,Medium Risk
574,2023-02-18,Basic,199,10.0,8,5,36,18,No,0,At Risk,High,High,Medium,0.7811063772106676,1,High Risk
575,2023-09-15,Standard,399,10.7,5,4,25,3,Yes,1,Active,Medium,High,Medium,0.5135458757488033,1,Medium Risk
576,2023-07-21,Basic,199,20.8,5,4,29,34,Yes,1,Inactive,Medium,High,High,0.7314877149410596,1,High Risk
577,2023-06-27,Premium,699,7.7,2,5,13,4,Yes,1,Active,Low,High,Medium,0.47329710557114213,0,Medium Risk
578,2023-05-14,Premium,699,3.4,0,3,33,17,Yes,1,At Risk,Low,High,Low,0.694325486607667,1,High Risk
579,2023-06-07,Basic,199,0.6,7,5,17,59,Yes,1,Inactive,High,High,Low,0.9459011102500053,1,High Risk
580,2024-01-02,Standard,399,19.5,4,3,4,50,Yes,1,Inactive,Medium,High,High,0.6996908913269874,1,High Risk
581,2023-06-13,Basic,199,13.4,2,4,21,4,No,0,Active,Low,High,Medium,0.44061968622759845,0,Medium Risk
582,2024-11-10,Standard,399,13.7,1,2,35,14,No,0,Active,Low,Medium,Medium,0.30062655917553033,0,Medium Risk
583,2024-07-28,Standard,399,9.3,3,4,22,33,Yes,1,Inactive,Medium,High,Medium,0.6421544955234775,1,High Risk
584,2024-09-20,Premium,699,3.3,5,3,1,15,No,0,At Risk,Medium,High,Low,0.8507431438559759,1,High Risk
585,2023-04-27,Premium,699,24.0,5,3,16,58,No,0,Inactive,Medium,High,High,0.7606405461835033,1,High Risk
586,2024-01-19,Standard,399,13.7,4,0,17,58,No,0,Inactive,Medium,Low,Medium,0.4592767666047529,0,Medium Risk
587,2023-11-25,Premium,699,11.4,0,2,33,57,No,0,Inactive,Low,Medium,Medium,0.450841165778708,0,Medium Risk
588,2023-03-09,Premium,699,23.7,2,4,6,34,Yes,1,Inactive,Low,High,High,0.6853592850925077,1,High Risk
589,2024-12-20,Basic,199,21.7,6,0,14,13,No,0,Active,High,Low,High,0.2630099070779888,0,Low Risk
590,2024-04-15,Premium,699,16.3,1,5,28,43,Yes,1,Inactive,Low,High,High,0.691638715144468,1,High Risk
591,2024-07-25,Premium,699,1.4,1,0,22,11,No,0,Active,Low,Low,Low,0.3828230996965793,0,Medium Risk
592,2024-03-19,Basic,199,22.8,6,3,15,28,Yes,1,At Risk,High,High,High,0.669691020476847,1,High Risk
593,2024-09-25,Standard,399,10.0,1,4,2,0,No,0,Active,Low,High,Medium,0.3919851398695816,0,Medium Risk
594,2023-10-24,Basic,199,17.7,1,2,3,59,Yes,1,Inactive,Low,Medium,High,0.5005305530722322,1,Medium Risk
595,2024-11-07,Premium,699,15.4,4,3,20,24,Yes,1,At Risk,Medium,High,High,0.5708886181318544,1,Medium Risk
596,2024-07-12,Basic,199,4.3,3,1,31,47,Yes,1,Inactive,Medium,Medium,Low,0.7568053124862992,1,High Risk
597,2023-05-25,Standard,399,7.8,5,0,10,35,No,0,Inactive,Medium,Low,Medium,0.3904771905936746,0,Medium Risk
598,2023-11-09,Basic,199,0.6,6,4,3,35,Yes,1,Inactive,High,High,Low,0.8943412329728765,1,High Risk
599,2024-09-23,Basic,199,5.7,8,1,23,10,Yes,1,Active,High,Medium,Medium,0.4259863637477641,0,Medium Risk
600,2023-03-16,Standard,399,3.3,0,4,13,29,Yes,1,At Risk,Low,High,Low,0.7656852396505025,1,High Risk
601,2023-12-05,Standard,399,6.6,3,5,5,37,Yes,1,Inactive,Medium,High,Medium,0.6633125423761141,1,High Risk
602,2023-07-18,Standard,399,16.9,3,0,9,18,No,0,At Risk,Medium,Low,High,0.2243787632634596,0,Low Risk
603,2024-08-03,Standard,399,11.5,4,5,32,37,Yes,1,Inactive,Medium,High,Medium,0.7584045016228737,1,High Risk
604,2023-08-15,Standard,399,24.0,2,0,21,20,No,0,At Risk,Low,Low,High,0.2849772019636179,0,Low Risk
605,2024-05-06,Premium,699,7.3,5,1,28,43,No,0,Inactive,Medium,Medium,Medium,0.5626813719634866,1,Medium Risk
606,2024-10-23,Standard,399,9.3,4,3,29,35,Yes,1,Inactive,Medium,High,Medium,0.6476564413072844,1,High Risk
607,2024-10-03,Premium,699,21.1,2,4,6,12,Yes,1,Active,Low,High,High,0.5038397922103157,1,Medium Risk
608,2024-08-15,Basic,199,22.4,8,5,5,1,No,0,Active,High,High,High,0.71631237381836,1,High Risk
609,2024-07-06,Standard,399,22.7,8,2,14,34,No,0,Inactive,High,Medium,High,0.738527080667002,1,High Risk
610,2023-05-18,Standard,399,9.5,3,4,10,46,No,0,Inactive,Medium,High,Medium,0.6492025278861527,1,High Risk
611,2023-09-02,Standard,399,13.0,6,2,33,32,Yes,1,Inactive,High,Medium,Medium,0.5906856690512511,1,Medium Risk
612,2024-08-02,Premium,699,19.1,2,3,11,10,Yes,1,Active,Low,High,High,0.42857584337103727,0,Medium Risk
613,2024-05-14,Premium,699,18.5,7,2,10,2,Yes,1,Active,High,Medium,High,0.4438945077877787,0,Medium Risk
614,2024-01-05,Basic,199,7.0,3,0,5,42,Yes,1,Inactive,Medium,Low,Medium,0.31764212062758596,0,Medium Risk
615,2024-12-21,Standard,399,23.0,0,0,31,41,Yes,1,Inactive,Low,Low,High,0.29078666453698604,0,Low Risk
616,2024-01-21,Premium,699,21.0,4,4,18,34,Yes,1,Inactive,Medium,High,High,0.7181107531421641,1,High Risk
617,2023-08-17,Premium,699,9.4,1,4,25,16,No,0,At Risk,Low,High,Medium,0.5010165847221787,1,Medium Risk
618,2024-09-10,Premium,699,9.1,5,3,26,50,Yes,1,Inactive,Medium,High,Medium,0.733190813735807,1,High Risk
619,2024-10-20,Basic,199,22.1,7,1,33,14,Yes,1,Active,High,Medium,High,0.43015739454618407,0,Medium Risk
620,2023-05-02,Standard,399,4.2,2,2,14,38,Yes,1,Inactive,Low,Medium,Low,0.787560115251675,1,High Risk
621,2024-05-05,Premium,699,10.7,5,5,15,7,Yes,1,Active,Medium,High,Medium,0.6130379064015519,1,High Risk
622,2024-08-10,Standard,399,15.0,6,0,14,15,Yes,1,At Risk,High,Low,Medium,0.3667989715959678,0,Medium Risk
623,2023-02-27,Premium,699,3.8,8,0,11,57,Yes,1,Inactive,High,Low,Low,0.8309016549558991,1,High Risk
624,2024-10-14,Basic,199,23.1,8,3,17,38,No,0,Inactive,High,High,High,0.8124579934746278,1,High Risk
625,2024-05-08,Basic,199,23.7,3,3,19,38,No,0,Inactive,Medium,High,High,0.6323903303298021,1,High Risk
626,2024-09-30,Basic,199,20.8,2,4,15,52,No,0,Inactive,Low,High,High,0.7290428309663856,1,High Risk
627,2023-08-24,Premium,699,7.0,5,3,33,38,Yes,1,Inactive,Medium,High,Medium,0.6686406583080583,1,High Risk
628,2024-05-31,Standard,399,3.7,0,1,25,33,No,0,Inactive,Low,Medium,Low,0.6593507781695727,1,High Risk
629,2024-09-06,Premium,699,20.7,1,1,27,30,No,0,At Risk,Low,Medium,High,0.3778350115340661,0,Medium Risk
630,2024-09-09,Basic,199,12.8,1,0,35,30,No,0,At Risk,Low,Low,Medium,0.260248311929259,0,Low Risk
631,2023-02-14,Premium,699,22.5,6,4,1,26,Yes,1,At Risk,High,High,High,0.6957710373603366,1,High Risk
632,2024-12-14,Premium,699,11.0,7,3,34,22,Yes,1,At Risk,High,High,Medium,0.6908862382667912,1,High Risk
633,2023-03-27,Premium,699,10.9,4,3,7,49,Yes,1,Inactive,Medium,High,Medium,0.6667052504466605,1,High Risk
634,2023-01-08,Standard,399,10.5,3,0,35,45,No,0,Inactive,Medium,Low,Medium,0.32099277446663965,0,Medium Risk
635,2023-11-20,Premium,699,3.4,0,3,34,41,Yes,1,Inactive,Low,High,Low,0.7785811645716981,1,High Risk
636,2024-07-02,Standard,399,3.1,6,5,24,37,Yes,1,Inactive,High,High,Low,0.9305324272082831,1,High Risk
637,2024-07-24,Standard,399,15.5,6,1,24,26,No,0,At Risk,High,Medium,High,0.47469325768901943,0,Medium Risk
638,2024-08-14,Standard,399,9.6,8,3,12,16,No,0,At Risk,High,High,Medium,0.7196689258792415,1,High Risk
639,2024-12-17,Standard,399,18.5,1,5,26,14,No,0,Active,Low,High,High,0.48928049944702,0,Medium Risk
640,2024-12-14,Basic,199,5.8,6,2,7,51,Yes,1,Inactive,High,Medium,Medium,0.6232457390821541,1,High Risk
641,2024-09-06,Premium,699,4.4,0,0,4,52,Yes,1,Inactive,Low,Low,Low,0.5986327332361588,1,Medium Risk
642,2024-01-29,Standard,399,2.1,3,2,6,5,No,0,Active,Medium,Medium,Low,0.5768721030925553,1,Medium Risk
643,2023-01-11,Standard,399,7.5,0,1,34,40,No,0,Inactive,Low,Medium,Medium,0.3283817027537459,0,Medium Risk
644,2023-08-26,Basic,199,7.5,0,4,34,32,Yes,1,Inactive,Low,High,Medium,0.5079754869345484,1,Medium Risk
645,2023-06-11,Premium,699,17.0,5,1,11,41,Yes,1,Inactive,Medium,Medium,High,0.5407648855457476,1,Medium Risk
646,2023-07-25,Basic,199,19.6,5,5,18,25,Yes,1,At Risk,Medium,High,High,0.7183517035724073,1,High Risk
647,2024-07-26,Premium,699,18.6,1,0,1,35,Yes,1,Inactive,Low,Low,High,0.3072595560050843,0,Medium Risk
648,2024-04-10,Premium,699,9.0,4,1,23,38,No,0,Inactive,Medium,Medium,Medium,0.5012128445926342,1,Medium Risk
649,2024-05-30,Standard,399,6.9,6,4,1,6,No,0,Active,High,High,Medium,0.5309657269402489,1,Medium Risk
650,2024-08-11,Standard,399,23.7,8,2,22,56,Yes,1,Inactive,High,Medium,High,0.7862914437361053,1,High Risk
651,2024-04-14,Standard,399,24.2,7,1,29,48,Yes,1,Inactive,High,Medium,High,0.6809411849095997,1,High Risk
652,2024-01-27,Premium,699,22.5,0,3,30,7,Yes,1,Active,Low,High,High,0.32827573297717205,0,Medium Risk
653,2024-06-12,Premium,699,17.1,3,2,15,26,No,0,At Risk,Medium,Medium,High,0.4277945840635135,0,Medium Risk
654,2024-11-20,Premium,699,17.7,4,1,1,18,Yes,1,At Risk,Medium,Medium,High,0.41225645828911867,0,Medium Risk
655,2024-08-10,Premium,699,2.4,2,3,22,20,Yes,1,At Risk,Low,High,Low,0.8063251483506345,1,High Risk
656,2023-09-05,Standard,399,23.7,3,3,12,47,Yes,1,Inactive,Medium,High,High,0.6350207456181083,1,High Risk
657,2023-04-20,Standard,399,6.1,3,4,14,22,Yes,1,At Risk,Medium,High,Medium,0.5235141564719429,1,Medium Risk
658,2024-07-08,Basic,199,17.1,7,4,6,0,No,0,Active,High,High,High,0.579497037744034,1,Medium Risk
659,2024-08-11,Basic,199,9.6,5,3,31,57,No,0,Inactive,Medium,High,Medium,0.7430816949606628,1,High Risk
660,2024-08-13,Standard,399,5.0,8,2,32,25,Yes,1,At Risk,High,Medium,Low,0.873902153734714,1,High Risk
661,2024-05-29,Basic,199,13.4,6,3,4,60,Yes,1,Inactive,High,High,Medium,0.7676142844767496,1,High Risk
662,2024-04-16,Standard,399,21.6,2,3,26,7,No,0,Active,Low,High,High,0.4326846557665339,0,Medium Risk
663,2024-01-06,Standard,399,0.8,3,3,1,37,Yes,1,Inactive,Medium,High,Low,0.8348019035863932,1,High Risk
664,2024-09-19,Premium,699,5.1,4,1,17,17,No,0,At Risk,Medium,Medium,Medium,0.3795154357016401,0,Medium Risk
665,2024-01-17,Standard,399,5.0,6,1,24,26,No,0,At Risk,High,Medium,Low,0.7772046190209646,1,High Risk
666,2024-12-03,Standard,399,7.4,2,4,26,8,No,0,Active,Low,High,Medium,0.45317400828309695,0,Medium Risk
667,2023-07-20,Basic,199,18.2,3,4,7,27,No,0,At Risk,Medium,High,High,0.5567828810844568,1,Medium Risk
668,2024-10-07,Basic,199,12.1,0,1,10,26,No,0,At Risk,Low,Medium,Medium,0.30354557951591654,0,Medium Risk
669,2024-08-04,Premium,699,18.2,7,2,35,16,No,0,At Risk,High,Medium,High,0.5792475691487913,1,Medium Risk
670,2024-05-02,Basic,199,2.9,2,0,26,13,No,0,Active,Low,Low,Low,0.44473828397776693,0,Medium Risk
671,2024-07-24,Premium,699,11.5,5,2,7,23,Yes,1,At Risk,Medium,Medium,Medium,0.5496876963552093,1,Medium Risk
672,2024-09-12,Standard,399,1.0,1,2,23,55,Yes,1,Inactive,Low,Medium,Low,0.7865928620450081,1,High Risk
673,2024-05-14,Basic,199,4.8,4,2,35,20,Yes,1,At Risk,Medium,Medium,Low,0.757825420734249,1,High Risk
674,2023-05-29,Premium,699,22.3,6,4,29,18,Yes,1,At Risk,High,High,High,0.6732653245077286,1,High Risk
675,2023-08-22,Basic,199,10.8,6,0,22,5,Yes,1,Active,High,Low,Medium,0.21034205293719022,0,Low Risk
676,2024-03-31,Standard,399,16.5,4,4,21,41,Yes,1,Inactive,Medium,High,High,0.7104068414794994,1,High Risk
677,2023-05-09,Standard,399,24.2,6,1,34,11,No,0,Active,High,Medium,High,0.35666779949488475,0,Medium Risk
678,2023-04-08,Premium,699,16.7,1,1,16,10,No,0,Active,Low,Medium,High,0.20711893926667937,0,Low Risk
679,2023-03-27,Basic,199,13.9,0,3,31,33,No,0,Inactive,Low,High,Medium,0.49222579302933345,0,Medium Risk
680,2023-11-13,Basic,199,15.6,1,5,17,59,No,0,Inactive,Low,High,High,0.6927814898961309,1,High Risk
681,2023-06-24,Basic,199,18.6,7,5,16,8,Yes,1,Active,High,High,High,0.6340458772459072,1,High Risk
682,2024-07-07,Basic,199,16.8,5,3,3,29,No,0,At Risk,Medium,High,High,0.6410808561026644,1,High Risk
683,2024-10-08,Standard,399,11.4,8,1,36,37,No,0,Inactive,High,Medium,Medium,0.6779419336454677,1,High Risk
684,2024-07-06,Premium,699,13.3,8,2,28,58,Yes,1,Inactive,High,Medium,Medium,0.7792033076531615,1,High Risk
685,2023-01-11,Basic,199,11.3,5,3,6,16,Yes,1,At Risk,Medium,High,Medium,0.5903004534161769,1,Medium Risk
686,2023-01-09,Basic,199,20.5,2,2,34,18,No,0,At Risk,Low,Medium,High,0.41766943130900513,0,Medium Risk
687,2023-10-27,Premium,699,23.7,7,2,32,0,No,0,Active,High,Medium,High,0.4372220896407185,0,Medium Risk
688,2024-07-28,Premium,699,20.0,8,2,15,12,Yes,1,Active,High,Medium,High,0.5386039689917881,1,Medium Risk
689,2024-03-08,Standard,399,6.6,6,3,26,14,Yes,1,Active,High,High,Medium,0.4912474109475816,0,Medium Risk
690,2023-10-03,Premium,699,13.2,4,2,16,41,Yes,1,Inactive,Medium,Medium,Medium,0.5623225792017277,1,Medium Risk
691,2024-04-11,Standard,399,21.4,2,1,13,18,No,0,At Risk,Low,Medium,High,0.40643262388509027,0,Medium Risk
692,2023-02-20,Premium,699,7.2,7,1,29,20,Yes,1,At Risk,High,Medium,Medium,0.48312777290272574,0,Medium Risk
693,2024-03-24,Premium,699,5.1,1,2,2,17,Yes,1,At Risk,Low,Medium,Medium,0.3555609050742746,0,Medium Risk
694,2024-03-06,Premium,699,6.2,2,0,1,31,Yes,1,Inactive,Low,Low,Medium,0.32368325100075834,0,Medium Risk
695,2023-03-24,Standard,399,25.0,7,5,32,50,Yes,1,Inactive,High,High,High,0.8549361718865282,1,High Risk
696,2023-07-16,Basic,199,7.0,6,0,4,34,Yes,1,Inactive,High,Low,Medium,0.3756579540673948,0,Medium Risk
697,2024-03-29,Standard,399,20.8,1,5,25,15,No,0,At Risk,Low,High,High,0.6062658270950102,1,High Risk
698,2024-04-29,Basic,199,5.4,1,4,3,42,No,0,Inactive,Low,High,Medium,0.6133063808589172,1,High Risk
699,2024-07-16,Standard,399,23.4,2,5,20,46,Yes,1,Inactive,Low,High,High,0.776700083438032,1,High Risk
700,2024-11-13,Premium,699,6.7,4,1,8,23,No,0,At Risk,Medium,Medium,Medium,0.4054177456619657,0,Medium Risk
701,2023-10-10,Basic,199,6.3,6,2,8,0,Yes,1,Active,High,Medium,Medium,0.32068504285639626,0,Medium Risk
702,2024-12-08,Premium,699,10.2,3,0,8,2,No,0,Active,Medium,Low,Medium,0.15797176143582467,0,Low Risk
703,2024-12-03,Standard,399,9.6,1,1,10,10,No,0,Active,Low,Medium,Medium,0.2299377031592827,0,Low Risk
704,2024-12-19,Premium,699,23.3,0,0,22,22,No,0,At Risk,Low,Low,High,0.22131238937872083,0,Low Risk
705,2023-12-22,Premium,699,3.6,3,2,7,35,Yes,1,Inactive,Medium,Medium,Low,0.7575564393579879,1,High Risk
706,2023-02-10,Standard,399,1.0,6,2,13,46,Yes,1,Inactive,High,Medium,Low,0.8399519155511701,1,High Risk
707,2023-07-11,Standard,399,14.2,8,5,29,31,Yes,1,Inactive,High,High,Medium,0.8486480141490537,1,High Risk
708,2024-07-21,Premium,699,8.4,7,2,23,55,No,0,Inactive,High,Medium,Medium,0.7059670991844894,1,High Risk
709,2024-01-11,Basic,199,13.5,7,2,5,52,Yes,1,Inactive,High,Medium,Medium,0.7184989748667184,1,High Risk
710,2023-01-20,Standard,399,19.5,8,3,1,46,Yes,1,Inactive,High,High,High,0.7993991379809862,1,High Risk
711,2024-07-05,Premium,699,19.5,3,2,24,46,Yes,1,Inactive,Medium,Medium,High,0.5391679793585215,1,Medium Risk
712,2023-11-27,Standard,399,13.3,7,4,13,9,No,0,Active,High,High,Medium,0.6035651666731313,1,High Risk
713,2023-05-13,Standard,399,3.2,8,5,21,4,Yes,1,Active,High,High,Low,0.881007964063148,1,High Risk
714,2024-10-19,Basic,199,5.5,7,1,3,6,Yes,1,Active,High,Medium,Medium,0.3601742900807773,0,Medium Risk
715,2023-03-14,Standard,399,13.4,4,0,32,23,Yes,1,At Risk,Medium,Low,Medium,0.2977814025026216,0,Low Risk
716,2024-01-05,Basic,199,16.6,1,3,14,51,No,0,Inactive,Low,High,High,0.6014948216398073,1,High Risk
717,2023-03-14,Premium,699,20.6,0,4,27,17,No,0,At Risk,Low,High,High,0.46628709752099123,0,Medium Risk
718,2024-06-28,Standard,399,23.6,8,0,5,6,No,0,Active,High,Low,High,0.3643723078586526,0,Medium Risk
719,2024-07-25,Standard,399,5.2,3,4,13,40,No,0,Inactive,Medium,High,Medium,0.6378880580595376,1,High Risk
720,2024-04-14,Premium,699,10.7,1,5,36,36,Yes,1,Inactive,Low,High,Medium,0.6851154931439806,1,High Risk
721,2023-12-12,Premium,699,22.1,2,1,28,35,No,0,Inactive,Low,Medium,High,0.468724726255705,0,Medium Risk
722,2023-11-29,Premium,699,13.6,7,2,11,57,Yes,1,Inactive,High,Medium,Medium,0.712246097437896,1,High Risk
723,2024-07-30,Standard,399,19.2,6,5,27,20,No,0,At Risk,High,High,High,0.7347366515644778,1,High Risk
724,2024-04-08,Premium,699,9.7,8,5,14,16,Yes,1,At Risk,High,High,Medium,0.8037982685289166,1,High Risk
725,2023-05-19,Standard,399,0.5,0,2,26,38,Yes,1,Inactive,Low,Medium,Low,0.6782331886905185,1,High Risk
726,2024-12-07,Standard,399,7.9,3,1,1,54,Yes,1,Inactive,Medium,Medium,Medium,0.4809463436216045,0,Medium Risk
727,2023-06-09,Standard,399,13.0,2,0,36,2,No,0,Active,Low,Low,Medium,0.16618044242542537,0,Low Risk
728,2023-04-05,Basic,199,9.5,3,1,17,16,No,0,At Risk,Medium,Medium,Medium,0.31218543069498517,0,Medium Risk
729,2024-05-09,Premium,699,14.4,3,5,26,4,No,0,Active,Medium,High,Medium,0.5105413337650101,1,Medium Risk
730,2024-08-13,Basic,199,20.7,1,4,32,41,Yes,1,Inactive,Low,High,High,0.6511225971282422,1,High Risk
731,2024-03-02,Standard,399,19.6,5,2,6,56,No,0,Inactive,Medium,Medium,High,0.6775154405445559,1,High Risk
732,2023-02-25,Basic,199,18.8,0,5,15,49,No,0,Inactive,Low,High,High,0.6331781701665146,1,High Risk
733,2024-12-15,Standard,399,1.5,8,4,34,9,Yes,1,Active,High,High,Low,0.870232214966383,1,High Risk
734,2024-05-31,Basic,199,1.7,6,3,10,48,Yes,1,Inactive,High,High,Low,0.8998524339609615,1,High Risk
735,2024-05-02,Basic,199,11.1,6,1,15,8,No,0,Active,High,Medium,Medium,0.3415344018233497,0,Medium Risk
736,2024-12-15,Premium,699,13.9,4,0,4,25,No,0,At Risk,Medium,Low,Medium,0.3350599856313216,0,Medium Risk
737,2023-07-20,Basic,199,12.3,3,3,9,25,No,0,At Risk,Medium,High,Medium,0.5044024725946465,1,Medium Risk
738,2024-12-02,Premium,699,6.5,1,2,34,49,Yes,1,Inactive,Low,Medium,Medium,0.4881554816965367,0,Medium Risk
739,2023-11-25,Premium,699,3.3,6,3,6,23,Yes,1,At Risk,High,High,Low,0.845721435818778,1,High Risk
740,2024-03-28,Standard,399,19.4,2,2,2,39,No,0,Inactive,Low,Medium,High,0.5527347135187144,1,Medium Risk
741,2023-03-29,Premium,699,11.3,3,1,10,43,No,0,Inactive,Medium,Medium,Medium,0.4411307307442909,0,Medium Risk
742,2023-04-24,Basic,199,6.5,2,2,4,0,Yes,1,Active,Low,Medium,Medium,0.2533998688591332,0,Low Risk
743,2023-07-28,Standard,399,12.0,5,1,29,47,No,0,Inactive,Medium,Medium,Medium,0.5701738234587297,1,Medium Risk
744,2023-05-25,Premium,699,18.9,8,3,34,39,Yes,1,Inactive,High,High,High,0.7828814495502301,1,High Risk
745,2023-10-18,Premium,699,9.7,8,0,2,16,Yes,1,At Risk,High,Low,Medium,0.42404046174878884,0,Medium Risk
746,2024-11-09,Basic,199,1.8,0,0,18,24,No,0,At Risk,Low,Low,Low,0.45344259675976173,0,Medium Risk
747,2024-01-31,Premium,699,21.7,0,2,24,55,No,0,Inactive,Low,Medium,High,0.4926194647162103,0,Medium Risk
748,2024-06-28,Basic,199,13.0,1,2,25,31,No,0,Inactive,Low,Medium,Medium,0.4696229773385746,0,Medium Risk
749,2023-02-10,Basic,199,5.4,7,4,12,59,Yes,1,Inactive,High,High,Medium,0.7908002427173502,1,High Risk
750,2023-12-22,Basic,199,8.0,7,3,34,47,Yes,1,Inactive,High,High,Medium,0.7351827506077805,1,High Risk
751,2023-03-05,Premium,699,9.2,4,1,23,32,Yes,1,Inactive,Medium,Medium,Medium,0.4553399147235785,0,Medium Risk
752,2023-06-05,Premium,699,22.0,0,4,17,60,Yes,1,Inactive,Low,High,High,0.6342007223684845,1,High Risk
753,2024-11-25,Standard,399,16.6,1,5,26,24,Yes,1,At Risk,Low,High,High,0.6056125236785519,1,High Risk
754,2023-12-04,Premium,699,10.7,2,3,15,19,No,0,At Risk,Low,High,Medium,0.5193204593265813,1,Medium Risk
755,2023-07-27,Standard,399,3.7,2,4,35,34,Yes,1,Inactive,Low,High,Low,0.8679213667833835,1,High Risk
756,2023-05-29,Basic,199,17.4,8,1,20,27,No,0,At Risk,High,Medium,High,0.5679634306106556,1,Medium Risk
757,2023-07-08,Premium,699,8.3,8,4,11,60,Yes,1,Inactive,High,High,Medium,0.8433054946034935,1,High Risk
758,2024-10-14,Standard,399,18.3,5,3,10,26,Yes,1,At Risk,Medium,High,High,0.6484168817385347,1,High Risk
759,2024-09-18,Premium,699,4.2,3,0,18,8,Yes,1,Active,Medium,Low,Low,0.4165403851595911,0,Medium Risk
760,2023-01-27,Premium,699,15.3,3,4,18,14,Yes,1,Active,Medium,High,High,0.41067887968526906,0,Medium Risk
761,2024-04-25,Standard,399,17.4,7,1,6,32,No,0,Inactive,High,Medium,High,0.6047394754272141,1,High Risk
762,2023-07-17,Premium,699,5.0,6,3,24,30,Yes,1,At Risk,High,High,Low,0.8597274038883529,1,High Risk
763,2024-11-18,Basic,199,10.5,0,2,3,60,Yes,1,Inactive,Low,Medium,Medium,0.4779820511674168,0,Medium Risk
764,2024-04-13,Basic,199,2.1,7,4,14,31,Yes,1,Inactive,High,High,Low,0.9228202250897319,1,High Risk
765,2023-11-17,Basic,199,10.4,0,4,28,47,No,0,Inactive,Low,High,Medium,0.5672011438238977,1,Medium Risk
766,2023-02-13,Standard,399,13.4,0,4,35,6,No,0,Active,Low,High,Medium,0.34059607437459405,0,Medium Risk
767,2024-10-07,Basic,199,13.7,0,4,34,24,Yes,1,At Risk,Low,High,Medium,0.5110670578784862,1,Medium Risk
768,2024-04-17,Basic,199,7.6,6,2,13,49,No,0,Inactive,High,Medium,Medium,0.6277423355809684,1,High Risk
769,2024-04-19,Basic,199,7.7,0,5,28,33,No,0,Inactive,Low,High,Medium,0.5994281012984014,1,Medium Risk
770,2024-12-13,Premium,699,2.7,8,0,29,11,No,0,Active,High,Low,Low,0.6440187068808082,1,High Risk
771,2024-08-27,Premium,699,10.1,5,3,9,1,Yes,1,Active,Medium,High,Medium,0.48017260181303567,0,Medium Risk
772,2024-12-29,Premium,699,22.1,1,2,13,20,No,0,At Risk,Low,Medium,High,0.41594387219083984,0,Medium Risk
773,2024-12-25,Basic,199,2.7,7,5,8,23,Yes,1,At Risk,High,High,Low,0.9218802046629972,1,High Risk
774,2023-06-24,Standard,399,15.5,2,3,33,35,Yes,1,Inactive,Low,High,High,0.5853699204022869,1,Medium Risk
775,2024-03-05,Standard,399,4.5,2,1,10,49,No,0,Inactive,Low,Medium,Low,0.7912993244655029,1,High Risk
776,2023-05-15,Standard,399,18.4,7,2,20,40,Yes,1,Inactive,High,Medium,High,0.6548591926970199,1,High Risk
777,2024-05-25,Basic,199,15.8,4,0,1,29,Yes,1,At Risk,Medium,Low,High,0.3065633653550991,0,Medium Risk
778,2024-05-02,Premium,699,15.4,7,1,1,13,No,0,Active,High,Medium,High,0.3999058093300485,0,Medium Risk
779,2024-09-26,Standard,399,11.3,0,1,27,56,No,0,Inactive,Low,Medium,Medium,0.4203769811797815,0,Medium Risk
780,2024-10-30,Premium,699,20.6,3,0,36,11,No,0,Active,Medium,Low,High,0.17967868381936,0,Low Risk
781,2023-11-02,Standard,399,4.1,0,5,3,36,Yes,1,Inactive,Low,High,Low,0.8438660064511817,1,High Risk
782,2024-09-17,Standard,399,1.7,6,1,6,10,No,0,Active,High,Medium,Low,0.6438776681806148,1,High Risk
783,2023-02-06,Premium,699,4.8,7,5,36,37,Yes,1,Inactive,High,High,Low,0.9398511602646167,1,High Risk
784,2024-07-17,Basic,199,8.4,6,0,20,48,Yes,1,Inactive,High,Low,Medium,0.4494138490518841,0,Medium Risk
785,2024-06-23,Basic,199,12.0,1,5,19,55,Yes,1,Inactive,Low,High,Medium,0.7289382792953369,1,High Risk
786,2024-10-06,Standard,399,5.6,3,4,34,3,Yes,1,Active,Medium,High,Medium,0.39634316963369665,0,Medium Risk
787,2023-09-23,Premium,699,12.3,4,3,6,38,No,0,Inactive,Medium,High,Medium,0.6470357960879816,1,High Risk
788,2024-05-19,Premium,699,23.2,7,4,23,46,Yes,1,Inactive,High,High,High,0.8301022718289164,1,High Risk
789,2024-10-02,Basic,199,17.9,3,0,15,7,Yes,1,Active,Medium,Low,High,0.16024178424712995,0,Low Risk
790,2024-07-27,Basic,199,20.1,6,3,14,2,Yes,1,Active,High,High,High,0.4867303419558601,0,Medium Risk
791,2023-03-11,Premium,699,0.8,3,5,14,18,Yes,1,At Risk,Medium,High,Low,0.8286562516270092,1,High Risk
792,2023-12-16,Standard,399,12.9,5,0,20,7,No,0,Active,Medium,Low,Medium,0.228916231082781,0,Low Risk
793,2024-11-19,Standard,399,20.9,3,2,2,53,Yes,1,Inactive,Medium,Medium,High,0.5676091592946524,1,Medium Risk
794,2024-07-03,Standard,399,20.0,2,3,31,9,No,0,Active,Low,High,High,0.42811420629368524,0,Medium Risk
795,2023-11-03,Standard,399,19.7,6,5,30,3,No,0,Active,High,High,High,0.5773722025918041,1,Medium Risk
796,2023-12-29,Premium,699,14.1,0,1,21,36,No,0,Inactive,Low,Medium,Medium,0.35669102689141835,0,Medium Risk
797,2023-06-19,Basic,199,7.4,0,2,10,24,No,0,At Risk,Low,Medium,Medium,0.2976323172385704,0,Low Risk
798,2024-12-27,Premium,699,5.1,1,2,25,45,No,0,Inactive,Low,Medium,Medium,0.4695245044445787,0,Medium Risk
799,2023-11-06,Basic,199,10.6,7,1,18,23,Yes,1,At Risk,High,Medium,Medium,0.5040039047958997,1,Medium Risk
800,2023-07-26,Basic,199,7.9,1,2,34,50,Yes,1,Inactive,Low,Medium,Medium,0.4597746208642254,0,Medium Risk
801,2024-05-10,Basic,199,12.9,7,4,29,9,Yes,1,Active,High,High,Medium,0.6213561590791206,1,High Risk
802,2024-06-12,Premium,699,8.1,5,1,34,49,No,0,Inactive,Medium,Medium,Medium,0.5830855768378451,1,Medium Risk
803,2024-06-18,Premium,699,5.5,0,3,9,24,No,0,At Risk,Low,High,Medium,0.4160815925406771,0,Medium Risk
804,2023-03-31,Basic,199,8.1,0,5,1,54,Yes,1,Inactive,Low,High,Medium,0.6301966441622437,1,High Risk
805,2023-11-16,Standard,399,22.3,1,4,30,49,No,0,Inactive,Low,High,High,0.6595080467019221,1,High Risk
806,2023-10-11,Basic,199,16.2,3,2,20,12,Yes,1,Active,Medium,Medium,High,0.2619979218850271,0,Low Risk
807,2023-04-28,Premium,699,19.4,1,2,21,9,Yes,1,Active,Low,Medium,High,0.25741290325582544,0,Low Risk
808,2023-10-05,Basic,199,13.1,3,4,36,22,Yes,1,At Risk,Medium,High,Medium,0.555703128179299,1,Medium Risk
809,2023-12-13,Basic,199,14.6,2,0,19,19,No,0,At Risk,Low,Low,Medium,0.26819857171441613,0,Low Risk
810,2023-04-19,Premium,699,1.7,0,3,29,57,Yes,1,Inactive,Low,High,Low,0.80139849459667,1,High Risk
811,2024-08-29,Standard,399,2.6,6,1,4,45,Yes,1,Inactive,High,Medium,Low,0.8293686606434915,1,High Risk
812,2024-11-17,Premium,699,15.6,4,2,29,52,Yes,1,Inactive,Medium,Medium,High,0.5894991337884522,1,Medium Risk
813,2024-12-16,Premium,699,24.4,7,4,6,8,Yes,1,Active,High,High,High,0.6508118147074627,1,High Risk
814,2023-05-28,Standard,399,11.7,7,3,7,14,No,0,Active,High,High,Medium,0.5519911012672596,1,Medium Risk
815,2023-12-05,Premium,699,22.9,6,1,17,44,No,0,Inactive,High,Medium,High,0.5828052585869468,1,Medium Risk
816,2024-04-17,Standard,399,12.4,1,3,30,7,No,0,Active,Low,High,Medium,0.3670813598294036,0,Medium Risk
817,2023-04-20,Basic,199,19.3,2,4,19,6,No,0,Active,Low,High,High,0.43570977419817675,0,Medium Risk
818,2024-02-28,Standard,399,16.4,4,4,36,29,Yes,1,At Risk,Medium,High,High,0.6420733224958374,1,High Risk
819,2024-12-11,Basic,199,13.9,7,3,16,4,Yes,1,Active,High,High,Medium,0.5594434899689733,1,Medium Risk
820,2024-12-11,Premium,699,19.7,6,4,28,50,Yes,1,Inactive,High,High,High,0.7872866704108981,1,High Risk
821,2024-05-13,Basic,199,16.7,1,5,12,59,No,0,Inactive,Low,High,High,0.7239744581649706,1,High Risk
822,2024-02-20,Basic,199,8.5,1,3,30,11,Yes,1,Active,Low,High,Medium,0.34826562579020776,0,Medium Risk
823,2023-03-04,Basic,199,17.3,6,2,7,31,Yes,1,Inactive,High,Medium,High,0.5628408913422284,1,Medium Risk
824,2024-06-28,Basic,199,20.5,0,1,14,42,Yes,1,Inactive,Low,Medium,High,0.38572612570198617,0,Medium Risk
825,2023-11-21,Standard,399,15.6,7,1,25,13,No,0,Active,High,Medium,High,0.36872252187922844,0,Medium Risk
826,2023-04-02,Standard,399,23.0,6,5,20,58,Yes,1,Inactive,High,High,High,0.8296852311926972,1,High Risk
827,2023-10-29,Premium,699,15.5,8,3,1,54,Yes,1,Inactive,High,High,High,0.7988033532804685,1,High Risk
828,2024-01-03,Basic,199,22.6,0,0,24,45,No,0,Inactive,Low,Low,High,0.29196480172725486,0,Low Risk
829,2024-10-02,Basic,199,21.7,3,3,19,44,Yes,1,Inactive,Medium,High,High,0.6365274249696673,1,High Risk
830,2024-05-01,Standard,399,10.4,6,4,25,13,No,0,Active,High,High,Medium,0.5687932947611765,1,Medium Risk
831,2024-11-17,Basic,199,14.1,5,3,13,9,Yes,1,Active,Medium,High,Medium,0.5170325382732212,1,Medium Risk
832,2024-11-04,Basic,199,0.8,0,1,9,46,No,0,Inactive,Low,Medium,Low,0.6700716047477239,1,High Risk
833,2024-09-10,Standard,399,2.6,6,3,9,57,Yes,1,Inactive,High,High,Low,0.9128449199088132,1,High Risk
834,2023-12-30,Standard,399,11.6,6,4,12,52,Yes,1,Inactive,High,High,Medium,0.7683791487631114,1,High Risk
835,2023-08-31,Basic,199,10.9,0,4,12,31,No,0,Inactive,Low,High,Medium,0.5279463590684031,1,Medium Risk
836,2023-02-08,Premium,699,7.1,8,4,33,23,Yes,1,At Risk,High,High,Medium,0.743492269576453,1,High Risk
837,2023-03-23,Premium,699,17.8,1,4,31,30,No,0,At Risk,Low,High,High,0.5434686719255919,1,Medium Risk
838,2024-09-16,Basic,199,24.6,4,3,34,33,Yes,1,Inactive,Medium,High,High,0.6766156557957601,1,High Risk
839,2024-08-16,Basic,199,12.1,1,5,16,40,Yes,1,Inactive,Low,High,Medium,0.6957161071857982,1,High Risk
840,2024-04-25,Standard,399,22.6,8,0,4,30,Yes,1,At Risk,High,Low,High,0.523077193107179,1,Medium Risk
841,2024-09-03,Premium,699,10.8,4,2,22,10,Yes,1,Active,Medium,Medium,Medium,0.35215769362367155,0,Medium Risk
842,2023-06-23,Premium,699,18.3,4,0,20,40,Yes,1,Inactive,Medium,Low,High,0.3645980734098462,0,Medium Risk
843,2024-05-11,Premium,699,16.6,4,5,4,39,Yes,1,Inactive,Medium,High,High,0.7539153934882531,1,High Risk
844,2023-10-09,Basic,199,12.9,4,2,9,8,No,0,Active,Medium,Medium,Medium,0.32419771280412313,0,Medium Risk
845,2024-04-02,Standard,399,18.7,2,4,1,47,Yes,1,Inactive,Low,High,High,0.7151606968114987,1,High Risk
846,2023-02-03,Standard,399,6.9,3,3,12,11,No,0,Active,Medium,High,Medium,0.3441016154653304,0,Medium Risk
847,2024-01-28,Standard,399,24.2,2,3,6,48,No,0,Inactive,Low,High,High,0.6969096866237021,1,High Risk
848,2023-12-20,Basic,199,18.3,2,1,29,36,No,0,Inactive,Low,Medium,High,0.4395087219881326,0,Medium Risk
849,2024-05-02,Basic,199,19.0,1,0,17,10,No,0,Active,Low,Low,High,0.15424930725559,0,Low Risk
850,2024-02-04,Standard,399,18.8,8,1,31,24,No,0,At Risk,High,Medium,High,0.6044552564376195,1,High Risk
851,2024-04-04,Standard,399,4.1,6,0,17,18,No,0,At Risk,High,Low,Low,0.6550149141767921,1,High Risk
852,2023-12-29,Standard,399,24.1,0,0,21,58,No,0,Inactive,Low,Low,High,0.3109925079096222,0,Medium Risk
853,2024-02-05,Standard,399,8.7,4,0,18,16,No,0,At Risk,Medium,Low,Medium,0.28468749712008357,0,Low Risk
854,2023-07-04,Standard,399,18.5,3,4,16,21,No,0,At Risk,Medium,High,High,0.5491132197758721,1,Medium Risk
855,2024-06-21,Standard,399,0.8,0,0,36,0,No,0,Active,Low,Low,Low,0.297512343309878,0,Low Risk
856,2024-09-26,Basic,199,9.1,4,2,29,12,Yes,1,Active,Medium,Medium,Medium,0.3389859840908093,0,Medium Risk
857,2023-05-03,Basic,199,23.5,3,4,4,40,Yes,1,Inactive,Medium,High,High,0.6623052660527808,1,High Risk
858,2023-10-29,Basic,199,9.7,2,0,9,44,Yes,1,Inactive,Low,Low,Medium,0.33843706537137913,0,Medium Risk
859,2023-11-28,Standard,399,16.2,4,3,5,44,No,0,Inactive,Medium,High,High,0.6402806424292489,1,High Risk
860,2023-03-03,Standard,399,19.6,4,0,11,24,Yes,1,At Risk,Medium,Low,High,0.29438366089517615,0,Low Risk
861,2024-02-07,Standard,399,4.9,1,3,17,59,Yes,1,Inactive,Low,High,Low,0.8643853340374635,1,High Risk
862,2023-04-19,Basic,199,3.2,8,3,32,13,Yes,1,Active,High,High,Low,0.8326840501794741,1,High Risk
863,2024-04-01,Standard,399,3.0,1,0,17,36,No,0,Inactive,Low,Low,Low,0.6020651688043969,1,High Risk
864,2023-06-05,Basic,199,4.1,0,0,32,42,Yes,1,Inactive,Low,Low,Low,0.52799781440825,1,Medium Risk
865,2024-05-17,Premium,699,22.7,0,4,22,45,No,0,Inactive,Low,High,High,0.6275967212101365,1,High Risk
866,2024-12-06,Standard,399,10.4,1,4,28,14,Yes,1,Active,Low,High,Medium,0.4293187967698041,0,Medium Risk
867,2023-02-26,Standard,399,14.4,5,2,8,43,Yes,1,Inactive,Medium,Medium,Medium,0.6306934120657302,1,High Risk
868,2023-10-24,Premium,699,9.5,5,0,6,53,Yes,1,Inactive,Medium,Low,Medium,0.4505020715037379,0,Medium Risk
869,2024-12-13,Premium,699,4.8,0,3,13,42,Yes,1,Inactive,Low,High,Low,0.8073852822518999,1,High Risk
870,2024-03-24,Standard,399,16.0,5,3,7,5,No,0,Active,Medium,High,High,0.4795058865154436,0,Medium Risk
871,2023-09-02,Premium,699,3.9,3,0,13,46,No,0,Inactive,Medium,Low,Low,0.6305782298700524,1,High Risk
872,2024-04-05,Standard,399,2.0,8,5,25,19,Yes,1,At Risk,High,High,Low,0.9350497076525687,1,High Risk
873,2023-08-05,Basic,199,8.8,5,5,3,2,Yes,1,Active,Medium,High,Medium,0.5509595078607928,1,Medium Risk
874,2023-03-15,Premium,699,11.7,8,1,34,47,No,0,Inactive,High,Medium,Medium,0.678159185222595,1,High Risk
875,2023-02-16,Basic,199,12.5,0,3,10,58,No,0,Inactive,Low,High,Medium,0.5546765863311182,1,Medium Risk
876,2024-04-12,Basic,199,0.9,0,2,9,52,Yes,1,Inactive,Low,Medium,Low,0.7325752923971844,1,High Risk
877,2024-09-22,Premium,699,21.0,1,0,11,7,No,0,Active,Low,Low,High,0.16143647102450703,0,Low Risk
878,2024-11-25,Basic,199,20.2,6,2,5,51,No,0,Inactive,High,Medium,High,0.6609286752846613,1,High Risk
879,2023-08-07,Standard,399,3.5,8,1,21,20,No,0,At Risk,High,Medium,Low,0.8169198312011338,1,High Risk
880,2023-06-22,Basic,199,8.7,1,2,12,9,No,0,Active,Low,Medium,Medium,0.23759469684334075,0,Low Risk
881,2023-05-17,Premium,699,14.1,7,1,24,59,No,0,Inactive,High,Medium,Medium,0.6693018862872587,1,High Risk
882,2023-07-03,Basic,199,19.6,0,3,25,5,Yes,1,Active,Low,High,High,0.275806001171283,0,Low Risk
883,2024-10-17,Basic,199,10.7,7,5,19,8,Yes,1,Active,High,High,Medium,0.6604393470727502,1,High Risk
884,2024-09-02,Standard,399,11.5,3,1,34,39,No,0,Inactive,Medium,Medium,Medium,0.45817414772978915,0,Medium Risk
885,2023-12-23,Basic,199,15.5,1,5,32,52,No,0,Inactive,Low,High,High,0.6742494594970416,1,High Risk
886,2024-09-25,Standard,399,14.2,3,0,1,33,No,0,Inactive,Medium,Low,Medium,0.34154748720347383,0,Medium Risk
887,2023-02-24,Standard,399,12.9,7,5,35,42,Yes,1,Inactive,High,High,Medium,0.8287362532169281,1,High Risk
888,2023-02-14,Basic,199,20.0,7,3,8,11,Yes,1,Active,High,High,High,0.5396576182110713,1,Medium Risk
889,2024-04-09,Basic,199,7.5,6,2,24,21,Yes,1,At Risk,High,Medium,Medium,0.508549993215774,1,Medium Risk
890,2024-05-11,Basic,199,18.6,8,1,7,10,No,0,Active,High,Medium,High,0.458826710237833,0,Medium Risk
891,2023-11-30,Premium,699,2.2,3,5,8,28,Yes,1,At Risk,Medium,High,Low,0.848515435008566,1,High Risk
892,2023-08-22,Standard,399,18.8,5,1,13,49,Yes,1,Inactive,Medium,Medium,High,0.5719748195523418,1,Medium Risk
893,2024-04-27,Basic,199,18.6,3,3,16,57,Yes,1,Inactive,Medium,High,High,0.6525025065250909,1,High Risk
894,2024-04-10,Premium,699,1.8,6,1,32,13,No,0,Active,High,Medium,Low,0.6507900560758483,1,High Risk
895,2023-10-04,Basic,199,9.7,7,5,25,12,No,0,Active,High,High,Medium,0.6365471906481602,1,High Risk
896,2024-04-21,Basic,199,3.6,0,2,22,8,Yes,1,Active,Low,Medium,Low,0.5005747278652533,1,Medium Risk
897,2023-06-10,Standard,399,4.7,5,1,27,56,Yes,1,Inactive,Medium,Medium,Low,0.8355244862190364,1,High Risk
898,2024-06-18,Premium,699,14.7,8,1,11,5,No,0,Active,High,Medium,Medium,0.4764743767840119,0,Medium Risk
899,2023-09-10,Standard,399,15.0,7,2,14,0,No,0,Active,High,Medium,Medium,0.4316019598053399,0,Medium Risk
900,2024-08-10,Basic,199,11.1,3,4,21,60,Yes,1,Inactive,Medium,High,Medium,0.7100779462903062,1,High Risk
901,2023-02-04,Basic,199,24.5,0,3,27,46,No,0,Inactive,Low,High,High,0.5462064605684687,1,Medium Risk
902,2024-07-25,Standard,399,10.2,1,3,34,31,Yes,1,Inactive,Low,High,Medium,0.560947669960832,1,Medium Risk
903,2023-04-03,Basic,199,23.8,2,2,27,18,Yes,1,At Risk,Low,Medium,High,0.4379270385662676,0,Medium Risk
904,2024-08-20,Basic,199,16.9,2,5,31,29,No,0,At Risk,Low,High,High,0.6666460878169642,1,High Risk
905,2024-01-15,Basic,199,11.9,2,5,30,25,Yes,1,At Risk,Low,High,Medium,0.6712588930565203,1,High Risk
906,2024-12-08,Premium,699,17.7,0,5,30,4,No,0,Active,Low,High,High,0.40018887765005673,0,Medium Risk
907,2024-07-09,Standard,399,1.3,6,2,34,44,Yes,1,Inactive,High,Medium,Low,0.8528714687387502,1,High Risk
908,2023-02-26,Premium,699,19.8,1,4,14,56,Yes,1,Inactive,Low,High,High,0.6657365679973123,1,High Risk
909,2023-02-11,Premium,699,22.3,1,3,24,23,Yes,1,At Risk,Low,High,High,0.49458404801431544,0,Medium Risk
910,2023-07-29,Standard,399,4.8,8,5,24,4,Yes,1,Active,High,High,Low,0.8848968203452545,1,High Risk
911,2024-08-17,Basic,199,6.3,1,5,22,30,No,0,At Risk,Low,High,Medium,0.5990204558565663,1,Medium Risk
912,2024-05-30,Premium,699,19.0,3,2,14,22,No,0,At Risk,Medium,Medium,High,0.4283433626241873,0,Medium Risk
913,2024-05-28,Premium,699,7.3,1,2,28,22,Yes,1,At Risk,Low,Medium,Medium,0.37843403064068326,0,Medium Risk
914,2023-10-27,Premium,699,12.0,8,5,8,52,Yes,1,Inactive,High,High,Medium,0.8716838643247073,1,High Risk
915,2023-03-31,Standard,399,20.1,1,1,24,57,No,0,Inactive,Low,Medium,High,0.4578790351068982,0,Medium Risk
916,2023-04-25,Basic,199,22.5,4,0,26,6,Yes,1,Active,Medium,Low,High,0.19037080036647128,0,Low Risk
917,2023-10-28,Premium,699,12.7,3,4,10,60,No,0,Inactive,Medium,High,Medium,0.7011514574390361,1,High Risk
918,2024-10-22,Standard,399,23.3,7,2,35,26,Yes,1,At Risk,High,Medium,High,0.633928068118538,1,High Risk
919,2024-10-22,Basic,199,5.1,0,1,19,53,No,0,Inactive,Low,Medium,Medium,0.36977188676901024,0,Medium Risk
920,2024-06-26,Standard,399,14.7,5,3,27,37,Yes,1,Inactive,Medium,High,Medium,0.7306081781896651,1,High Risk
921,2023-08-21,Premium,699,11.7,2,2,29,10,No,0,Active,Low,Medium,Medium,0.30634891748023874,0,Medium Risk
922,2023-06-20,Standard,399,24.3,0,1,24,22,Yes,1,At Risk,Low,Medium,High,0.29710165815288553,0,Low Risk
923,2024-12-10,Premium,699,17.9,4,1,11,11,No,0,Active,Medium,Medium,High,0.3018716770724264,0,Medium Risk
924,2024-03-27,Premium,699,4.5,1,0,10,20,No,0,At Risk,Low,Low,Low,0.5272486695068764,1,Medium Risk
925,2023-12-19,Standard,399,5.0,8,5,24,2,No,0,Active,High,High,Low,0.8831266806014673,1,High Risk
926,2023-01-26,Basic,199,11.5,2,4,24,19,Yes,1,At Risk,Low,High,Medium,0.5713246920003341,1,Medium Risk
927,2024-07-13,Standard,399,19.3,7,2,32,9,Yes,1,Active,High,Medium,High,0.46455836129646977,0,Medium Risk
928,2024-08-10,Premium,699,16.4,4,3,22,57,Yes,1,Inactive,Medium,High,High,0.6996963396794172,1,High Risk
929,2024-05-05,Premium,699,20.1,7,2,10,44,Yes,1,Inactive,High,Medium,High,0.702064936464719,1,High Risk
930,2023-08-14,Basic,199,17.1,1,2,9,1,No,0,Active,Low,Medium,High,0.2252363735662619,0,Low Risk
931,2024-06-23,Standard,399,2.8,0,4,23,41,Yes,1,Inactive,Low,High,Low,0.8313532578048096,1,High Risk
932,2024-11-18,Basic,199,5.3,1,4,18,54,Yes,1,Inactive,Low,High,Medium,0.6423626099508837,1,High Risk
933,2023-02-27,Basic,199,10.2,7,2,33,38,Yes,1,Inactive,High,Medium,Medium,0.6384808090862819,1,High Risk
934,2023-10-19,Premium,699,10.2,6,2,24,24,Yes,1,At Risk,High,Medium,Medium,0.511692746342459,1,Medium Risk
935,2024-03-30,Standard,399,8.0,7,4,23,5,Yes,1,Active,High,High,Medium,0.5905266684997383,1,Medium Risk
936,2024-03-10,Premium,699,20.2,4,1,27,51,No,0,Inactive,Medium,Medium,High,0.55792160490654,1,Medium Risk
937,2024-06-21,Premium,699,3.9,1,1,27,13,Yes,1,Active,Low,Medium,Low,0.5259646814744419,1,Medium Risk
938,2023-10-07,Standard,399,23.4,6,0,5,0,No,0,Active,High,Low,High,0.22788361448829558,0,Low Risk
939,2023-10-24,Standard,399,14.1,2,1,12,11,No,0,Active,Low,Medium,Medium,0.27356105110985657,0,Low Risk
940,2024-04-19,Premium,699,1.5,4,4,32,19,Yes,1,At Risk,Medium,High,Low,0.848676377851844,1,High Risk
941,2024-10-13,Basic,199,19.9,2,2,2,19,No,0,At Risk,Low,Medium,High,0.44995231385348883,0,Medium Risk
942,2024-12-05,Standard,399,16.5,4,3,8,11,Yes,1,Active,Medium,High,High,0.44052300919187015,0,Medium Risk
943,2024-01-06,Premium,699,1.2,4,3,16,4,Yes,1,Active,Medium,High,Low,0.7149657547721385,1,High Risk
944,2024-12-11,Premium,699,14.4,4,5,31,43,Yes,1,Inactive,Medium,High,Medium,0.7834456280965656,1,High Risk
945,2023-05-30,Basic,199,13.1,0,2,24,10,No,0,Active,Low,Medium,Medium,0.21620362849892463,0,Low Risk
946,2024-01-05,Standard,399,22.0,2,2,30,10,Yes,1,Active,Low,Medium,High,0.3461219784187339,0,Medium Risk
947,2024-06-10,Standard,399,1.7,4,4,23,40,Yes,1,Inactive,Medium,High,Low,0.8939746565713271,1,High Risk
948,2024-12-02,Basic,199,19.2,2,4,12,20,No,0,At Risk,Low,High,High,0.6049882447786123,1,High Risk
949,2023-05-28,Standard,399,17.3,5,0,18,34,No,0,Inactive,Medium,Low,High,0.3977087046962911,0,Medium Risk
950,2023-06-16,Basic,199,13.2,5,3,9,26,Yes,1,At Risk,Medium,High,Medium,0.6273086956386741,1,High Risk
951,2024-09-20,Basic,199,4.3,3,1,14,50,No,0,Inactive,Medium,Medium,Low,0.7640580277110816,1,High Risk
952,2024-03-03,Premium,699,21.2,8,5,34,48,No,0,Inactive,High,High,High,0.8830061170947539,1,High Risk
953,2024-12-08,Standard,399,3.4,2,0,5,30,Yes,1,At Risk,Low,Low,Low,0.6047286007638857,1,High Risk
954,2023-01-30,Standard,399,20.5,8,2,9,11,No,0,Active,High,Medium,High,0.507704478806583,1,Medium Risk
955,2023-08-03,Premium,699,5.9,2,5,8,14,Yes,1,Active,Low,High,Medium,0.49049077779653294,0,Medium Risk
956,2024-03-17,Basic,199,10.9,1,0,6,1,No,0,Active,Low,Low,Medium,0.14095422584026765,0,Low Risk
957,2023-09-17,Basic,199,3.1,8,4,13,3,Yes,1,Active,High,High,Low,0.8493671288814683,1,High Risk
958,2024-09-08,Basic,199,7.9,0,0,5,50,Yes,1,Inactive,Low,Low,Medium,0.2701754756961278,0,Low Risk
959,2023-10-12,Basic,199,5.0,5,0,13,5,Yes,1,Active,Medium,Low,Low,0.49062891813570014,0,Medium Risk
960,2024-08-06,Premium,699,9.1,8,5,23,39,Yes,1,Inactive,High,High,Medium,0.8603821371709497,1,High Risk
961,2023-10-16,Basic,199,20.6,0,4,7,13,No,0,Active,Low,High,High,0.3508813087936032,0,Medium Risk
962,2024-12-25,Basic,199,0.6,1,1,35,58,Yes,1,Inactive,Low,Medium,Low,0.7429358133643819,1,High Risk
963,2023-07-05,Standard,399,17.6,2,3,24,43,No,0,Inactive,Low,High,High,0.6195791995370237,1,High Risk
964,2023-11-18,Standard,399,10.9,8,1,25,26,Yes,1,At Risk,High,Medium,Medium,0.5794174568245144,1,Medium Risk
965,2023-10-23,Basic,199,3.2,2,3,30,48,Yes,1,Inactive,Low,High,Low,0.8538754126137945,1,High Risk
966,2024-09-06,Premium,699,2.5,7,0,3,24,Yes,1,At Risk,High,Low,Low,0.713839243782878,1,High Risk
967,2024-03-14,Premium,699,17.3,7,1,20,35,Yes,1,Inactive,High,Medium,High,0.6119152631241964,1,High Risk
968,2024-11-21,Basic,199,22.4,7,5,5,23,Yes,1,At Risk,High,High,High,0.7927701081943698,1,High Risk
969,2023-05-27,Standard,399,10.2,8,5,7,43,Yes,1,Inactive,High,High,Medium,0.8542472858129797,1,High Risk
970,2023-06-22,Standard,399,17.5,1,5,26,59,No,0,Inactive,Low,High,High,0.7083277326473518,1,High Risk
971,2024-02-18,Basic,199,24.4,5,1,24,38,No,0,Inactive,Medium,Medium,High,0.5964555411473644,1,Medium Risk
972,2024-08-18,Basic,199,21.0,7,2,15,48,Yes,1,Inactive,High,Medium,High,0.70782730760692,1,High Risk
973,2024-02-19,Premium,699,19.0,6,2,18,30,Yes,1,At Risk,High,Medium,High,0.5659718904785118,1,Medium Risk
974,2024-05-24,Standard,399,7.3,7,0,33,7,No,0,Active,High,Low,Medium,0.2687836561454808,0,Low Risk
975,2023-07-03,Basic,199,1.2,0,0,9,31,No,0,Inactive,Low,Low,Low,0.48229049045731187,0,Medium Risk
976,2024-05-19,Standard,399,4.2,1,0,21,42,No,0,Inactive,Low,Low,Low,0.6243284671288294,1,High Risk
977,2023-12-18,Standard,399,7.7,7,3,13,32,Yes,1,Inactive,High,High,Medium,0.7084166132507104,1,High Risk
978,2024-01-28,Premium,699,0.9,0,3,35,56,No,0,Inactive,Low,High,Low,0.8152859789271889,1,High Risk
979,2024-07-24,Standard,399,21.4,7,3,21,2,Yes,1,Active,High,High,High,0.5602941977465773,1,Medium Risk
980,2024-02-03,Premium,699,22.2,2,3,20,27,Yes,1,At Risk,Low,High,High,0.5936981422576423,1,Medium Risk
981,2024-08-08,Standard,399,14.4,7,5,8,35,Yes,1,Inactive,High,High,Medium,0.8414024694732642,1,High Risk
982,2024-05-21,Standard,399,14.3,2,4,31,3,No,0,Active,Low,High,Medium,0.48057190263546956,0,Medium Risk
983,2024-08-27,Premium,699,15.6,5,2,25,20,Yes,1,At Risk,Medium,Medium,High,0.5181691293526836,1,Medium Risk
984,2024-10-02,Basic,199,21.0,5,5,9,37,Yes,1,Inactive,Medium,High,High,0.8023340455416275,1,High Risk
985,2024-11-08,Standard,399,2.9,5,2,25,26,Yes,1,At Risk,Medium,Medium,Low,0.8071534569163596,1,High Risk
986,2023-03-09,Basic,199,6.2,4,4,16,5,No,0,Active,Medium,High,Medium,0.42654471088542817,0,Medium Risk
987,2024-11-04,Standard,399,8.8,0,4,8,20,Yes,1,At Risk,Low,High,Medium,0.4807406502896092,0,Medium Risk
988,2023-01-23,Standard,399,22.6,4,0,33,44,Yes,1,Inactive,Medium,Low,High,0.39726667193671017,0,Medium Risk
989,2023-04-13,Standard,399,14.5,5,4,25,6,No,0,Active,Medium,High,Medium,0.5447619756545068,1,Medium Risk
990,2023-11-03,Premium,699,8.7,8,5,14,21,Yes,1,At Risk,High,High,Medium,0.7889758201575269,1,High Risk
991,2023-02-18,Standard,399,5.4,1,4,28,13,Yes,1,Active,Low,High,Medium,0.3683208488810403,0,Medium Risk
992,2024-08-29,Standard,399,20.2,1,5,26,54,Yes,1,Inactive,Low,High,High,0.7349623772355349,1,High Risk
993,2023-03-20,Standard,399,2.1,8,3,18,27,Yes,1,At Risk,High,High,Low,0.8981851245992121,1,High Risk
994,2023-07-24,Premium,699,12.9,4,3,20,42,Yes,1,Inactive,Medium,High,Medium,0.6591133770090709,1,High Risk
995,2023-07-04,Standard,399,6.7,8,3,26,42,No,0,Inactive,High,High,Medium,0.7692433955285941,1,High Risk
996,2024-04-23,Basic,199,21.6,7,1,34,42,No,0,Inactive,High,Medium,High,0.6445548840192248,1,High Risk
997,2024-06-18,Standard,399,20.3,6,4,35,46,Yes,1,Inactive,High,High,High,0.7809811960560216,1,High Risk
998,2023-11-04,Basic,199,11.8,3,1,24,47,No,0,Inactive,Medium,Medium,Medium,0.44470532010103536,0,Medium Risk
999,2023-10-01,Standard,399,8.3,1,5,27,13,No,0,Active,Low,High,Medium,0.44071672803919193,0,Medium Risk
1000,2023-07-16,Standard,399,6.8,3,3,11,15,Yes,1,At Risk,Medium,High,Medium,0.45126122599503016,0,Medium Risk
1001,2024-03-22,Basic,199,20.0,4,3,16,31,Yes,1,Inactive,Medium,High,High,0.6483098567772682,1,High Risk
1002,2023-10-12,Standard,399,5.4,4,1,3,1,No,0,Active,Medium,Medium,Medium,0.23318898274286703,0,Low Risk
1003,2023-02-26,Premium,699,4.8,0,5,36,31,Yes,1,Inactive,Low,High,Low,0.8376596324674611,1,High Risk
1004,2024-11-04,Basic,199,15.2,1,3,21,57,Yes,1,Inactive,Low,High,High,0.6085812561808891,1,High Risk
1005,2024-05-27,Basic,199,23.6,2,1,26,7,No,0,Active,Low,Medium,High,0.2909155227948841,0,Low Risk
1006,2023-09-01,Basic,199,16.8,8,2,34,31,No,0,Inactive,High,Medium,High,0.6682359525806423,1,High Risk
1007,2024-02-04,Premium,699,19.4,5,2,8,53,Yes,1,Inactive,Medium,Medium,High,0.6700506556429463,1,High Risk
1008,2023-10-09,Premium,699,23.4,3,1,16,6,No,0,Active,Medium,Medium,High,0.24604390493040068,0,Low Risk
1009,2023-04-26,Standard,399,6.7,0,3,27,34,Yes,1,Inactive,Low,High,Medium,0.4597024180120706,0,Medium Risk
1010,2023-05-29,Standard,399,10.9,3,2,35,56,No,0,Inactive,Medium,Medium,Medium,0.5282973903824745,1,Medium Risk
1011,2024-09-12,Standard,399,18.0,4,0,31,41,No,0,Inactive,Medium,Low,High,0.3921357144720263,0,Medium Risk
1012,2024-10-16,Basic,199,17.4,3,2,4,35,Yes,1,Inactive,Medium,Medium,High,0.48896407740789843,0,Medium Risk
1013,2024-03-29,Premium,699,22.6,1,4,24,55,Yes,1,Inactive,Low,High,High,0.7035756397776163,1,High Risk
1014,2023-08-30,Standard,399,22.8,6,2,1,19,Yes,1,At Risk,High,Medium,High,0.5287906830863098,1,Medium Risk
1015,2024-10-21,Standard,399,21.6,2,3,14,40,Yes,1,Inactive,Low,High,High,0.6632886285270264,1,High Risk
1016,2023-12-07,Standard,399,7.2,1,3,3,30,No,0,At Risk,Low,High,Medium,0.4697413917470193,0,Medium Risk
1017,2023-03-09,Premium,699,22.0,1,1,28,44,Yes,1,Inactive,Low,Medium,High,0.4345598143669027,0,Medium Risk
1018,2023-01-29,Standard,399,15.3,8,5,27,20,Yes,1,At Risk,High,High,High,0.7810714678941002,1,High Risk
1019,2023-11-09,Basic,199,15.9,2,0,12,25,Yes,1,At Risk,Low,Low,High,0.2517867285339665,0,Low Risk
1020,2024-10-26,Standard,399,3.2,3,4,6,45,No,0,Inactive,Medium,High,Low,0.8802932646734654,1,High Risk
1021,2023-05-17,Basic,199,19.9,5,3,27,30,No,0,At Risk,Medium,High,High,0.630519400531522,1,High Risk
1022,2024-01-12,Standard,399,17.3,5,2,12,12,Yes,1,Active,Medium,Medium,High,0.40574586253149103,0,Medium Risk
1023,2024-07-25,Basic,199,22.0,3,0,26,60,Yes,1,Inactive,Medium,Low,High,0.4022869952121959,0,Medium Risk
1024,2023-06-22,Premium,699,22.7,7,1,15,16,No,0,At Risk,High,Medium,High,0.5209154139751185,1,Medium Risk
1025,2023-06-24,Basic,199,15.6,4,1,26,5,No,0,Active,Medium,Medium,High,0.24503682565569315,0,Low Risk
1026,2024-04-09,Premium,699,0.8,8,3,8,49,Yes,1,Inactive,High,High,Low,0.9365641503127777,1,High Risk
1027,2023-09-30,Premium,699,3.4,3,1,32,60,No,0,Inactive,Medium,Medium,Low,0.7632702112291189,1,High Risk
1028,2023-10-17,Standard,399,9.9,6,1,32,38,Yes,1,Inactive,High,Medium,Medium,0.5319319524816858,1,Medium Risk
1029,2023-09-26,Premium,699,10.7,6,1,13,1,No,0,Active,High,Medium,Medium,0.3038857023895774,0,Medium Risk
1030,2023-03-29,Basic,199,22.7,5,4,29,43,Yes,1,Inactive,Medium,High,High,0.7591050699323291,1,High Risk
1031,2024-12-31,Basic,199,3.8,5,5,31,25,Yes,1,At Risk,Medium,High,Low,0.9068631196326276,1,High Risk
1032,2023-02-23,Standard,399,18.5,4,0,28,6,No,0,Active,Medium,Low,High,0.1803708086863303,0,Low Risk
1033,2024-09-04,Standard,399,12.0,5,4,16,60,Yes,1,Inactive,Medium,High,Medium,0.8055412122129552,1,High Risk
1034,2024-02-09,Premium,699,0.6,8,4,3,24,Yes,1,At Risk,High,High,Low,0.922104968626186,1,High Risk
1035,2023-06-23,Premium,699,3.7,8,0,24,37,Yes,1,Inactive,High,Low,Low,0.7963085716129054,1,High Risk
1036,2024-06-27,Premium,699,23.3,7,1,32,5,No,0,Active,High,Medium,High,0.42193558610132814,0,Medium Risk
1037,2023-10-15,Standard,399,6.9,5,0,10,8,No,0,Active,Medium,Low,Medium,0.2066903192593473,0,Low Risk
1038,2023-09-28,Premium,699,23.2,4,2,24,39,No,0,Inactive,Medium,Medium,High,0.5700237301105211,1,Medium Risk
1039,2023-06-04,Premium,699,11.2,2,2,21,47,No,0,Inactive,Low,Medium,Medium,0.5404578242033775,1,Medium Risk
1040,2024-04-26,Premium,699,1.8,2,0,29,14,Yes,1,Active,Low,Low,Low,0.44958486170209333,0,Medium Risk
1041,2023-02-11,Standard,399,17.8,6,0,11,57,No,0,Inactive,High,Low,High,0.462847962365394,0,Medium Risk
1042,2023-06-01,Standard,399,24.7,8,3,23,29,Yes,1,At Risk,High,High,High,0.7576932397384424,1,High Risk
1043,2024-06-04,Basic,199,2.8,4,1,23,53,Yes,1,Inactive,Medium,Medium,Low,0.8027277689326323,1,High Risk
1044,2024-03-02,Standard,399,14.8,0,4,14,49,Yes,1,Inactive,Low,High,Medium,0.636167922218112,1,High Risk
1045,2024-11-27,Basic,199,19.3,1,2,16,1,Yes,1,Active,Low,Medium,High,0.2568680611478313,0,Low Risk
1046,2024-04-16,Basic,199,9.7,1,2,26,9,Yes,1,Active,Low,Medium,Medium,0.26412191670622437,0,Low Risk
1047,2023-02-14,Premium,699,11.6,4,4,31,42,Yes,1,Inactive,Medium,High,Medium,0.701399159504291,1,High Risk
1048,2024-10-21,Premium,699,8.5,2,1,29,55,Yes,1,Inactive,Low,Medium,Medium,0.5185070793887101,1,Medium Risk
1049,2023-04-05,Standard,399,20.1,1,4,21,60,No,0,Inactive,Low,High,High,0.6754399389778322,1,High Risk
1050,2023-06-16,Standard,399,4.9,6,0,17,1,No,0,Active,High,Low,Low,0.48570663691220983,0,Medium Risk
1051,2024-03-18,Standard,399,7.5,2,0,26,19,No,0,At Risk,Low,Low,Medium,0.2641173754973988,0,Low Risk
1052,2024-01-12,Premium,699,22.6,2,2,20,42,Yes,1,Inactive,Low,Medium,High,0.5794008833214377,1,Medium Risk
1053,2024-03-09,Premium,699,12.5,6,3,13,17,No,0,At Risk,High,High,Medium,0.6360976958560789,1,High Risk
1054,2023-02-11,Basic,199,20.4,2,3,28,40,Yes,1,Inactive,Low,High,High,0.6199598573942973,1,High Risk
1055,2024-05-22,Premium,699,24.3,3,5,22,43,No,0,Inactive,Medium,High,High,0.7518399140991159,1,High Risk
1056,2024-05-04,Premium,699,2.6,7,3,34,5,No,0,Active,High,High,Low,0.8060829809369707,1,High Risk
1057,2024-08-05,Standard,399,24.6,4,1,10,33,Yes,1,Inactive,Medium,Medium,High,0.535493390356255,1,Medium Risk
1058,2024-02-27,Basic,199,2.4,0,4,36,6,Yes,1,Active,Low,High,Low,0.6416642340943483,1,High Risk
1059,2024-05-30,Basic,199,16.7,4,2,30,16,No,0,At Risk,Medium,Medium,High,0.44564288439257843,0,Medium Risk
1060,2024-02-07,Basic,199,18.6,7,1,8,50,Yes,1,Inactive,High,Medium,High,0.6504569428901802,1,High Risk
1061,2024-11-17,Basic,199,10.7,4,2,6,37,Yes,1,Inactive,Medium,Medium,Medium,0.5586580836921652,1,Medium Risk
1062,2024-09-10,Standard,399,8.9,2,1,17,11,Yes,1,Active,Low,Medium,Medium,0.27245132647796616,0,Low Risk
1063,2023-06-25,Standard,399,11.1,0,0,7,25,Yes,1,At Risk,Low,Low,Medium,0.18903857927724926,0,Low Risk
1064,2024-05-13,Premium,699,11.8,6,5,31,47,Yes,1,Inactive,High,High,Medium,0.8174385360759001,1,High Risk
1065,2023-01-15,Standard,399,17.4,6,2,24,5,Yes,1,Active,High,Medium,High,0.35737847408679596,0,Medium Risk
1066,2023-05-29,Basic,199,20.5,3,0,8,13,No,0,Active,Medium,Low,High,0.1615459067004564,0,Low Risk
1067,2024-04-19,Premium,699,11.2,8,1,16,5,No,0,Active,High,Medium,Medium,0.4548707154683964,0,Medium Risk
1068,2024-12-20,Basic,199,10.8,1,1,31,57,Yes,1,Inactive,Low,Medium,Medium,0.4699566074854224,0,Medium Risk
1069,2024-08-06,Standard,399,12.1,7,4,32,15,Yes,1,At Risk,High,High,Medium,0.7270949749243283,1,High Risk
1070,2024-03-01,Standard,399,8.7,1,5,4,54,No,0,Inactive,Low,High,Medium,0.7182038789932214,1,High Risk
1071,2024-08-28,Standard,399,25.0,0,3,36,25,Yes,1,At Risk,Low,High,High,0.48594910296017974,0,Medium Risk
1072,2023-11-20,Premium,699,6.2,0,4,32,1,No,0,Active,Low,High,Medium,0.29223968737428835,0,Low Risk
1073,2024-10-23,Premium,699,7.1,6,3,5,7,Yes,1,Active,High,High,Medium,0.47820316587330947,0,Medium Risk
1074,2024-04-25,Standard,399,17.6,0,1,29,18,No,0,At Risk,Low,Medium,High,0.2794206308228986,0,Low Risk
1075,2024-09-08,Standard,399,6.2,3,4,29,58,No,0,Inactive,Medium,High,Medium,0.6863783652393461,1,High Risk
1076,2024-03-02,Premium,699,3.7,4,5,30,45,Yes,1,Inactive,Medium,High,Low,0.9218928175784512,1,High Risk
1077,2023-03-30,Premium,699,20.0,2,4,24,13,Yes,1,Active,Low,High,High,0.4676029719985148,0,Medium Risk
1078,2024-03-01,Premium,699,3.7,3,1,31,38,Yes,1,Inactive,Medium,Medium,Low,0.7422267934650054,1,High Risk
1079,2023-09-25,Standard,399,6.3,8,0,20,1,No,0,Active,High,Low,Medium,0.27414387225907777,0,Low Risk
1080,2024-03-16,Standard,399,4.8,8,0,11,51,Yes,1,Inactive,High,Low,Low,0.8412522060287114,1,High Risk
1081,2023-12-30,Basic,199,3.5,3,3,15,16,No,0,At Risk,Medium,High,Low,0.7543246678594114,1,High Risk
1082,2024-11-16,Basic,199,7.1,2,5,36,55,Yes,1,Inactive,Low,High,Medium,0.7500462850418492,1,High Risk
1083,2023-04-19,Basic,199,23.2,7,3,4,53,No,0,Inactive,High,High,High,0.7827650065705234,1,High Risk
1084,2023-05-01,Premium,699,20.7,0,4,7,6,Yes,1,Active,Low,High,High,0.3421460624797483,0,Medium Risk
1085,2024-05-25,Basic,199,4.3,4,5,24,28,Yes,1,At Risk,Medium,High,Low,0.8898154944575193,1,High Risk
1086,2023-07-26,Premium,699,4.3,5,2,7,52,Yes,1,Inactive,Medium,Medium,Low,0.8599016300968941,1,High Risk
1087,2023-12-16,Standard,399,19.3,0,1,27,53,No,0,Inactive,Low,Medium,High,0.3849040507200409,0,Medium Risk
1088,2024-01-05,Standard,399,4.7,4,2,33,45,Yes,1,Inactive,Medium,Medium,Low,0.8346782502942846,1,High Risk
1089,2024-03-15,Premium,699,4.2,8,3,16,50,Yes,1,Inactive,High,High,Low,0.9417271482264693,1,High Risk
1090,2024-03-29,Standard,399,22.5,8,5,27,23,No,0,At Risk,High,High,High,0.8323239401457008,1,High Risk
1091,2024-02-16,Basic,199,18.1,8,0,1,5,No,0,Active,High,Low,High,0.3250021279897446,0,Medium Risk
1092,2024-08-11,Basic,199,2.0,0,5,28,59,Yes,1,Inactive,Low,High,Low,0.8778061451167591,1,High Risk
1093,2024-07-20,Basic,199,24.3,6,3,34,56,Yes,1,Inactive,High,High,High,0.7715986598985581,1,High Risk
1094,2023-05-31,Standard,399,22.8,0,2,21,57,Yes,1,Inactive,Low,Medium,High,0.473306290088923,0,Medium Risk
1095,2024-10-29,Premium,699,11.4,3,4,26,39,No,0,Inactive,Medium,High,Medium,0.6693573415041524,1,High Risk
1096,2023-02-07,Standard,399,22.2,6,1,23,56,Yes,1,Inactive,High,Medium,High,0.6089320632448469,1,High Risk
1097,2023-04-06,Premium,699,10.1,2,4,22,34,Yes,1,Inactive,Low,High,Medium,0.6521166201903361,1,High Risk
1098,2024-07-06,Premium,699,8.2,5,5,36,10,Yes,1,Active,Medium,High,Medium,0.6045440835407332,1,High Risk
1099,2023-04-24,Premium,699,6.4,4,5,17,27,No,0,At Risk,Medium,High,Medium,0.6515600898892914,1,High Risk
1100,2023-02-18,Premium,699,21.1,4,5,4,32,Yes,1,Inactive,Medium,High,High,0.7366957110060377,1,High Risk
1101,2024-08-18,Premium,699,11.5,0,3,8,21,No,0,At Risk,Low,High,Medium,0.4437033715523137,0,Medium Risk
1102,2024-08-09,Premium,699,21.2,3,2,35,19,Yes,1,At Risk,Medium,Medium,High,0.4312790260228202,0,Medium Risk
1103,2024-06-12,Premium,699,18.0,8,5,9,15,Yes,1,At Risk,High,High,High,0.8047838982001405,1,High Risk
1104,2024-03-11,Premium,699,20.7,5,3,13,6,Yes,1,Active,Medium,High,High,0.5113777205029305,1,Medium Risk
1105,2023-03-21,Standard,399,2.8,6,1,6,30,Yes,1,At Risk,High,Medium,Low,0.7548928612083452,1,High Risk
1106,2023-09-28,Standard,399,10.4,8,4,34,49,Yes,1,Inactive,High,High,Medium,0.8318091920478254,1,High Risk
1107,2024-03-02,Premium,699,16.1,7,5,32,59,No,0,Inactive,High,High,High,0.85629313297578,1,High Risk
1108,2024-12-22,Basic,199,12.9,7,5,10,29,Yes,1,At Risk,High,High,Medium,0.796023865293738,1,High Risk
1109,2023-06-10,Premium,699,3.4,3,3,34,30,Yes,1,At Risk,Medium,High,Low,0.7863668783482936,1,High Risk
1110,2023-05-04,Premium,699,23.1,1,4,24,54,Yes,1,Inactive,Low,High,High,0.6776463845481598,1,High Risk
1111,2024-01-19,Standard,399,1.5,2,0,19,23,Yes,1,At Risk,Low,Low,Low,0.5735270293682692,1,Medium Risk
1112,2023-02-19,Standard,399,12.4,2,1,19,50,No,0,Inactive,Low,Medium,Medium,0.49748784020465475,0,Medium Risk
1113,2023-03-11,Standard,399,5.8,7,0,19,7,No,0,Active,High,Low,Medium,0.23972509474984913,0,Low Risk
1114,2024-01-22,Basic,199,12.3,4,4,27,28,No,0,At Risk,Medium,High,Medium,0.6528911243606172,1,High Risk
1115,2024-11-14,Standard,399,19.2,8,5,9,29,No,0,At Risk,High,High,High,0.8313928423360151,1,High Risk
1116,2024-09-30,Standard,399,21.7,5,0,10,51,No,0,Inactive,Medium,Low,High,0.5013164157468386,1,Medium Risk
1117,2024-11-17,Standard,399,6.2,6,2,25,34,Yes,1,Inactive,High,Medium,Medium,0.5865203563963781,1,Medium Risk
1118,2024-12-25,Standard,399,16.3,2,5,18,1,No,0,Active,Low,High,High,0.4995593272848192,0,Medium Risk
1119,2024-07-08,Standard,399,16.3,8,0,36,12,No,0,Active,High,Low,High,0.3364288435701542,0,Medium Risk
1120,2023-01-20,Premium,699,24.0,8,1,4,48,Yes,1,Inactive,High,Medium,High,0.7069216106131623,1,High Risk
1121,2024-12-23,Basic,199,4.9,0,2,35,50,Yes,1,Inactive,Low,Medium,Low,0.7450654441502035,1,High Risk
1122,2023-02-16,Premium,699,2.6,8,4,29,20,Yes,1,At Risk,High,High,Low,0.9123712924686148,1,High Risk
1123,2023-11-21,Standard,399,8.8,2,3,2,1,No,0,Active,Low,High,Medium,0.3601183393728591,0,Medium Risk
1124,2023-07-07,Standard,399,2.7,1,4,17,10,Yes,1,Active,Low,High,Low,0.6869075873698791,1,High Risk
1125,2023-11-30,Standard,399,4.3,6,5,6,10,Yes,1,Active,High,High,Low,0.8362654017721755,1,High Risk
1126,2024-02-27,Basic,199,18.0,4,3,2,6,Yes,1,Active,Medium,High,High,0.4286992435573226,0,Medium Risk
1127,2024-09-03,Standard,399,9.7,1,0,17,12,No,0,Active,Low,Low,Medium,0.15609164254525507,0,Low Risk
1128,2023-03-04,Premium,699,12.6,8,3,16,60,Yes,1,Inactive,High,High,Medium,0.8256222880761145,1,High Risk
1129,2023-08-28,Standard,399,14.1,1,3,30,1,No,0,Active,Low,High,Medium,0.33351083104848694,0,Medium Risk
1130,2023-05-09,Basic,199,14.1,1,1,18,48,No,0,Inactive,Low,Medium,Medium,0.4360528640163338,0,Medium Risk
1131,2024-01-18,Standard,399,11.4,8,1,27,50,No,0,Inactive,High,Medium,Medium,0.7092184006543496,1,High Risk
1132,2023-02-12,Premium,699,19.7,8,3,11,58,Yes,1,Inactive,High,High,High,0.8206878875268859,1,High Risk
1133,2024-05-08,Basic,199,24.0,4,5,30,10,Yes,1,Active,Medium,High,High,0.5872345282459751,1,Medium Risk
1134,2024-08-22,Standard,399,21.1,6,2,17,53,Yes,1,Inactive,High,Medium,High,0.6766121780839104,1,High Risk
1135,2024-02-09,Premium,699,1.6,8,4,19,4,Yes,1,Active,High,High,Low,0.8653964611688817,1,High Risk
1136,2024-09-17,Premium,699,20.8,8,2,8,56,Yes,1,Inactive,High,Medium,High,0.7760323804625615,1,High Risk
1137,2024-12-25,Premium,699,22.2,5,5,21,16,No,0,At Risk,Medium,High,High,0.7422207621790958,1,High Risk
1138,2024-09-05,Standard,399,6.5,5,2,18,13,Yes,1,Active,Medium,Medium,Medium,0.3896309007308508,0,Medium Risk
1139,2024-05-02,Standard,399,22.9,2,5,2,59,Yes,1,Inactive,Low,High,High,0.7998232346763776,1,High Risk
1140,2024-05-15,Basic,199,17.0,6,4,1,57,Yes,1,Inactive,High,High,High,0.7849445774559762,1,High Risk
1141,2024-11-18,Standard,399,2.5,1,4,35,1,No,0,Active,Low,High,Low,0.6892848693500472,1,High Risk
1142,2024-12-14,Standard,399,9.1,6,4,8,22,Yes,1,At Risk,High,High,Medium,0.6811055500043633,1,High Risk
1143,2023-01-21,Basic,199,11.8,3,3,8,0,Yes,1,Active,Medium,High,Medium,0.336740066699005,0,Medium Risk
1144,2024-05-20,Standard,399,5.2,4,5,23,14,Yes,1,Active,Medium,High,Medium,0.5401753047679761,1,Medium Risk
1145,2024-10-15,Standard,399,7.4,3,0,3,12,No,0,Active,Medium,Low,Medium,0.163335202128225,0,Low Risk
1146,2024-11-06,Standard,399,21.8,8,3,8,10,No,0,Active,High,High,High,0.6412265074098307,1,High Risk
1147,2024-08-06,Premium,699,2.1,2,5,12,4,Yes,1,Active,Low,High,Low,0.7857715629229679,1,High Risk
1148,2024-12-10,Basic,199,18.4,4,1,34,54,No,0,Inactive,Medium,Medium,High,0.5456513147283834,1,Medium Risk
1149,2024-10-18,Premium,699,15.6,8,3,35,0,No,0,Active,High,High,High,0.5778720285987096,1,Medium Risk
1150,2023-10-08,Premium,699,21.4,5,3,4,54,No,0,Inactive,Medium,High,High,0.7414650587125966,1,High Risk
1151,2023-08-18,Basic,199,11.9,5,4,34,48,Yes,1,Inactive,Medium,High,Medium,0.7549363207161431,1,High Risk
1152,2023-07-19,Basic,199,23.0,8,3,18,20,Yes,1,At Risk,High,High,High,0.7250647598094485,1,High Risk
1153,2024-03-09,Standard,399,22.1,0,5,6,14,No,0,Active,Low,High,High,0.45441259348661794,0,Medium Risk
1154,2023-04-10,Basic,199,5.3,5,2,16,4,No,0,Active,Medium,Medium,Medium,0.3250335957617844,0,Medium Risk
1155,2023-12-09,Basic,199,11.1,0,4,31,51,No,0,Inactive,Low,High,Medium,0.5818748836541185,1,Medium Risk
1156,2023-12-08,Standard,399,3.1,3,2,16,53,Yes,1,Inactive,Medium,Medium,Low,0.7888282182164754,1,High Risk
1157,2023-05-08,Premium,699,23.6,7,0,16,40,Yes,1,Inactive,High,Low,High,0.5104466246227065,1,Medium Risk
1158,2023-03-08,Basic,199,23.0,6,2,4,56,No,0,Inactive,High,Medium,High,0.6611770747499398,1,High Risk
1159,2024-03-18,Basic,199,23.0,7,0,4,19,No,0,At Risk,High,Low,High,0.4289323070609734,0,Medium Risk
1160,2024-02-16,Basic,199,17.1,8,0,7,18,No,0,At Risk,High,Low,High,0.4485745362632984,0,Medium Risk
1161,2024-03-14,Basic,199,6.2,0,3,27,24,Yes,1,At Risk,Low,High,Medium,0.4096689305195139,0,Medium Risk
1162,2023-07-17,Premium,699,8.8,0,3,7,33,Yes,1,Inactive,Low,High,Medium,0.47277390700844824,0,Medium Risk
1163,2024-08-09,Basic,199,0.8,1,4,7,50,Yes,1,Inactive,Low,High,Low,0.864835868473642,1,High Risk
1164,2023-07-10,Basic,199,6.8,6,3,33,46,Yes,1,Inactive,High,High,Medium,0.6783529270535981,1,High Risk
1165,2024-06-09,Basic,199,20.0,0,1,9,19,No,0,At Risk,Low,Medium,High,0.28867733544686436,0,Low Risk
1166,2024-09-09,Premium,699,8.1,8,1,23,9,No,0,Active,High,Medium,Medium,0.4465305589214787,0,Medium Risk
1167,2023-05-29,Standard,399,9.5,0,4,19,37,No,0,Inactive,Low,High,Medium,0.54317082724512,1,Medium Risk
1168,2023-07-25,Basic,199,12.9,8,0,16,27,Yes,1,At Risk,High,Low,Medium,0.46285898629433386,0,Medium Risk
1169,2024-12-09,Premium,699,19.7,5,1,13,42,Yes,1,Inactive,Medium,Medium,High,0.5894412524567049,1,Medium Risk
1170,2023-06-16,Standard,399,21.4,5,4,22,19,Yes,1,At Risk,Medium,High,High,0.6710979990321997,1,High Risk
1171,2024-10-16,Basic,199,22.0,0,3,30,14,No,0,Active,Low,High,High,0.3346746178018764,0,Medium Risk
1172,2023-12-06,Basic,199,11.9,3,1,15,30,No,0,At Risk,Medium,Medium,Medium,0.3598230681711741,0,Medium Risk
1173,2024-01-02,Premium,699,5.5,2,0,25,23,Yes,1,At Risk,Low,Low,Medium,0.2643031468977732,0,Low Risk
1174,2024-01-04,Basic,199,3.3,4,3,36,12,Yes,1,Active,Medium,High,Low,0.7339587728019236,1,High Risk
1175,2023-06-28,Basic,199,5.4,4,1,2,14,No,0,Active,Medium,Medium,Medium,0.25392013109222106,0,Low Risk
1176,2023-04-14,Standard,399,6.5,3,0,36,11,No,0,Active,Medium,Low,Medium,0.1416231925862666,0,Low Risk
1177,2024-04-12,Basic,199,9.8,1,2,9,59,Yes,1,Inactive,Low,Medium,Medium,0.5291143839798249,1,Medium Risk
1178,2024-03-20,Basic,199,20.3,2,4,24,51,No,0,Inactive,Low,High,High,0.7237363787915885,1,High Risk
1179,2024-12-12,Premium,699,3.4,2,1,5,12,No,0,Active,Low,Medium,Low,0.5804110762734151,1,Medium Risk
1180,2023-07-13,Standard,399,15.2,3,0,21,48,No,0,Inactive,Medium,Low,High,0.31377805264970215,0,Medium Risk
1181,2023-10-14,Premium,699,19.8,5,1,19,3,No,0,Active,Medium,Medium,High,0.3162013604730348,0,Medium Risk
1182,2024-04-26,Basic,199,24.2,7,1,33,46,Yes,1,Inactive,High,Medium,High,0.6688228476898285,1,High Risk
1183,2024-05-25,Premium,699,4.6,6,5,5,48,Yes,1,Inactive,High,High,Low,0.9407644309866616,1,High Risk
1184,2024-05-21,Premium,699,4.9,5,4,30,44,Yes,1,Inactive,Medium,High,Low,0.9235112503286648,1,High Risk
1185,2024-04-07,Standard,399,14.7,0,1,18,14,No,0,Active,Low,Medium,Medium,0.21772595273982515,0,Low Risk
1186,2024-01-19,Basic,199,5.9,6,3,26,36,Yes,1,Inactive,High,High,Medium,0.6767822701976606,1,High Risk
1187,2023-08-24,Standard,399,2.6,1,2,36,28,Yes,1,At Risk,Low,Medium,Low,0.6781315128223265,1,High Risk
1188,2024-02-23,Premium,699,11.9,5,3,3,28,Yes,1,At Risk,Medium,High,Medium,0.6620611150242708,1,High Risk
1189,2023-09-29,Standard,399,8.3,6,0,32,11,No,0,Active,High,Low,Medium,0.21593701593276193,0,Low Risk
1190,2024-07-13,Premium,699,9.3,1,2,5,53,Yes,1,Inactive,Low,Medium,Medium,0.5190109313846203,1,Medium Risk
1191,2023-02-09,Premium,699,19.8,3,0,6,7,Yes,1,Active,Medium,Low,High,0.15539333839346434,0,Low Risk
1192,2024-11-30,Premium,699,8.7,5,2,13,19,No,0,At Risk,Medium,Medium,Medium,0.5212192868405787,1,Medium Risk
1193,2023-09-25,Standard,399,17.8,2,5,13,47,Yes,1,Inactive,Low,High,High,0.7314595515490767,1,High Risk
1194,2024-08-16,Basic,199,7.4,5,3,20,60,Yes,1,Inactive,Medium,High,Medium,0.7400371969620799,1,High Risk
1195,2023-08-21,Premium,699,12.1,8,1,1,55,Yes,1,Inactive,High,Medium,Medium,0.7019033845244762,1,High Risk
1196,2024-04-24,Premium,699,12.1,8,4,14,50,Yes,1,Inactive,High,High,Medium,0.8564265593088937,1,High Risk
1197,2024-12-15,Premium,699,8.8,1,2,30,54,Yes,1,Inactive,Low,Medium,Medium,0.5163050651399794,1,Medium Risk
1198,2023-05-12,Standard,399,11.2,8,0,14,23,Yes,1,At Risk,High,Low,Medium,0.4496813770071692,0,Medium Risk
1199,2024-12-03,Standard,399,12.7,5,2,1,14,Yes,1,Active,Medium,Medium,Medium,0.43025807718828435,0,Medium Risk
1200,2023-05-23,Standard,399,7.8,0,4,35,50,Yes,1,Inactive,Low,High,Medium,0.5669402459914785,1,Medium Risk
1201,2023-03-07,Basic,199,14.4,6,3,22,13,No,0,Active,High,High,Medium,0.49765724247616144,0,Medium Risk
1202,2024-10-16,Premium,699,5.1,1,2,25,36,No,0,Inactive,Low,Medium,Medium,0.4448332808901201,0,Medium Risk
1203,2024-09-09,Standard,399,4.7,8,1,6,2,No,0,Active,High,Medium,Low,0.7401459436762748,1,High Risk
1204,2023-10-26,Standard,399,5.1,1,3,2,18,Yes,1,At Risk,Low,High,Medium,0.4244798340515193,0,Medium Risk
1205,2023-12-01,Premium,699,2.2,0,2,34,33,Yes,1,Inactive,Low,Medium,Low,0.6755338846159182,1,High Risk
1206,2023-03-12,Standard,399,4.3,1,1,26,34,Yes,1,Inactive,Low,Medium,Low,0.6895981604329647,1,High Risk
1207,2024-11-11,Standard,399,3.7,3,2,14,27,Yes,1,At Risk,Medium,Medium,Low,0.7303074580588957,1,High Risk
1208,2024-12-02,Standard,399,15.3,4,4,11,12,No,0,Active,Medium,High,High,0.4930485481672218,0,Medium Risk
1209,2024-09-11,Standard,399,5.4,2,3,18,4,No,0,Active,Low,High,Medium,0.37568284659748524,0,Medium Risk
1210,2023-04-04,Basic,199,8.6,7,3,34,29,Yes,1,At Risk,High,High,Medium,0.6602899471527176,1,High Risk
1211,2023-06-29,Standard,399,9.0,4,3,30,39,No,0,Inactive,Medium,High,Medium,0.627811721099405,1,High Risk
1212,2023-07-07,Standard,399,4.9,6,3,16,24,Yes,1,At Risk,High,High,Low,0.8510098548986265,1,High Risk
1213,2023-10-08,Premium,699,10.1,0,1,7,56,No,0,Inactive,Low,Medium,Medium,0.38695031033779337,0,Medium Risk
1214,2023-08-11,Premium,699,7.7,1,5,35,46,No,0,Inactive,Low,High,Medium,0.6666587289364839,1,High Risk
1215,2023-04-18,Standard,399,24.8,8,0,27,23,Yes,1,At Risk,High,Low,High,0.4842219107317501,0,Medium Risk
1216,2024-04-18,Premium,699,10.5,2,2,21,13,No,0,Active,Low,Medium,Medium,0.3345729655830633,0,Medium Risk
1217,2023-07-19,Basic,199,16.2,7,3,5,21,Yes,1,At Risk,High,High,High,0.6424118425008498,1,High Risk
1218,2024-11-17,Standard,399,0.8,1,5,3,58,Yes,1,Inactive,Low,High,Low,0.9009726183771863,1,High Risk
1219,2024-12-31,Premium,699,12.4,1,0,30,35,No,0,Inactive,Low,Low,Medium,0.31244179092189406,0,Medium Risk
1220,2024-09-13,Standard,399,12.0,4,1,9,10,No,0,Active,Medium,Medium,Medium,0.30774629173464724,0,Medium Risk
1221,2024-11-18,Basic,199,7.7,8,5,12,25,Yes,1,At Risk,High,High,Medium,0.8062146089372575,1,High Risk
1222,2024-11-22,Basic,199,4.3,5,1,18,13,No,0,Active,Medium,Medium,Low,0.6581942427085534,1,High Risk
1223,2024-11-09,Premium,699,11.3,0,5,14,51,Yes,1,Inactive,Low,High,Medium,0.6750886471871652,1,High Risk
1224,2023-02-19,Premium,699,10.1,4,3,7,3,No,0,Active,Medium,High,Medium,0.3979467517143937,0,Medium Risk
1225,2024-03-07,Standard,399,23.3,5,1,13,12,Yes,1,Active,Medium,Medium,High,0.3853489878679493,0,Medium Risk
1226,2023-04-09,Basic,199,8.8,3,5,1,42,Yes,1,Inactive,Medium,High,Medium,0.6806453292509882,1,High Risk
1227,2023-12-01,Premium,699,18.2,0,3,11,32,Yes,1,Inactive,Low,High,High,0.48011321306355226,0,Medium Risk
1228,2023-05-04,Standard,399,15.9,3,4,36,25,No,0,At Risk,Medium,High,High,0.5425087302904008,1,Medium Risk
1229,2023-11-20,Basic,199,3.1,5,1,14,0,Yes,1,Active,Medium,Medium,Low,0.58940266491453,1,Medium Risk
1230,2024-10-27,Basic,199,5.7,3,0,25,42,No,0,Inactive,Medium,Low,Medium,0.309176572583505,0,Medium Risk
1231,2024-05-26,Premium,699,1.6,3,3,24,19,No,0,At Risk,Medium,High,Low,0.7797588196261813,1,High Risk
1232,2024-10-08,Basic,199,19.9,2,2,35,6,No,0,Active,Low,Medium,High,0.31760503450749095,0,Medium Risk
1233,2024-12-05,Premium,699,17.1,2,2,25,11,No,0,Active,Low,Medium,High,0.32363522034469955,0,Medium Risk
1234,2024-01-27,Standard,399,2.2,0,4,31,58,Yes,1,Inactive,Low,High,Low,0.8539027974692325,1,High Risk
1235,2023-05-08,Premium,699,12.8,0,1,15,1,No,0,Active,Low,Medium,Medium,0.17005246712690877,0,Low Risk
1236,2024-01-19,Standard,399,18.6,3,4,16,5,Yes,1,Active,Medium,High,High,0.43481676188922047,0,Medium Risk
1237,2024-09-04,Standard,399,5.4,6,1,19,41,Yes,1,Inactive,High,Medium,Medium,0.5447529739819471,1,Medium Risk
1238,2024-06-17,Standard,399,3.8,5,5,22,50,Yes,1,Inactive,Medium,High,Low,0.9404442853561122,1,High Risk
1239,2023-07-30,Standard,399,18.9,3,5,19,21,Yes,1,At Risk,Medium,High,High,0.6073215697975259,1,High Risk
1240,2024-09-14,Premium,699,22.7,3,5,4,44,No,0,Inactive,Medium,High,High,0.7479550530423453,1,High Risk
1241,2024-05-18,Standard,399,8.4,7,5,34,0,Yes,1,Active,High,High,Medium,0.6333719047211428,1,High Risk
1242,2024-08-29,Basic,199,1.8,2,1,13,8,Yes,1,Active,Low,Medium,Low,0.5503051938500885,1,Medium Risk
1243,2023-06-18,Premium,699,6.3,1,3,14,46,Yes,1,Inactive,Low,High,Medium,0.5514330989989124,1,Medium Risk
1244,2024-08-13,Premium,699,6.5,2,4,13,15,Yes,1,At Risk,Low,High,Medium,0.5707563338637949,1,Medium Risk
1245,2024-02-12,Standard,399,7.2,7,0,13,60,No,0,Inactive,High,Low,Medium,0.5423815654287859,1,Medium Risk
1246,2023-06-09,Standard,399,12.0,6,4,11,39,Yes,1,Inactive,High,High,Medium,0.7437456290068698,1,High Risk
1247,2023-11-04,Standard,399,19.2,6,0,2,48,No,0,Inactive,High,Low,High,0.44746262808181037,0,Medium Risk
1248,2024-04-09,Premium,699,4.2,2,2,35,24,Yes,1,At Risk,Low,Medium,Low,0.7507427133761635,1,High Risk
1249,2024-04-25,Standard,399,14.3,7,0,25,21,Yes,1,At Risk,High,Low,Medium,0.4339364248879269,0,Medium Risk
1250,2024-01-19,Basic,199,22.9,0,0,10,55,No,0,Inactive,Low,Low,High,0.31809467330860874,0,Medium Risk
1251,2023-11-12,Standard,399,23.2,6,5,26,23,Yes,1,At Risk,High,High,High,0.7363117758662125,1,High Risk
1252,2023-06-16,Premium,699,10.5,0,0,5,24,No,0,At Risk,Low,Low,Medium,0.18599361622637087,0,Low Risk
1253,2024-12-06,Basic,199,23.9,5,4,28,45,Yes,1,Inactive,Medium,High,High,0.7894915979315359,1,High Risk
1254,2023-02-05,Standard,399,16.4,6,5,4,15,Yes,1,At Risk,High,High,High,0.686133823367859,1,High Risk
1255,2024-11-28,Standard,399,17.6,2,2,2,38,Yes,1,Inactive,Low,Medium,High,0.5391731235632241,1,Medium Risk
1256,2024-10-21,Basic,199,6.6,2,0,17,7,No,0,Active,Low,Low,Medium,0.16596053028269928,0,Low Risk
1257,2024-03-09,Premium,699,10.2,1,4,25,58,Yes,1,Inactive,Low,High,Medium,0.6861892597491442,1,High Risk
1258,2024-01-27,Basic,199,6.7,4,4,28,34,Yes,1,Inactive,Medium,High,Medium,0.6756656004838362,1,High Risk
1259,2023-12-19,Premium,699,18.5,1,0,20,40,No,0,Inactive,Low,Low,High,0.29110964669436307,0,Low Risk
1260,2023-06-22,Basic,199,18.8,6,5,18,19,Yes,1,At Risk,High,High,High,0.7000454079516379,1,High Risk
1261,2024-03-17,Standard,399,2.9,6,4,1,26,Yes,1,At Risk,High,High,Low,0.8884434826409069,1,High Risk
1262,2023-04-23,Basic,199,9.7,2,1,12,31,Yes,1,Inactive,Low,Medium,Medium,0.4220309930370464,0,Medium Risk
1263,2023-07-16,Standard,399,5.0,0,5,14,11,No,0,Active,Low,High,Low,0.700371028773971,1,High Risk
1264,2023-03-29,Standard,399,11.3,1,5,27,10,Yes,1,Active,Low,High,Medium,0.4504957613610342,0,Medium Risk
1265,2024-05-11,Standard,399,7.3,5,0,8,37,Yes,1,Inactive,Medium,Low,Medium,0.42261169401448684,0,Medium Risk
1266,2023-02-12,Premium,699,0.7,4,0,7,42,Yes,1,Inactive,Medium,Low,Low,0.657078443490074,1,High Risk
1267,2023-09-30,Basic,199,13.3,0,3,14,38,Yes,1,Inactive,Low,High,Medium,0.5040693596078467,1,Medium Risk
1268,2023-12-18,Standard,399,19.0,6,2,31,23,Yes,1,At Risk,High,Medium,High,0.5139058957930798,1,Medium Risk
1269,2023-12-31,Standard,399,23.6,6,3,16,39,Yes,1,Inactive,High,High,High,0.7167756889727366,1,High Risk
1270,2023-05-23,Standard,399,0.6,6,5,7,53,Yes,1,Inactive,High,High,Low,0.9305616093556202,1,High Risk
1271,2024-01-13,Basic,199,21.8,4,5,8,48,No,0,Inactive,Medium,High,High,0.787056454495702,1,High Risk
1272,2023-11-26,Standard,399,13.1,3,0,31,40,No,0,Inactive,Medium,Low,Medium,0.32303039424074353,0,Medium Risk
1273,2024-05-11,Basic,199,21.9,5,5,24,28,Yes,1,At Risk,Medium,High,High,0.7586668818319927,1,High Risk
1274,2023-04-13,Standard,399,9.0,7,5,6,54,Yes,1,Inactive,High,High,Medium,0.8356388549855795,1,High Risk
1275,2024-08-08,Premium,699,7.7,3,5,25,9,No,0,Active,Medium,High,Medium,0.483844700167588,0,Medium Risk
1276,2024-07-15,Premium,699,1.3,7,0,33,19,No,0,At Risk,High,Low,Low,0.693810115879912,1,High Risk
1277,2023-09-07,Standard,399,22.5,1,3,11,42,Yes,1,Inactive,Low,High,High,0.5903773928499356,1,Medium Risk
1278,2023-01-30,Basic,199,19.0,1,0,11,27,No,0,At Risk,Low,Low,High,0.22679215500264197,0,Low Risk
1279,2024-05-02,Basic,199,22.6,4,1,21,46,Yes,1,Inactive,Medium,Medium,High,0.5502292975260871,1,Medium Risk
1280,2024-12-09,Premium,699,16.8,8,5,8,46,Yes,1,Inactive,High,High,High,0.8701790884207677,1,High Risk
1281,2024-01-26,Standard,399,23.3,1,5,15,21,Yes,1,At Risk,Low,High,High,0.6370365795947719,1,High Risk
1282,2023-10-25,Premium,699,24.2,6,1,36,14,No,0,Active,High,Medium,High,0.36525559037373134,0,Medium Risk
1283,2024-01-12,Basic,199,2.7,3,5,8,60,Yes,1,Inactive,Medium,High,Low,0.9126998388497174,1,High Risk
1284,2023-07-14,Basic,199,23.9,0,2,21,3,No,0,Active,Low,Medium,High,0.21616431698479588,0,Low Risk
1285,2024-06-16,Standard,399,8.3,5,5,28,59,No,0,Inactive,Medium,High,Medium,0.8243734328325599,1,High Risk
1286,2023-05-29,Premium,699,3.1,0,4,15,54,Yes,1,Inactive,Low,High,Low,0.8364105930941449,1,High Risk
1287,2024-11-12,Standard,399,12.7,7,1,15,38,Yes,1,Inactive,High,Medium,Medium,0.6364580768214056,1,High Risk
1288,2024-12-24,Premium,699,15.2,4,4,3,44,Yes,1,Inactive,Medium,High,High,0.7131798267015281,1,High Risk
1289,2024-01-21,Premium,699,16.0,3,3,31,18,No,0,At Risk,Medium,High,High,0.4985727176688703,0,Medium Risk
1290,2024-12-18,Basic,199,4.2,3,5,22,59,Yes,1,Inactive,Medium,High,Low,0.9142686819762812,1,High Risk
1291,2024-11-06,Premium,699,23.1,2,3,4,46,Yes,1,Inactive,Low,High,High,0.687714278680846,1,High Risk
1292,2023-12-23,Basic,199,13.9,5,3,2,43,Yes,1,Inactive,Medium,High,Medium,0.7110290204286638,1,High Risk
1293,2024-12-18,Standard,399,2.3,4,2,26,44,Yes,1,Inactive,Medium,Medium,Low,0.8252924304980542,1,High Risk
1294,2024-12-27,Premium,699,2.9,5,4,26,55,Yes,1,Inactive,Medium,High,Low,0.9286230023166951,1,High Risk
1295,2023-05-29,Standard,399,16.5,2,3,30,44,Yes,1,Inactive,Low,High,High,0.6153358577220147,1,High Risk
1296,2024-08-12,Basic,199,20.2,3,5,14,41,Yes,1,Inactive,Medium,High,High,0.7218439540178657,1,High Risk
1297,2023-02-27,Basic,199,9.7,6,5,10,53,Yes,1,Inactive,High,High,Medium,0.7963819860058406,1,High Risk
1298,2024-10-27,Basic,199,24.4,2,0,23,7,No,0,Active,Low,Low,High,0.20244058059637438,0,Low Risk
1299,2024-02-11,Standard,399,24.3,6,1,28,2,Yes,1,Active,High,Medium,High,0.36305554704084747,0,Medium Risk
1300,2024-12-09,Standard,399,17.4,2,5,20,47,Yes,1,Inactive,Low,High,High,0.7525167123791199,1,High Risk
1301,2024-01-12,Premium,699,19.6,6,2,6,40,Yes,1,Inactive,High,Medium,High,0.6381309498540486,1,High Risk
1302,2024-06-05,Basic,199,3.4,1,3,8,41,Yes,1,Inactive,Low,High,Low,0.8304401956106444,1,High Risk
1303,2024-08-30,Basic,199,14.9,7,2,2,44,Yes,1,Inactive,High,Medium,Medium,0.7075874677882441,1,High Risk
1304,2023-11-30,Basic,199,12.4,6,2,25,36,Yes,1,Inactive,High,Medium,Medium,0.5909869205897519,1,Medium Risk
1305,2024-06-26,Basic,199,5.0,0,3,35,35,No,0,Inactive,Low,High,Low,0.788442818064261,1,High Risk
1306,2023-05-08,Standard,399,13.2,8,5,5,52,No,0,Inactive,High,High,Medium,0.8745019332259901,1,High Risk
1307,2023-11-18,Basic,199,4.9,2,0,8,35,Yes,1,Inactive,Low,Low,Low,0.630341038066216,1,High Risk
1308,2023-09-20,Basic,199,3.7,3,5,3,10,Yes,1,Active,Medium,High,Low,0.7537307059179769,1,High Risk
1309,2023-06-25,Basic,199,24.5,8,2,6,23,No,0,At Risk,High,Medium,High,0.6541725798916295,1,High Risk
1310,2024-11-05,Standard,399,6.6,0,4,1,57,No,0,Inactive,Low,High,Medium,0.6114559668492668,1,High Risk
1311,2023-12-27,Premium,699,3.9,7,5,29,20,Yes,1,At Risk,High,High,Low,0.9144968049439604,1,High Risk
1312,2023-02-07,Premium,699,13.0,1,5,35,52,Yes,1,Inactive,Low,High,Medium,0.7084760364471051,1,High Risk
1313,2024-08-28,Basic,199,7.8,3,1,10,38,No,0,Inactive,Medium,Medium,Medium,0.4278405374245748,0,Medium Risk
1314,2024-01-26,Standard,399,3.6,6,0,18,35,Yes,1,Inactive,High,Low,Low,0.7288165704662868,1,High Risk
1315,2024-12-12,Premium,699,10.3,1,2,11,43,Yes,1,Inactive,Low,Medium,Medium,0.49685398457892277,0,Medium Risk
1316,2024-01-17,Basic,199,5.5,4,5,35,44,Yes,1,Inactive,Medium,High,Medium,0.7394492649218385,1,High Risk
1317,2024-03-20,Premium,699,15.3,6,1,33,20,No,0,At Risk,High,Medium,High,0.45730835964252153,0,Medium Risk
1318,2023-04-23,Standard,399,24.1,3,0,2,17,No,0,At Risk,Medium,Low,High,0.25463701661417143,0,Low Risk
1319,2023-12-08,Premium,699,10.5,5,5,36,5,Yes,1,Active,Medium,High,Medium,0.5750422964579037,1,Medium Risk
1320,2023-08-16,Standard,399,21.8,3,2,10,0,Yes,1,Active,Medium,Medium,High,0.26952801421275535,0,Low Risk
1321,2023-11-10,Standard,399,19.7,1,1,7,33,No,0,Inactive,Low,Medium,High,0.39238023777247466,0,Medium Risk
1322,2024-07-18,Premium,699,2.8,5,5,32,36,Yes,1,Inactive,Medium,High,Low,0.92964959457797,1,High Risk
1323,2023-07-05,Standard,399,22.5,2,2,7,60,No,0,Inactive,Low,Medium,High,0.5974095291976353,1,Medium Risk
1324,2023-01-10,Standard,399,14.0,6,3,35,37,Yes,1,Inactive,High,High,Medium,0.7010057452907318,1,High Risk
1325,2023-10-01,Premium,699,18.0,2,1,33,24,No,0,At Risk,Low,Medium,High,0.37278278696070327,0,Medium Risk
1326,2024-04-13,Basic,199,17.8,3,5,24,38,Yes,1,Inactive,Medium,High,High,0.7023140053981195,1,High Risk
1327,2024-03-14,Basic,199,24.7,7,4,29,18,Yes,1,At Risk,High,High,High,0.7507042179846828,1,High Risk
1328,2023-04-03,Premium,699,8.0,1,2,15,26,No,0,At Risk,Low,Medium,Medium,0.3653099050115972,0,Medium Risk
1329,2023-03-28,Premium,699,2.4,3,0,6,10,No,0,Active,Medium,Low,Low,0.38312168158260185,0,Medium Risk
1330,2024-06-04,Premium,699,14.1,7,0,19,60,Yes,1,Inactive,High,Low,Medium,0.5841355302066086,1,Medium Risk
1331,2024-12-15,Premium,699,12.3,8,5,9,43,No,0,Inactive,High,High,Medium,0.8749852263017245,1,High Risk
1332,2024-12-20,Basic,199,0.8,3,5,26,0,No,0,Active,Medium,High,Low,0.7410039885932689,1,High Risk
1333,2024-04-04,Premium,699,6.5,8,5,23,38,Yes,1,Inactive,High,High,Medium,0.8512391879555999,1,High Risk
1334,2024-06-10,Basic,199,22.6,2,0,34,23,No,0,At Risk,Low,Low,High,0.3026210166625123,0,Medium Risk
1335,2023-12-13,Standard,399,10.9,6,1,4,23,No,0,At Risk,High,Medium,Medium,0.4564164894238798,0,Medium Risk
1336,2023-09-29,Premium,699,20.9,1,2,16,19,No,0,At Risk,Low,Medium,High,0.3767759914136994,0,Medium Risk
1337,2024-10-20,Basic,199,18.6,6,1,1,59,Yes,1,Inactive,High,Medium,High,0.619682865122474,1,High Risk
1338,2024-04-16,Premium,699,23.4,7,0,3,22,Yes,1,At Risk,High,Low,High,0.4485460828911692,0,Medium Risk
1339,2024-02-16,Standard,399,9.2,0,2,20,56,No,0,Inactive,Low,Medium,Medium,0.4653129690847175,0,Medium Risk
1340,2023-06-07,Standard,399,3.0,7,1,1,5,No,0,Active,High,Medium,Low,0.6644192578641553,1,High Risk
1341,2023-08-20,Standard,399,22.9,0,1,8,49,No,0,Inactive,Low,Medium,High,0.39692833409696154,0,Medium Risk
1342,2023-10-03,Standard,399,9.7,5,3,26,57,Yes,1,Inactive,Medium,High,Medium,0.7262160098030308,1,High Risk
1343,2024-03-20,Basic,199,16.6,7,1,29,8,No,0,Active,High,Medium,High,0.38239872344391673,0,Medium Risk
1344,2023-05-17,Basic,199,22.1,3,0,23,12,No,0,Active,Medium,Low,High,0.16453235338524383,0,Low Risk
1345,2024-05-05,Standard,399,18.7,0,1,27,42,Yes,1,Inactive,Low,Medium,High,0.38166429654994966,0,Medium Risk
1346,2023-05-11,Premium,699,3.4,7,4,18,31,Yes,1,Inactive,High,High,Low,0.9187277204740372,1,High Risk
1347,2023-01-22,Standard,399,12.8,6,1,26,7,No,0,Active,High,Medium,Medium,0.3270609370393763,0,Medium Risk
1348,2023-12-17,Basic,199,8.9,0,5,10,15,Yes,1,At Risk,Low,High,Medium,0.48642805133424544,0,Medium Risk
1349,2024-03-15,Standard,399,11.1,4,2,1,31,Yes,1,Inactive,Medium,Medium,Medium,0.5529472105476283,1,Medium Risk
1350,2023-09-27,Basic,199,18.4,2,1,10,17,No,0,At Risk,Low,Medium,High,0.35082641300728834,0,Medium Risk
1351,2023-04-16,Premium,699,16.8,6,1,16,30,No,0,At Risk,High,Medium,High,0.4650408446708317,0,Medium Risk
1352,2023-08-23,Premium,699,15.5,3,4,33,40,No,0,Inactive,Medium,High,High,0.6235469365955152,1,High Risk
1353,2023-01-19,Basic,199,10.3,4,1,9,59,Yes,1,Inactive,Medium,Medium,Medium,0.528762951921514,1,Medium Risk
1354,2024-12-17,Premium,699,2.7,0,3,13,26,Yes,1,At Risk,Low,High,Low,0.7375453072844711,1,High Risk
1355,2024-10-21,Premium,699,5.9,6,3,15,3,No,0,Active,High,High,Medium,0.4589719265961298,0,Medium Risk
1356,2024-03-04,Basic,199,3.2,5,2,20,60,Yes,1,Inactive,Medium,Medium,Low,0.8762352473933387,1,High Risk
1357,2023-11-26,Basic,199,22.4,2,0,21,0,Yes,1,Active,Low,Low,High,0.16538277143026084,0,Low Risk
1358,2024-05-18,Basic,199,12.1,1,3,19,11,Yes,1,Active,Low,High,Medium,0.3693364982515497,0,Medium Risk
1359,2023-05-14,Standard,399,8.0,1,5,22,0,No,0,Active,Low,High,Medium,0.40436244444969893,0,Medium Risk
1360,2024-09-11,Standard,399,18.7,5,5,24,49,Yes,1,Inactive,Medium,High,High,0.8181032695778082,1,High Risk
1361,2023-04-19,Standard,399,16.4,3,4,16,24,Yes,1,At Risk,Medium,High,High,0.5447126833994373,1,Medium Risk
1362,2023-04-12,Basic,199,1.5,3,1,8,45,Yes,1,Inactive,Medium,Medium,Low,0.7174266500180172,1,High Risk
1363,2023-07-26,Basic,199,15.7,4,5,35,30,No,0,At Risk,Medium,High,High,0.6581953904312353,1,High Risk
1364,2024-07-27,Premium,699,1.6,3,3,10,35,Yes,1,Inactive,Medium,High,Low,0.8346103915715244,1,High Risk
1365,2024-06-20,Standard,399,11.5,1,3,24,4,No,0,Active,Low,High,Medium,0.3549357189205194,0,Medium Risk
1366,2024-08-02,Premium,699,4.6,4,5,2,8,Yes,1,Active,Medium,High,Low,0.8194585849504035,1,High Risk
1367,2024-06-09,Basic,199,18.6,6,3,13,43,Yes,1,Inactive,High,High,High,0.7198223676939273,1,High Risk
1368,2024-02-15,Basic,199,11.2,8,3,11,35,No,0,Inactive,High,High,Medium,0.7912636164136417,1,High Risk
1369,2024-12-14,Premium,699,5.6,0,1,18,36,Yes,1,Inactive,Low,Medium,Medium,0.3379922426986159,0,Medium Risk
1370,2023-10-31,Basic,199,11.7,8,2,33,19,No,0,At Risk,High,Medium,Medium,0.6125753636209891,1,High Risk
1371,2023-10-26,Premium,699,14.0,2,1,18,2,No,0,Active,Low,Medium,Medium,0.2542497121513009,0,Low Risk
1372,2023-02-22,Basic,199,23.6,4,1,10,17,No,0,At Risk,Medium,Medium,High,0.4049209303042917,0,Medium Risk
1373,2023-12-22,Premium,699,24.7,3,4,16,7,Yes,1,Active,Medium,High,High,0.44774037220833046,0,Medium Risk
1374,2024-09-18,Premium,699,8.5,8,2,24,46,Yes,1,Inactive,High,Medium,Medium,0.7337030867278701,1,High Risk
1375,2023-10-14,Standard,399,24.6,0,2,21,14,No,0,Active,Low,Medium,High,0.2463831375198923,0,Low Risk
1376,2024-08-20,Basic,199,24.3,8,5,17,55,No,0,Inactive,High,High,High,0.8951103991655909,1,High Risk
1377,2023-07-31,Basic,199,23.7,4,5,25,40,Yes,1,Inactive,Medium,High,High,0.7569033405461592,1,High Risk
1378,2024-02-09,Standard,399,8.4,3,4,15,40,No,0,Inactive,Medium,High,Medium,0.6554395009828133,1,High Risk
1379,2023-04-06,Basic,199,6.2,6,2,29,9,No,0,Active,High,Medium,Medium,0.3403488171535175,0,Medium Risk
1380,2023-07-04,Standard,399,11.8,2,1,12,36,No,0,Inactive,Low,Medium,Medium,0.45594768498585475,0,Medium Risk
1381,2024-09-14,Premium,699,1.0,2,1,19,52,Yes,1,Inactive,Low,Medium,Low,0.7828559002996509,1,High Risk
1382,2024-02-17,Basic,199,4.0,6,1,5,29,No,0,At Risk,High,Medium,Low,0.7745590440172702,1,High Risk
1383,2023-01-22,Basic,199,3.9,0,4,34,6,Yes,1,Active,Low,High,Low,0.6218197248596598,1,High Risk
1384,2023-10-02,Basic,199,19.2,0,1,1,15,No,0,At Risk,Low,Medium,High,0.25259912970395526,0,Low Risk
1385,2023-12-13,Basic,199,19.9,0,0,1,34,No,0,Inactive,Low,Low,High,0.23389228318398597,0,Low Risk
1386,2023-06-17,Premium,699,5.5,7,4,6,57,Yes,1,Inactive,High,High,Medium,0.7939348418539186,1,High Risk
1387,2024-10-04,Standard,399,12.2,3,0,22,34,No,0,Inactive,Medium,Low,Medium,0.33135594163910975,0,Medium Risk
1388,2024-06-07,Premium,699,1.0,0,0,8,34,Yes,1,Inactive,Low,Low,Low,0.5291465183634229,1,Medium Risk
1389,2023-05-31,Standard,399,0.5,3,0,10,14,No,0,Active,Medium,Low,Low,0.38117268775238444,0,Medium Risk
1390,2023-04-26,Standard,399,6.0,6,5,19,56,Yes,1,Inactive,High,High,Medium,0.7917178082000672,1,High Risk
1391,2024-09-22,Standard,399,24.8,3,0,11,18,No,0,At Risk,Medium,Low,High,0.2835258710095265,0,Low Risk
1392,2024-03-14,Standard,399,9.3,1,0,8,38,Yes,1,Inactive,Low,Low,Medium,0.30428303704149545,0,Medium Risk
1393,2023-11-05,Premium,699,15.2,6,1,22,57,No,0,Inactive,High,Medium,High,0.5718360402831327,1,Medium Risk
1394,2024-01-13,Premium,699,9.0,1,2,19,58,Yes,1,Inactive,Low,Medium,Medium,0.5296205258975143,1,Medium Risk
1395,2024-02-04,Standard,399,19.8,2,5,5,9,Yes,1,Active,Low,High,High,0.5440502785501592,1,Medium Risk
1396,2023-10-13,Standard,399,20.5,1,4,31,27,No,0,At Risk,Low,High,High,0.5502755217587191,1,Medium Risk
1397,2023-11-23,Basic,199,8.4,2,1,6,49,No,0,Inactive,Low,Medium,Medium,0.46391427245407785,0,Medium Risk
1398,2023-05-22,Standard,399,12.3,6,4,28,50,Yes,1,Inactive,High,High,Medium,0.7663459765510084,1,High Risk
1399,2024-06-29,Premium,699,9.9,8,3,16,34,Yes,1,Inactive,High,High,Medium,0.7899157944180945,1,High Risk
1400,2023-08-13,Premium,699,9.9,6,4,15,36,No,0,Inactive,High,High,Medium,0.728040632338991,1,High Risk
1401,2024-07-25,Premium,699,6.3,0,1,6,54,Yes,1,Inactive,Low,Medium,Medium,0.3889904927954477,0,Medium Risk
1402,2023-05-23,Standard,399,23.1,0,2,9,23,No,0,At Risk,Low,Medium,High,0.3445974214245847,0,Medium Risk
1403,2023-08-18,Standard,399,4.0,8,3,30,15,Yes,1,At Risk,High,High,Low,0.8895274994108654,1,High Risk
1404,2024-03-10,Basic,199,3.4,2,3,9,46,Yes,1,Inactive,Low,High,Low,0.8674666334902187,1,High Risk
1405,2023-06-11,Standard,399,17.7,1,3,4,53,Yes,1,Inactive,Low,High,High,0.5922992270197729,1,Medium Risk
1406,2024-03-02,Basic,199,9.4,1,1,10,4,Yes,1,Active,Low,Medium,Medium,0.21225024359081077,0,Low Risk
1407,2023-11-03,Basic,199,12.0,2,5,12,33,No,0,Inactive,Low,High,Medium,0.7029401106777726,1,High Risk
1408,2023-04-24,Standard,399,18.2,7,5,27,44,Yes,1,Inactive,High,High,High,0.8241244777659303,1,High Risk
1409,2023-06-14,Basic,199,22.1,0,4,4,48,Yes,1,Inactive,Low,High,High,0.5959696409521371,1,Medium Risk
1410,2024-08-08,Basic,199,20.9,7,4,26,45,No,0,Inactive,High,High,High,0.8148659791957563,1,High Risk
1411,2024-06-18,Premium,699,17.9,6,1,20,17,No,0,At Risk,High,Medium,High,0.46599778487371823,0,Medium Risk
1412,2023-07-08,Standard,399,18.7,6,4,9,3,Yes,1,Active,High,High,High,0.5163685570570088,1,Medium Risk
1413,2024-10-30,Premium,699,15.3,1,5,36,29,Yes,1,At Risk,Low,High,High,0.6114944229224285,1,High Risk
1414,2024-03-10,Premium,699,20.8,2,0,26,51,No,0,Inactive,Low,Low,High,0.4115984258060247,0,Medium Risk
1415,2023-12-10,Basic,199,3.2,1,2,18,38,Yes,1,Inactive,Low,Medium,Low,0.7345460459309072,1,High Risk
1416,2023-01-12,Basic,199,7.4,8,0,16,4,Yes,1,Active,High,Low,Medium,0.28012465198253117,0,Low Risk
1417,2024-08-06,Standard,399,14.0,0,1,13,17,Yes,1,At Risk,Low,Medium,Medium,0.2986947323247088,0,Low Risk
1418,2023-11-13,Premium,699,14.3,7,0,3,3,No,0,Active,High,Low,Medium,0.2726583379738386,0,Low Risk
1419,2024-02-05,Basic,199,18.9,6,4,23,12,Yes,1,Active,High,High,High,0.5634836120510719,1,Medium Risk
1420,2024-05-30,Premium,699,24.4,1,2,23,26,No,0,At Risk,Low,Medium,High,0.4449171708732841,0,Medium Risk
1421,2024-05-03,Basic,199,20.3,2,0,33,37,No,0,Inactive,Low,Low,High,0.3627557996768685,0,Medium Risk
1422,2024-10-02,Premium,699,7.6,2,5,3,29,Yes,1,At Risk,Low,High,Medium,0.6683595570196237,1,High Risk
1423,2024-05-28,Basic,199,22.2,2,5,15,10,No,0,Active,Low,High,High,0.552421214243181,1,Medium Risk
1424,2023-10-25,Premium,699,23.3,5,3,34,50,Yes,1,Inactive,Medium,High,High,0.7395683722380505,1,High Risk
1425,2024-09-13,Standard,399,1.5,6,1,28,13,No,0,Active,High,Medium,Low,0.6483877676433739,1,High Risk
1426,2023-11-13,Basic,199,14.4,7,0,10,51,Yes,1,Inactive,High,Low,Medium,0.5230277581138326,1,Medium Risk
1427,2023-06-15,Premium,699,12.7,7,2,6,10,No,0,Active,High,Medium,Medium,0.44705928666801753,0,Medium Risk
1428,2024-04-16,Basic,199,14.6,5,0,18,4,Yes,1,Active,Medium,Low,Medium,0.24699881578700864,0,Low Risk
1429,2023-05-07,Standard,399,24.5,7,5,31,59,Yes,1,Inactive,High,High,High,0.8654871758187276,1,High Risk
1430,2024-11-27,Premium,699,1.5,4,3,32,26,Yes,1,At Risk,Medium,High,Low,0.8279557668540376,1,High Risk
1431,2024-06-02,Basic,199,9.5,5,2,29,5,No,0,Active,Medium,Medium,Medium,0.37744205884764853,0,Medium Risk
1432,2023-09-08,Standard,399,22.0,0,4,17,41,Yes,1,Inactive,Low,High,High,0.5830608514292439,1,Medium Risk
1433,2024-02-13,Premium,699,0.7,1,2,36,24,Yes,1,At Risk,Low,Medium,Low,0.686155333791788,1,High Risk
1434,2024-04-24,Basic,199,10.0,7,5,15,5,Yes,1,Active,High,High,Medium,0.6494601047760529,1,High Risk
1435,2023-04-21,Premium,699,22.6,7,0,35,5,Yes,1,Active,High,Low,High,0.27763968116419907,0,Low Risk
1436,2024-09-10,Standard,399,5.4,5,0,28,20,No,0,At Risk,Medium,Low,Medium,0.3260857661533429,0,Medium Risk
1437,2024-07-12,Standard,399,17.7,7,0,14,17,No,0,At Risk,High,Low,High,0.3991010815692021,0,Medium Risk
1438,2024-09-07,Basic,199,4.1,3,2,31,36,Yes,1,Inactive,Medium,Medium,Low,0.7754270171044505,1,High Risk
1439,2023-08-05,Standard,399,23.4,5,3,4,30,Yes,1,At Risk,Medium,High,High,0.6592319931598792,1,High Risk
1440,2024-02-19,Basic,199,7.1,2,0,28,9,Yes,1,Active,Low,Low,Medium,0.17014672316579543,0,Low Risk
1441,2023-09-23,Basic,199,21.9,7,3,20,33,Yes,1,Inactive,High,High,High,0.7355423717493028,1,High Risk
1442,2023-07-23,Basic,199,2.8,6,2,4,48,Yes,1,Inactive,High,Medium,Low,0.8449590482452088,1,High Risk
1443,2024-12-14,Standard,399,12.3,8,5,27,50,Yes,1,Inactive,High,High,Medium,0.8819786430162858,1,High Risk
1444,2024-09-03,Standard,399,22.9,6,0,23,35,No,0,Inactive,High,Low,High,0.4624042291575518,0,Medium Risk
1445,2023-11-21,Basic,199,18.2,2,2,5,42,No,0,Inactive,Low,Medium,High,0.5151428095295959,1,Medium Risk
1446,2024-11-21,Basic,199,22.5,2,3,10,55,Yes,1,Inactive,Low,High,High,0.6975538579309397,1,High Risk
1447,2023-05-09,Standard,399,13.3,0,3,17,60,No,0,Inactive,Low,High,Medium,0.5719773511473601,1,Medium Risk
1448,2023-07-12,Premium,699,16.2,1,0,29,13,No,0,Active,Low,Low,High,0.138577396764391,0,Low Risk
1449,2023-07-15,Standard,399,19.5,6,1,35,22,Yes,1,At Risk,High,Medium,High,0.4562853823420763,0,Medium Risk
1450,2024-05-29,Premium,699,9.6,5,0,1,19,No,0,At Risk,Medium,Low,Medium,0.3498386751483107,0,Medium Risk
1451,2024-07-09,Basic,199,16.4,7,3,32,26,Yes,1,At Risk,High,High,High,0.6809000332001202,1,High Risk
1452,2024-03-14,Standard,399,24.4,5,0,34,59,Yes,1,Inactive,Medium,Low,High,0.537387277443552,1,Medium Risk
1453,2024-11-06,Standard,399,14.0,2,4,12,27,Yes,1,At Risk,Low,High,Medium,0.644527473186488,1,High Risk
1454,2023-04-02,Premium,699,16.0,1,0,28,51,No,0,Inactive,Low,Low,High,0.3031953161100693,0,Medium Risk
1455,2024-09-30,Premium,699,15.6,6,0,2,31,No,0,Inactive,High,Low,High,0.4112271756410425,0,Medium Risk
1456,2023-10-24,Premium,699,16.0,8,4,7,51,Yes,1,Inactive,High,High,High,0.8300373873356615,1,High Risk
1457,2024-04-25,Standard,399,6.0,7,4,14,24,Yes,1,At Risk,High,High,Medium,0.7188048420095968,1,High Risk
1458,2024-12-21,Basic,199,24.2,7,3,23,58,No,0,Inactive,High,High,High,0.814034880586649,1,High Risk
1459,2024-11-05,Premium,699,0.7,5,1,26,32,Yes,1,Inactive,Medium,Medium,Low,0.8006912078474727,1,High Risk
1460,2024-02-29,Standard,399,21.0,6,5,20,15,Yes,1,At Risk,High,High,High,0.7329990735393533,1,High Risk
1461,2023-11-22,Basic,199,1.1,5,4,1,52,Yes,1,Inactive,Medium,High,Low,0.9121196231013672,1,High Risk
1462,2023-07-17,Standard,399,24.0,6,1,11,35,No,0,Inactive,High,Medium,High,0.5643820000229054,1,Medium Risk
1463,2023-06-27,Premium,699,20.8,6,1,26,60,No,0,Inactive,High,Medium,High,0.612247578499335,1,High Risk
1464,2023-05-10,Standard,399,13.2,6,1,21,6,No,0,Active,High,Medium,Medium,0.32719242264869286,0,Medium Risk
1465,2024-07-20,Premium,699,16.0,6,5,8,58,Yes,1,Inactive,High,High,High,0.8242824331720543,1,High Risk
1466,2024-08-30,Basic,199,5.5,1,0,21,27,Yes,1,At Risk,Low,Low,Medium,0.2227998325328442,0,Low Risk
1467,2023-05-14,Basic,199,15.6,8,0,2,36,Yes,1,Inactive,High,Low,High,0.5019277748570437,1,Medium Risk
1468,2023-09-09,Standard,399,5.1,3,2,23,12,No,0,Active,Medium,Medium,Medium,0.25190128275215334,0,Low Risk
1469,2024-10-04,Premium,699,19.4,0,2,25,5,No,0,Active,Low,Medium,High,0.22831122956034258,0,Low Risk
1470,2023-07-04,Basic,199,3.2,1,0,7,9,Yes,1,Active,Low,Low,Low,0.3522746141222306,0,Medium Risk
1471,2023-01-23,Basic,199,12.6,5,1,5,25,Yes,1,At Risk,Medium,Medium,Medium,0.4649721483212801,0,Medium Risk
1472,2023-11-18,Standard,399,12.4,1,1,5,43,No,0,Inactive,Low,Medium,Medium,0.4213884315986647,0,Medium Risk
1473,2024-11-06,Premium,699,20.3,2,2,29,0,No,0,Active,Low,Medium,High,0.3137382071097368,0,Medium Risk
1474,2024-09-06,Premium,699,3.4,5,2,3,30,Yes,1,At Risk,Medium,Medium,Low,0.8177848692428663,1,High Risk
1475,2024-07-02,Premium,699,4.4,4,0,1,12,No,0,Active,Medium,Low,Low,0.48845873984104476,0,Medium Risk
1476,2023-08-11,Basic,199,13.0,2,1,34,55,No,0,Inactive,Low,Medium,Medium,0.5055925852696318,1,Medium Risk
1477,2023-10-02,Basic,199,3.9,1,5,21,44,No,0,Inactive,Low,High,Low,0.8773308660065,1,High Risk
1478,2023-10-29,Standard,399,5.4,1,2,31,45,Yes,1,Inactive,Low,Medium,Medium,0.4391928204691815,0,Medium Risk
1479,2024-12-04,Standard,399,11.2,6,1,32,16,Yes,1,At Risk,High,Medium,Medium,0.4667075425357913,0,Medium Risk
1480,2023-11-16,Premium,699,24.1,1,4,18,50,No,0,Inactive,Low,High,High,0.6737827647652929,1,High Risk
1481,2024-09-02,Basic,199,23.9,7,3,14,56,Yes,1,Inactive,High,High,High,0.8100861732854445,1,High Risk
1482,2024-08-03,Premium,699,20.5,1,4,18,24,Yes,1,At Risk,Low,High,High,0.5746889712857862,1,Medium Risk
1483,2024-06-07,Standard,399,22.5,1,3,24,10,No,0,Active,Low,High,High,0.3893079573251794,0,Medium Risk
1484,2023-07-04,Standard,399,7.7,8,2,27,25,Yes,1,At Risk,High,Medium,Medium,0.6133428048549008,1,High Risk
1485,2024-01-16,Standard,399,19.9,5,1,28,4,Yes,1,Active,Medium,Medium,High,0.3444144099563483,0,Medium Risk
1486,2023-12-03,Standard,399,19.6,1,0,10,20,No,0,At Risk,Low,Low,High,0.22141913008849784,0,Low Risk
1487,2023-10-18,Basic,199,14.4,5,1,30,35,Yes,1,Inactive,Medium,Medium,Medium,0.5439193166341431,1,Medium Risk
1488,2024-11-18,Premium,699,13.4,1,4,14,17,No,0,At Risk,Low,High,Medium,0.5594444854181168,1,Medium Risk
1489,2023-07-21,Basic,199,17.2,6,2,27,52,Yes,1,Inactive,High,Medium,High,0.616486883863501,1,High Risk
1490,2023-06-25,Basic,199,12.7,4,3,32,7,Yes,1,Active,Medium,High,Medium,0.41267744309131277,0,Medium Risk
1491,2024-10-21,Premium,699,15.0,3,4,21,1,Yes,1,Active,Medium,High,Medium,0.44894227575820755,0,Medium Risk
1492,2023-02-07,Premium,699,22.8,4,1,1,53,No,0,Inactive,Medium,Medium,High,0.5512160999555022,1,Medium Risk
1493,2024-03-01,Premium,699,1.5,0,0,34,30,Yes,1,At Risk,Low,Low,Low,0.47563031091659186,0,Medium Risk
1494,2023-11-17,Premium,699,7.2,5,3,20,5,No,0,Active,Medium,High,Medium,0.4422024261457531,0,Medium Risk
1495,2023-05-05,Standard,399,10.1,7,3,4,54,Yes,1,Inactive,High,High,Medium,0.7672217310458143,1,High Risk
1496,2023-11-27,Standard,399,1.2,0,0,7,8,Yes,1,Active,Low,Low,Low,0.2948055234819467,0,Low Risk
1497,2024-01-13,Premium,699,6.0,1,1,28,46,No,0,Inactive,Low,Medium,Medium,0.42048300706654107,0,Medium Risk
1498,2023-04-24,Premium,699,23.4,0,2,1,56,No,0,Inactive,Low,Medium,High,0.47733382981024575,0,Medium Risk
1499,2024-01-24,Basic,199,2.3,5,5,20,39,Yes,1,Inactive,Medium,High,Low,0.9289489562039556,1,High Risk
1500,2023-06-01,Standard,399,23.2,7,0,11,8,No,0,Active,High,Low,High,0.2882414753172614,0,Low Risk
1501,2024-05-04,Premium,699,16.1,1,4,27,33,Yes,1,Inactive,Low,High,High,0.6135617431242745,1,High Risk
1502,2023-09-28,Premium,699,24.4,5,5,32,30,Yes,1,At Risk,Medium,High,High,0.7574826196830898,1,High Risk
1503,2023-07-30,Standard,399,9.1,3,5,6,41,No,0,Inactive,Medium,High,Medium,0.6862318428840116,1,High Risk
1504,2023-08-10,Premium,699,2.3,7,0,5,13,Yes,1,Active,High,Low,Low,0.5639153810877084,1,Medium Risk
1505,2024-06-24,Standard,399,5.1,1,2,25,13,No,0,Active,Low,Medium,Medium,0.257302091392869,0,Low Risk
1506,2024-05-31,Premium,699,19.1,4,5,21,29,Yes,1,At Risk,Medium,High,High,0.7090981926824756,1,High Risk
1507,2024-06-09,Basic,199,5.9,5,3,9,28,No,0,At Risk,Medium,High,Medium,0.6196904836097983,1,High Risk
1508,2024-08-14,Basic,199,5.1,4,3,26,10,No,0,Active,Medium,High,Medium,0.406311262384104,0,Medium Risk
1509,2024-04-16,Premium,699,4.1,1,5,7,7,Yes,1,Active,Low,High,Low,0.7591741695993636,1,High Risk
1510,2024-07-17,Basic,199,1.2,8,3,18,22,Yes,1,At Risk,High,High,Low,0.8994406353488102,1,High Risk
1511,2023-12-08,Basic,199,11.1,2,3,23,32,Yes,1,Inactive,Low,High,Medium,0.5898281812081825,1,Medium Risk
1512,2024-03-08,Basic,199,7.2,1,0,29,41,No,0,Inactive,Low,Low,Medium,0.2922449898302727,0,Low Risk
1513,2024-05-20,Basic,199,5.1,2,4,19,17,No,0,At Risk,Low,High,Medium,0.5583223342070734,1,Medium Risk
1514,2023-08-13,Premium,699,3.2,0,5,28,15,No,0,At Risk,Low,High,Low,0.7783900223102241,1,High Risk
1515,2023-10-10,Basic,199,22.4,4,1,4,4,No,0,Active,Medium,Medium,High,0.2763170996693653,0,Low Risk
1516,2024-12-09,Basic,199,10.1,1,1,26,46,No,0,Inactive,Low,Medium,Medium,0.43610821659740406,0,Medium Risk
1517,2024-09-02,Standard,399,5.5,3,2,32,40,Yes,1,Inactive,Medium,Medium,Medium,0.48227690727256267,0,Medium Risk
1518,2023-11-09,Standard,399,2.8,8,5,1,39,Yes,1,Inactive,High,High,Low,0.9510347462875771,1,High Risk
1519,2024-04-11,Premium,699,4.7,1,1,16,11,Yes,1,Active,Low,Medium,Low,0.5263599513063121,1,Medium Risk
1520,2023-09-28,Basic,199,16.8,6,2,1,1,Yes,1,Active,High,Medium,High,0.33891973029801603,0,Medium Risk
1521,2024-08-20,Basic,199,17.1,0,4,11,22,No,0,At Risk,Low,High,High,0.4819266360460869,0,Medium Risk
1522,2024-08-03,Basic,199,21.9,7,0,32,2,No,0,Active,High,Low,High,0.285141567065183,0,Low Risk
1523,2023-04-07,Premium,699,21.0,8,4,19,10,No,0,Active,High,High,High,0.6614598737734823,1,High Risk
1524,2024-07-12,Basic,199,20.2,5,3,20,31,Yes,1,Inactive,Medium,High,High,0.7005676741749683,1,High Risk
1525,2024-12-28,Standard,399,6.7,7,0,32,52,Yes,1,Inactive,High,Low,Medium,0.5154764821795672,1,Medium Risk
1526,2024-10-17,Standard,399,19.5,7,0,34,17,No,0,At Risk,High,Low,High,0.40772654837527933,0,Medium Risk
1527,2023-02-01,Basic,199,24.5,3,5,10,9,No,0,Active,Medium,High,High,0.5009639018780125,1,Medium Risk
1528,2024-10-16,Basic,199,9.3,1,1,28,58,No,0,Inactive,Low,Medium,Medium,0.46394569353612686,0,Medium Risk
1529,2023-09-29,Basic,199,22.0,8,3,18,56,Yes,1,Inactive,High,High,High,0.8198819894138584,1,High Risk
1530,2023-10-10,Premium,699,22.3,6,4,23,26,No,0,At Risk,High,High,High,0.6929173278883403,1,High Risk
1531,2023-05-06,Standard,399,1.5,8,5,13,21,Yes,1,At Risk,High,High,Low,0.9281877202364547,1,High Risk
1532,2024-05-25,Standard,399,14.4,5,2,30,7,No,0,Active,Medium,Medium,Medium,0.4186541294397491,0,Medium Risk
1533,2024-11-11,Premium,699,11.9,2,4,10,18,No,0,At Risk,Low,High,Medium,0.6106976612313331,1,High Risk
1534,2023-08-11,Basic,199,12.4,1,2,20,0,No,0,Active,Low,Medium,Medium,0.23526464906091427,0,Low Risk
1535,2023-01-01,Standard,399,1.8,4,0,8,27,Yes,1,At Risk,Medium,Low,Low,0.5827020841637648,1,Medium Risk
1536,2024-07-28,Basic,199,3.9,4,4,17,42,Yes,1,Inactive,Medium,High,Low,0.8982798902227571,1,High Risk
1537,2023-03-24,Basic,199,18.0,2,5,6,12,No,0,Active,Low,High,High,0.5029380918548988,1,Medium Risk
1538,2024-01-31,Standard,399,1.3,5,1,15,51,Yes,1,Inactive,Medium,Medium,Low,0.8340652672767477,1,High Risk
1539,2023-11-15,Standard,399,24.2,1,2,26,58,Yes,1,Inactive,Low,Medium,High,0.5427150105494912,1,Medium Risk
1540,2023-07-24,Basic,199,17.1,5,4,28,8,No,0,Active,Medium,High,High,0.5115077809410491,1,Medium Risk
1541,2024-08-03,Standard,399,10.7,3,2,9,19,Yes,1,At Risk,Medium,Medium,Medium,0.41580025281879796,0,Medium Risk
1542,2024-03-28,Premium,699,13.9,6,3,30,6,Yes,1,Active,High,High,Medium,0.5142086249831161,1,Medium Risk
1543,2024-03-06,Premium,699,12.8,5,3,21,22,Yes,1,At Risk,Medium,High,Medium,0.6504330896186423,1,High Risk
1544,2023-05-24,Standard,399,1.2,8,0,30,49,Yes,1,Inactive,High,Low,Low,0.8066286957526188,1,High Risk
1545,2024-08-02,Premium,699,19.8,8,2,20,8,No,0,Active,High,Medium,High,0.5258994284835078,1,Medium Risk
1546,2024-04-18,Standard,399,19.0,6,1,4,25,No,0,At Risk,High,Medium,High,0.495082080344304,0,Medium Risk
1547,2024-10-27,Premium,699,21.1,1,0,30,17,No,0,At Risk,Low,Low,High,0.2432936668306312,0,Low Risk
1548,2023-03-04,Basic,199,15.1,4,4,22,30,Yes,1,At Risk,Medium,High,High,0.6023676766895949,1,High Risk
1549,2024-07-29,Basic,199,18.6,0,5,33,13,No,0,Active,Low,High,High,0.4204550815802794,0,Medium Risk
1550,2023-01-07,Premium,699,3.8,2,2,32,40,Yes,1,Inactive,Low,Medium,Low,0.789265240719438,1,High Risk
1551,2024-06-16,Standard,399,3.3,0,1,13,38,No,0,Inactive,Low,Medium,Low,0.6705506160999442,1,High Risk
1552,2024-02-05,Basic,199,5.5,7,0,16,53,No,0,Inactive,High,Low,Medium,0.5046434077691924,1,Medium Risk
1553,2024-07-13,Basic,199,7.8,7,1,8,52,Yes,1,Inactive,High,Medium,Medium,0.6381089997346535,1,High Risk
1554,2023-07-09,Standard,399,21.6,1,3,29,9,No,0,Active,Low,High,High,0.35262142648246025,0,Medium Risk
1555,2023-10-24,Basic,199,4.7,8,1,16,30,Yes,1,At Risk,High,Medium,Low,0.832812034093679,1,High Risk
1556,2024-01-31,Premium,699,24.0,7,2,7,42,Yes,1,Inactive,High,Medium,High,0.717236158157875,1,High Risk
1557,2023-05-04,Premium,699,11.9,6,1,7,1,No,0,Active,High,Medium,Medium,0.3105787962750158,0,Medium Risk
1558,2024-11-03,Premium,699,0.8,4,0,25,41,Yes,1,Inactive,Medium,Low,Low,0.6807265099404886,1,High Risk
1559,2024-04-14,Premium,699,1.5,5,1,29,29,No,0,At Risk,Medium,Medium,Low,0.7691761602552573,1,High Risk
1560,2023-08-04,Standard,399,24.6,5,4,1,54,No,0,Inactive,Medium,High,High,0.7954323181378031,1,High Risk
1561,2024-11-02,Standard,399,10.1,1,1,34,41,Yes,1,Inactive,Low,Medium,Medium,0.42951580291657226,0,Medium Risk
1562,2023-11-07,Premium,699,11.8,2,2,22,50,No,0,Inactive,Low,Medium,Medium,0.5521888733088135,1,Medium Risk
1563,2023-07-04,Standard,399,22.9,7,3,5,30,Yes,1,At Risk,High,High,High,0.7067005627402524,1,High Risk
1564,2024-08-25,Premium,699,19.5,8,2,33,8,No,0,Active,High,Medium,High,0.5228179842476061,1,Medium Risk
1565,2023-06-12,Premium,699,14.8,6,0,23,2,Yes,1,Active,High,Low,Medium,0.22740562340010173,0,Low Risk
1566,2023-08-26,Basic,199,16.8,7,5,7,30,Yes,1,At Risk,High,High,High,0.7613388313133979,1,High Risk
1567,2024-03-06,Premium,699,3.1,2,5,16,57,Yes,1,Inactive,Low,High,Low,0.923272227445457,1,High Risk
1568,2024-03-28,Basic,199,15.5,1,0,4,54,No,0,Inactive,Low,Low,High,0.3283565875081562,0,Medium Risk
1569,2023-05-17,Standard,399,23.1,5,0,2,44,Yes,1,Inactive,Medium,Low,High,0.4606982892651975,0,Medium Risk
1570,2023-08-19,Premium,699,5.4,4,3,36,28,Yes,1,At Risk,Medium,High,Medium,0.5360335730335571,1,Medium Risk
1571,2024-10-06,Basic,199,11.1,8,1,11,5,No,0,Active,High,Medium,Medium,0.4457445720503056,0,Medium Risk
1572,2024-08-04,Premium,699,5.5,2,0,7,23,No,0,At Risk,Low,Low,Medium,0.2656729492875209,0,Low Risk
1573,2024-08-07,Premium,699,8.8,8,3,5,12,No,0,Active,High,High,Medium,0.6176219024651353,1,High Risk
1574,2024-03-13,Standard,399,9.1,8,1,33,51,Yes,1,Inactive,High,Medium,Medium,0.6994169623382037,1,High Risk
1575,2023-04-14,Premium,699,21.9,1,1,25,50,No,0,Inactive,Low,Medium,High,0.4506164566027863,0,Medium Risk
1576,2023-10-24,Basic,199,6.1,8,2,32,1,Yes,1,Active,High,Medium,Medium,0.4295707693122561,0,Medium Risk
1577,2024-08-12,Standard,399,17.7,1,1,25,18,Yes,1,At Risk,Low,Medium,High,0.32998508997933645,0,Medium Risk
1578,2024-07-13,Basic,199,23.3,8,2,34,25,Yes,1,At Risk,High,Medium,High,0.6774283464514809,1,High Risk
1579,2024-03-07,Premium,699,14.8,4,5,8,1,Yes,1,Active,Medium,High,Medium,0.5648404012930666,1,Medium Risk
1580,2023-12-04,Standard,399,8.7,0,1,13,13,No,0,Active,Low,Medium,Medium,0.17421228723528326,0,Low Risk
1581,2023-02-06,Premium,699,6.3,1,4,4,57,No,0,Inactive,Low,High,Medium,0.6370192830506859,1,High Risk
1582,2023-10-05,Standard,399,23.8,1,4,5,30,No,0,At Risk,Low,High,High,0.5805783855124316,1,Medium Risk
1583,2024-03-17,Premium,699,3.0,7,4,3,14,Yes,1,Active,High,High,Low,0.8552685385190595,1,High Risk
1584,2023-07-20,Standard,399,19.6,3,0,20,59,Yes,1,Inactive,Medium,Low,High,0.36498721209667545,0,Medium Risk
1585,2024-01-22,Premium,699,17.2,0,4,25,30,Yes,1,At Risk,Low,High,High,0.512369151261994,1,Medium Risk
1586,2023-05-01,Premium,699,11.0,6,4,9,8,Yes,1,Active,High,High,Medium,0.53116235976226,1,Medium Risk
1587,2023-08-26,Premium,699,9.1,5,3,24,58,Yes,1,Inactive,Medium,High,Medium,0.7266389268022319,1,High Risk
1588,2023-01-16,Basic,199,6.1,8,4,1,2,No,0,Active,High,High,Medium,0.5930408798720574,1,Medium Risk
1589,2023-10-17,Premium,699,20.4,1,0,16,8,No,0,Active,Low,Low,High,0.14485938863487352,0,Low Risk
1590,2024-05-05,Basic,199,9.1,3,2,21,8,No,0,Active,Medium,Medium,Medium,0.28008977504464944,0,Low Risk
1591,2024-05-21,Premium,699,16.6,1,2,8,60,Yes,1,Inactive,Low,Medium,High,0.5357941759606671,1,Medium Risk
1592,2024-01-11,Premium,699,22.5,3,3,23,45,Yes,1,Inactive,Medium,High,High,0.6514952637399091,1,High Risk
1593,2024-12-15,Premium,699,21.8,3,4,19,57,Yes,1,Inactive,Medium,High,High,0.7257851243121995,1,High Risk
1594,2024-05-12,Premium,699,3.1,5,3,33,45,Yes,1,Inactive,Medium,High,Low,0.9026322029787884,1,High Risk
1595,2024-07-20,Standard,399,5.5,2,4,6,14,Yes,1,Active,Low,High,Medium,0.46014069270521324,0,Medium Risk
1596,2024-10-27,Basic,199,9.6,2,0,8,15,No,0,At Risk,Low,Low,Medium,0.2606679086562814,0,Low Risk
1597,2023-11-04,Standard,399,1.0,0,2,8,17,Yes,1,At Risk,Low,Medium,Low,0.5891874437256451,1,Medium Risk
1598,2024-01-29,Basic,199,7.3,6,3,4,1,No,0,Active,High,High,Medium,0.4539450909991061,0,Medium Risk
1599,2023-02-23,Standard,399,6.0,6,1,3,42,Yes,1,Inactive,High,Medium,Medium,0.522204576459979,1,Medium Risk
1600,2023-12-11,Premium,699,1.3,5,0,20,58,Yes,1,Inactive,Medium,Low,Low,0.7449366447287933,1,High Risk
1601,2024-03-13,Standard,399,19.1,5,5,14,53,Yes,1,Inactive,Medium,High,High,0.8265522700397837,1,High Risk
1602,2024-11-25,Premium,699,20.3,8,3,4,60,Yes,1,Inactive,High,High,High,0.8432870981347498,1,High Risk
1603,2024-04-23,Standard,399,11.9,8,2,35,10,No,0,Active,High,Medium,Medium,0.5273324887201633,1,Medium Risk
1604,2023-10-08,Premium,699,3.7,0,2,16,51,Yes,1,Inactive,Low,Medium,Low,0.7262671568996617,1,High Risk
1605,2024-09-22,Basic,199,19.4,4,2,16,36,Yes,1,Inactive,Medium,Medium,High,0.5611473095486443,1,Medium Risk
1606,2023-01-13,Standard,399,7.1,4,5,24,51,No,0,Inactive,Medium,High,Medium,0.7451086309498464,1,High Risk
1607,2024-04-18,Basic,199,14.4,5,2,20,54,Yes,1,Inactive,Medium,Medium,Medium,0.6776630821314437,1,High Risk
1608,2024-07-23,Basic,199,0.7,0,2,29,30,Yes,1,At Risk,Low,Medium,Low,0.641019050330399,1,High Risk
1609,2023-11-18,Basic,199,1.9,1,2,27,57,Yes,1,Inactive,Low,Medium,Low,0.7672512834579099,1,High Risk
1610,2023-08-21,Basic,199,4.9,4,2,29,55,Yes,1,Inactive,Medium,Medium,Low,0.8295025696488773,1,High Risk
1611,2023-07-08,Premium,699,4.1,0,1,12,7,No,0,Active,Low,Medium,Low,0.42329715596696765,0,Medium Risk
1612,2023-03-04,Premium,699,21.6,5,0,33,35,No,0,Inactive,Medium,Low,High,0.4253869233855263,0,Medium Risk
1613,2023-12-28,Premium,699,24.4,0,5,17,54,No,0,Inactive,Low,High,High,0.6840816236625893,1,High Risk
1614,2023-04-26,Premium,699,15.2,5,0,3,4,No,0,Active,Medium,Low,High,0.2032215549729708,0,Low Risk
1615,2024-11-28,Premium,699,6.3,5,4,5,23,No,0,At Risk,Medium,High,Medium,0.6706354339771433,1,High Risk
1616,2024-01-04,Standard,399,16.2,4,1,5,1,No,0,Active,Medium,Medium,High,0.27037913339773423,0,Low Risk
1617,2024-09-28,Standard,399,22.5,5,3,27,60,No,0,Inactive,Medium,High,High,0.7782103028165342,1,High Risk
1618,2023-04-19,Basic,199,9.5,4,1,11,58,No,0,Inactive,Medium,Medium,Medium,0.5209722265909563,1,Medium Risk
1619,2024-08-18,Premium,699,20.3,8,5,14,49,Yes,1,Inactive,High,High,High,0.8827004332212455,1,High Risk
1620,2023-06-03,Premium,699,23.5,6,4,23,2,No,0,Active,High,High,High,0.5424534630176682,1,Medium Risk
1621,2024-10-07,Standard,399,23.9,3,4,6,32,No,0,Inactive,Medium,High,High,0.6787598908871276,1,High Risk
1622,2024-04-28,Premium,699,13.7,1,4,27,51,Yes,1,Inactive,Low,High,Medium,0.6876305441782208,1,High Risk
1623,2023-10-28,Premium,699,13.2,5,2,34,12,No,0,Active,Medium,Medium,Medium,0.39620206514349154,0,Medium Risk
1624,2023-04-29,Basic,199,6.5,5,1,22,29,Yes,1,At Risk,Medium,Medium,Medium,0.4376523775928182,0,Medium Risk
1625,2024-06-01,Premium,699,11.4,6,2,16,5,Yes,1,Active,High,Medium,Medium,0.3974976828489913,0,Medium Risk
1626,2024-08-06,Basic,199,16.5,3,3,24,50,Yes,1,Inactive,Medium,High,High,0.6221303294457592,1,High Risk
1627,2024-09-12,Basic,199,6.5,6,5,35,37,Yes,1,Inactive,High,High,Medium,0.7724181417083992,1,High Risk
1628,2023-06-01,Standard,399,8.9,1,0,19,26,No,0,At Risk,Low,Low,Medium,0.21957242729606158,0,Low Risk
1629,2023-06-20,Premium,699,16.0,3,1,32,56,No,0,Inactive,Medium,Medium,High,0.45676589474315027,0,Medium Risk
1630,2023-04-14,Basic,199,7.0,8,5,27,59,Yes,1,Inactive,High,High,Medium,0.8615526392235,1,High Risk
1631,2023-05-16,Basic,199,20.9,0,5,3,10,No,0,Active,Low,High,High,0.39913977650138266,0,Medium Risk
1632,2024-07-24,Premium,699,23.0,6,2,34,8,Yes,1,Active,High,Medium,High,0.42693569815767485,0,Medium Risk
1633,2023-02-16,Basic,199,3.4,5,4,19,38,Yes,1,Inactive,Medium,High,Low,0.903238772197698,1,High Risk
1634,2024-03-22,Basic,199,23.8,6,5,23,28,Yes,1,At Risk,High,High,High,0.7665290633423054,1,High Risk
1635,2024-06-05,Standard,399,17.7,2,5,31,49,Yes,1,Inactive,Low,High,High,0.7571601463801958,1,High Risk
1636,2023-11-25,Basic,199,22.4,5,5,10,41,Yes,1,Inactive,Medium,High,High,0.7951516282888927,1,High Risk
1637,2023-12-16,Standard,399,13.0,4,0,12,14,No,0,Active,Medium,Low,Medium,0.20317207497467799,0,Low Risk
1638,2023-11-23,Basic,199,22.5,8,3,34,18,Yes,1,At Risk,High,High,High,0.7169196500587223,1,High Risk
1639,2024-09-22,Basic,199,1.5,3,3,10,33,Yes,1,Inactive,Medium,High,Low,0.826026385469669,1,High Risk
1640,2024-03-25,Standard,399,9.0,2,0,7,18,No,0,At Risk,Low,Low,Medium,0.2705306947158523,0,Low Risk
1641,2023-08-26,Basic,199,7.6,4,4,11,48,Yes,1,Inactive,Medium,High,Medium,0.6888436941213203,1,High Risk
1642,2023-06-22,Premium,699,4.0,3,4,18,53,Yes,1,Inactive,Medium,High,Low,0.878760778352433,1,High Risk
1643,2024-05-15,Basic,199,24.0,8,4,3,51,Yes,1,Inactive,High,High,High,0.8661749656194688,1,High Risk
1644,2024-04-09,Basic,199,5.5,6,5,24,28,Yes,1,At Risk,High,High,Medium,0.7171833786482686,1,High Risk
1645,2023-09-27,Standard,399,18.0,1,3,8,56,Yes,1,Inactive,Low,High,High,0.6016544014953431,1,High Risk
1646,2023-08-16,Basic,199,24.8,1,2,9,51,Yes,1,Inactive,Low,Medium,High,0.5208661405342347,1,Medium Risk
1647,2024-06-09,Premium,699,8.5,8,2,5,17,Yes,1,At Risk,High,Medium,Medium,0.6290729638714794,1,High Risk
1648,2024-12-23,Premium,699,17.8,5,0,5,27,Yes,1,At Risk,Medium,Low,High,0.3728726145551417,0,Medium Risk
1649,2023-02-06,Premium,699,5.2,8,5,21,53,No,0,Inactive,High,High,Medium,0.8528322777850189,1,High Risk
1650,2024-04-26,Premium,699,6.5,6,1,1,43,Yes,1,Inactive,High,Medium,Medium,0.5597527283836317,1,Medium Risk
1651,2023-04-01,Basic,199,20.4,7,2,32,8,Yes,1,Active,High,Medium,High,0.43035149343884066,0,Medium Risk
1652,2024-12-28,Premium,699,0.6,1,3,14,35,Yes,1,Inactive,Low,High,Low,0.8158609876341548,1,High Risk
1653,2023-08-29,Basic,199,10.7,4,4,3,24,Yes,1,At Risk,Medium,High,Medium,0.6072196345669911,1,High Risk
1654,2023-10-27,Premium,699,12.4,2,2,23,53,Yes,1,Inactive,Low,Medium,Medium,0.563862118950615,1,Medium Risk
1655,2023-10-30,Premium,699,12.5,6,4,32,22,Yes,1,At Risk,High,High,Medium,0.6713514372955269,1,High Risk
1656,2024-11-09,Basic,199,3.3,4,3,15,28,Yes,1,At Risk,Medium,High,Low,0.8330252678546561,1,High Risk
1657,2024-02-12,Standard,399,4.8,5,5,8,7,Yes,1,Active,Medium,High,Low,0.8499728713594733,1,High Risk
1658,2023-08-29,Premium,699,19.5,7,3,9,38,Yes,1,Inactive,High,High,High,0.7428249388052393,1,High Risk
1659,2023-11-27,Basic,199,7.1,3,3,19,3,No,0,Active,Medium,High,Medium,0.31800202327113847,0,Medium Risk
1660,2023-02-25,Standard,399,10.6,7,3,21,25,Yes,1,At Risk,High,High,Medium,0.6694058893120173,1,High Risk
1661,2024-04-03,Standard,399,18.3,5,5,32,52,Yes,1,Inactive,Medium,High,High,0.8211112553652844,1,High Risk
1662,2023-04-23,Standard,399,14.5,2,4,15,13,No,0,Active,Low,High,Medium,0.4803719827809997,0,Medium Risk
1663,2024-01-24,Premium,699,3.7,8,0,22,60,Yes,1,Inactive,High,Low,Low,0.8508083944279042,1,High Risk
1664,2023-08-04,Basic,199,22.8,8,0,22,41,Yes,1,Inactive,High,Low,High,0.5571989945144453,1,Medium Risk
1665,2023-08-23,Standard,399,5.4,2,4,35,25,No,0,At Risk,Low,High,Medium,0.5579681812530607,1,Medium Risk
1666,2023-09-12,Standard,399,22.8,5,3,11,13,No,0,Active,Medium,High,High,0.5118265220518298,1,Medium Risk
1667,2024-05-11,Basic,199,21.2,8,0,3,32,Yes,1,Inactive,High,Low,High,0.5551204890958659,1,Medium Risk
1668,2023-09-11,Basic,199,7.4,0,1,11,40,No,0,Inactive,Low,Medium,Medium,0.3228927531973518,0,Medium Risk
1669,2023-10-04,Basic,199,18.9,6,5,18,25,Yes,1,At Risk,High,High,High,0.7142841585812439,1,High Risk
1670,2024-07-08,Basic,199,2.3,6,0,5,0,No,0,Active,High,Low,Low,0.4910769888553133,0,Medium Risk
1671,2023-11-16,Premium,699,2.8,6,1,10,53,Yes,1,Inactive,High,Medium,Low,0.8255611441956944,1,High Risk
1672,2023-04-13,Standard,399,13.1,0,2,28,17,No,0,At Risk,Low,Medium,Medium,0.3157797143187592,0,Medium Risk
1673,2024-07-28,Standard,399,9.7,6,0,31,14,No,0,Active,High,Low,Medium,0.24983162680813203,0,Low Risk
1674,2024-05-23,Standard,399,7.5,8,4,31,15,Yes,1,At Risk,High,High,Medium,0.7509824014405843,1,High Risk
1675,2024-08-14,Premium,699,23.8,8,5,26,6,Yes,1,Active,High,High,High,0.7395586245989886,1,High Risk
1676,2024-10-20,Basic,199,19.4,7,2,26,30,Yes,1,At Risk,High,Medium,High,0.6155515285474226,1,High Risk
1677,2024-05-16,Standard,399,4.0,1,0,22,35,Yes,1,Inactive,Low,Low,Low,0.6047553743402163,1,High Risk
1678,2024-08-03,Premium,699,2.6,6,4,16,53,Yes,1,Inactive,High,High,Low,0.9267091361337542,1,High Risk
1679,2023-06-04,Basic,199,19.3,4,3,4,19,No,0,At Risk,Medium,High,High,0.5429324763332223,1,Medium Risk
1680,2024-07-29,Basic,199,17.4,6,0,21,17,No,0,At Risk,High,Low,High,0.33495094718994983,0,Medium Risk
1681,2024-06-10,Standard,399,12.7,3,2,35,29,No,0,At Risk,Medium,Medium,Medium,0.4523652652609871,0,Medium Risk
1682,2023-01-14,Premium,699,23.1,6,5,6,4,Yes,1,Active,High,High,High,0.6034185433158678,1,High Risk
1683,2023-04-27,Basic,199,18.8,2,1,34,28,No,0,At Risk,Low,Medium,High,0.3790800850905128,0,Medium Risk
1684,2024-07-14,Basic,199,12.6,8,3,28,8,No,0,Active,High,High,Medium,0.6182230054378711,1,High Risk
1685,2024-11-23,Standard,399,0.7,1,3,26,18,No,0,At Risk,Low,High,Low,0.7542597780518248,1,High Risk
1686,2023-10-25,Standard,399,8.4,5,4,34,41,Yes,1,Inactive,Medium,High,Medium,0.7299536390330585,1,High Risk
1687,2024-04-18,Premium,699,20.2,5,4,14,38,Yes,1,Inactive,Medium,High,High,0.7679187073208474,1,High Risk
1688,2024-04-30,Basic,199,23.2,2,1,22,33,No,0,Inactive,Low,Medium,High,0.4919308689627059,0,Medium Risk
1689,2023-01-06,Basic,199,10.7,2,3,21,4,No,0,Active,Low,High,Medium,0.36944939629435414,0,Medium Risk
1690,2023-03-04,Standard,399,5.4,1,4,13,29,Yes,1,At Risk,Low,High,Medium,0.5126593999156511,1,Medium Risk
1691,2023-08-20,Premium,699,15.1,1,2,30,40,Yes,1,Inactive,Low,Medium,High,0.4390116003258623,0,Medium Risk
1692,2024-03-12,Standard,399,23.2,4,2,1,52,No,0,Inactive,Medium,Medium,High,0.6346723482117195,1,High Risk
1693,2024-11-06,Premium,699,9.5,6,2,20,35,Yes,1,Inactive,High,Medium,Medium,0.6100409872577558,1,High Risk
1694,2023-09-27,Basic,199,15.0,1,5,5,13,Yes,1,Active,Low,High,Medium,0.4753393530430984,0,Medium Risk
1695,2023-12-05,Premium,699,3.6,8,4,7,41,Yes,1,Inactive,High,High,Low,0.9415855992055778,1,High Risk
1696,2023-08-26,Premium,699,24.2,7,1,18,10,Yes,1,Active,High,Medium,High,0.4122371845307648,0,Medium Risk
1697,2023-01-01,Basic,199,23.3,2,1,6,10,No,0,Active,Low,Medium,High,0.27294990315501494,0,Low Risk
1698,2024-03-11,Standard,399,22.5,0,1,5,32,No,0,Inactive,Low,Medium,High,0.37935018277775145,0,Medium Risk
1699,2024-01-22,Premium,699,8.5,8,0,31,15,No,0,At Risk,High,Low,Medium,0.44146366156079864,0,Medium Risk
1700,2024-09-11,Standard,399,9.2,8,2,31,33,Yes,1,Inactive,High,Medium,Medium,0.7066457590115719,1,High Risk
1701,2024-07-27,Basic,199,23.7,4,5,11,9,No,0,Active,Medium,High,High,0.5845877054502585,1,Medium Risk
1702,2024-03-21,Standard,399,17.5,4,5,32,7,No,0,Active,Medium,High,High,0.5479785923792411,1,Medium Risk
1703,2024-03-10,Premium,699,4.9,5,3,23,49,Yes,1,Inactive,Medium,High,Low,0.9104066844552808,1,High Risk
1704,2023-01-11,Basic,199,22.0,3,3,36,23,Yes,1,At Risk,Medium,High,High,0.5085654980960017,1,Medium Risk
1705,2023-04-07,Basic,199,9.3,3,0,29,37,Yes,1,Inactive,Medium,Low,Medium,0.2898757596998334,0,Low Risk
1706,2023-10-09,Standard,399,12.8,0,4,17,17,Yes,1,At Risk,Low,High,Medium,0.46524878961784816,0,Medium Risk
1707,2024-08-08,Premium,699,10.3,4,2,31,40,Yes,1,Inactive,Medium,Medium,Medium,0.5709721799776982,1,Medium Risk
1708,2024-10-25,Basic,199,24.9,7,3,31,11,Yes,1,Active,High,High,High,0.5965935507637393,1,Medium Risk
1709,2024-12-23,Premium,699,1.4,0,4,7,57,Yes,1,Inactive,Low,High,Low,0.8518649970835462,1,High Risk
1710,2023-05-03,Premium,699,21.8,2,0,12,26,No,0,At Risk,Low,Low,High,0.2893465438315252,0,Low Risk
1711,2023-10-12,Basic,199,16.1,0,2,29,6,No,0,Active,Low,Medium,High,0.19041979289471975,0,Low Risk
1712,2024-08-23,Basic,199,8.7,5,5,2,10,No,0,Active,Medium,High,Medium,0.6019143319910016,1,High Risk
1713,2023-03-04,Premium,699,13.2,6,3,24,53,Yes,1,Inactive,High,High,Medium,0.734728097800322,1,High Risk
1714,2023-06-26,Basic,199,20.7,8,1,13,46,Yes,1,Inactive,High,Medium,High,0.676649569012914,1,High Risk
1715,2024-10-12,Standard,399,7.3,3,5,3,32,Yes,1,Inactive,Medium,High,Medium,0.6820131422005759,1,High Risk
1716,2024-08-04,Premium,699,8.1,8,2,1,7,Yes,1,Active,High,Medium,Medium,0.5005581679012795,1,Medium Risk
1717,2023-07-06,Premium,699,14.4,7,0,6,7,No,0,Active,High,Low,Medium,0.2817708414976248,0,Low Risk
1718,2024-10-15,Premium,699,5.0,0,1,6,50,Yes,1,Inactive,Low,Medium,Low,0.7093376489114261,1,High Risk
1719,2023-07-15,Standard,399,2.5,3,2,30,53,Yes,1,Inactive,Medium,Medium,Low,0.7854737618233476,1,High Risk
1720,2023-05-24,Premium,699,8.1,6,5,9,18,Yes,1,At Risk,High,High,Medium,0.6905730692539466,1,High Risk
1721,2023-10-30,Premium,699,10.6,3,2,21,56,Yes,1,Inactive,Medium,Medium,Medium,0.5290536995879033,1,Medium Risk
1722,2024-10-19,Standard,399,7.0,7,2,29,37,Yes,1,Inactive,High,Medium,Medium,0.6537823382654505,1,High Risk
1723,2024-01-30,Premium,699,20.8,2,0,29,60,No,0,Inactive,Low,Low,High,0.4356051161924632,0,Medium Risk
1724,2023-10-23,Basic,199,14.4,6,2,35,41,No,0,Inactive,High,Medium,Medium,0.6148939882718345,1,High Risk
1725,2023-10-03,Basic,199,17.6,8,4,22,53,Yes,1,Inactive,High,High,High,0.8326536373501919,1,High Risk
1726,2023-04-29,Basic,199,19.4,4,1,33,29,Yes,1,At Risk,Medium,Medium,High,0.41019423583835724,0,Medium Risk
1727,2024-01-22,Premium,699,12.1,7,4,12,20,Yes,1,At Risk,High,High,Medium,0.7403666412649298,1,High Risk
1728,2023-01-09,Premium,699,8.4,1,5,3,22,No,0,At Risk,Low,High,Medium,0.5708214535567783,1,Medium Risk
1729,2024-01-02,Basic,199,12.1,5,5,27,57,Yes,1,Inactive,Medium,High,Medium,0.8299315851013174,1,High Risk
1730,2024-04-12,Standard,399,11.9,2,0,11,28,No,0,At Risk,Low,Low,Medium,0.3073390427141443,0,Medium Risk
1731,2024-09-07,Premium,699,18.4,7,1,28,16,No,0,At Risk,High,Medium,High,0.5241863078502723,1,Medium Risk
1732,2024-06-03,Standard,399,17.1,4,0,31,59,No,0,Inactive,Medium,Low,High,0.4350835537107653,0,Medium Risk
1733,2023-06-17,Basic,199,10.9,4,4,27,25,Yes,1,At Risk,Medium,High,Medium,0.6087760979920455,1,High Risk
1734,2023-05-23,Premium,699,23.1,8,1,11,60,No,0,Inactive,High,Medium,High,0.7288122533026788,1,High Risk
1735,2023-05-25,Basic,199,19.8,0,0,22,19,No,0,At Risk,Low,Low,High,0.17726844767108255,0,Low Risk
1736,2023-06-26,Standard,399,10.2,7,0,30,42,Yes,1,Inactive,High,Low,Medium,0.47864861720212076,0,Medium Risk
1737,2023-09-08,Standard,399,2.5,3,1,20,27,Yes,1,At Risk,Medium,Medium,Low,0.6483534902501152,1,High Risk
1738,2023-04-13,Basic,199,21.2,5,0,36,30,Yes,1,At Risk,Medium,Low,High,0.3600220534742151,0,Medium Risk
1739,2024-04-19,Standard,399,17.3,3,3,36,42,Yes,1,Inactive,Medium,High,High,0.6121627996291024,1,High Risk
1740,2023-05-17,Premium,699,19.2,1,3,16,8,Yes,1,Active,Low,High,High,0.3391959305411266,0,Medium Risk
1741,2023-12-22,Standard,399,22.5,6,4,21,25,Yes,1,At Risk,High,High,High,0.6907285284448794,1,High Risk
1742,2024-05-28,Standard,399,5.9,2,1,2,23,No,0,At Risk,Low,Medium,Medium,0.3753969515969151,0,Medium Risk
1743,2023-08-05,Basic,199,22.9,3,1,26,31,Yes,1,Inactive,Medium,Medium,High,0.4215259111210929,0,Medium Risk
1744,2023-10-19,Standard,399,2.8,6,5,28,11,Yes,1,Active,High,High,Low,0.8315681110914905,1,High Risk
1745,2024-03-07,Standard,399,17.0,7,0,25,16,No,0,At Risk,High,Low,High,0.3913731160653061,0,Medium Risk
1746,2023-12-21,Basic,199,10.3,8,0,11,29,No,0,At Risk,High,Low,Medium,0.45318086136866004,0,Medium Risk
1747,2024-08-11,Premium,699,16.6,6,0,7,10,No,0,Active,High,Low,High,0.24083451863550984,0,Low Risk
1748,2024-02-16,Premium,699,17.3,0,3,25,41,No,0,Inactive,Low,High,High,0.5287445015348278,1,Medium Risk
1749,2024-04-06,Standard,399,7.9,4,5,4,40,Yes,1,Inactive,Medium,High,Medium,0.7504014870786824,1,High Risk
1750,2023-07-03,Premium,699,19.6,5,4,24,23,Yes,1,At Risk,Medium,High,High,0.6721200199606039,1,High Risk
1751,2024-12-25,Standard,399,19.1,1,1,35,0,No,0,Active,Low,Medium,High,0.21677918443597555,0,Low Risk
1752,2023-02-10,Premium,699,5.3,7,3,17,3,Yes,1,Active,High,High,Medium,0.4832077342268515,0,Medium Risk
1753,2024-03-11,Basic,199,11.8,0,4,32,43,Yes,1,Inactive,Low,High,Medium,0.5941331655829647,1,Medium Risk
1754,2024-01-01,Standard,399,19.3,0,4,19,17,Yes,1,At Risk,Low,High,High,0.4885459486215388,0,Medium Risk
1755,2024-01-01,Standard,399,11.4,4,5,2,2,No,0,Active,Medium,High,Medium,0.5465974341936292,1,Medium Risk
1756,2023-04-07,Premium,699,13.5,6,1,3,11,Yes,1,Active,High,Medium,Medium,0.34378437169667864,0,Medium Risk
1757,2024-12-06,Basic,199,16.0,6,2,10,22,No,0,At Risk,High,Medium,High,0.5177292058547394,1,Medium Risk
1758,2023-12-01,Premium,699,23.0,8,4,16,29,Yes,1,At Risk,High,High,High,0.7919748634953401,1,High Risk
1759,2023-03-22,Standard,399,4.1,1,3,3,32,No,0,Inactive,Low,High,Low,0.804906374552499,1,High Risk
1760,2024-10-30,Standard,399,10.9,0,1,20,60,No,0,Inactive,Low,Medium,Medium,0.4294824925375914,0,Medium Risk
1761,2023-09-25,Premium,699,21.0,6,0,6,50,Yes,1,Inactive,High,Low,High,0.464589199473136,0,Medium Risk
1762,2024-08-10,Standard,399,13.7,3,5,33,51,Yes,1,Inactive,Medium,High,Medium,0.7533616879212932,1,High Risk
1763,2023-07-10,Standard,399,19.1,6,2,14,47,Yes,1,Inactive,High,Medium,High,0.6229511392891389,1,High Risk
1764,2023-01-06,Standard,399,17.0,6,1,33,43,Yes,1,Inactive,High,Medium,High,0.5421645880808079,1,Medium Risk
1765,2024-04-18,Standard,399,1.0,6,5,14,8,Yes,1,Active,High,High,Low,0.838607180190947,1,High Risk
1766,2023-03-07,Premium,699,2.9,3,0,21,45,Yes,1,Inactive,Medium,Low,Low,0.6215806194017518,1,High Risk
1767,2023-12-03,Premium,699,18.3,7,4,19,26,Yes,1,At Risk,High,High,High,0.7218070250841148,1,High Risk
1768,2023-12-21,Premium,699,12.2,8,0,25,21,Yes,1,At Risk,High,Low,Medium,0.4503449352449623,0,Medium Risk
1769,2024-11-20,Standard,399,11.8,7,1,10,34,No,0,Inactive,High,Medium,Medium,0.621500276846205,1,High Risk
1770,2023-12-20,Standard,399,10.4,1,5,17,31,Yes,1,Inactive,Low,High,Medium,0.6444946345102387,1,High Risk
1771,2023-11-19,Basic,199,18.8,8,2,14,19,Yes,1,At Risk,High,Medium,High,0.6110758020533557,1,High Risk
1772,2024-03-01,Standard,399,1.2,2,4,30,22,Yes,1,At Risk,Low,High,Low,0.837779882526796,1,High Risk
1773,2023-05-15,Basic,199,14.1,7,1,19,24,No,0,At Risk,High,Medium,Medium,0.5278627690674796,1,Medium Risk
1774,2023-07-02,Standard,399,2.9,3,1,8,7,No,0,Active,Medium,Medium,Low,0.49943883642397596,0,Medium Risk
1775,2023-10-13,Basic,199,14.0,5,1,26,26,No,0,At Risk,Medium,Medium,Medium,0.4741392290240251,0,Medium Risk
1776,2023-08-19,Standard,399,15.9,5,4,24,34,Yes,1,Inactive,Medium,High,High,0.714401227052873,1,High Risk
1777,2023-07-01,Standard,399,19.0,4,3,32,10,No,0,Active,Medium,High,High,0.42035442057526823,0,Medium Risk
1778,2023-04-11,Standard,399,0.6,5,3,19,41,Yes,1,Inactive,Medium,High,Low,0.8808088627927563,1,High Risk
1779,2023-08-18,Standard,399,24.4,6,1,27,40,Yes,1,Inactive,High,Medium,High,0.5787640121518058,1,Medium Risk
1780,2023-06-20,Basic,199,25.0,6,0,33,20,No,0,At Risk,High,Low,High,0.3553625527953385,0,Medium Risk
1781,2024-10-31,Premium,699,17.3,5,0,31,47,No,0,Inactive,Medium,Low,High,0.46280902906427923,0,Medium Risk
1782,2023-09-03,Standard,399,13.0,3,1,36,29,No,0,At Risk,Medium,Medium,Medium,0.36884860777104733,0,Medium Risk
1783,2023-02-01,Basic,199,23.5,3,2,31,8,Yes,1,Active,Medium,Medium,High,0.2875950416146565,0,Low Risk
1784,2024-04-17,Basic,199,11.8,7,1,30,50,Yes,1,Inactive,High,Medium,Medium,0.6532749644450103,1,High Risk
1785,2023-03-13,Premium,699,20.2,5,1,8,15,No,0,At Risk,Medium,Medium,High,0.44588784085262484,0,Medium Risk
1786,2023-03-14,Basic,199,17.2,6,4,3,30,No,0,At Risk,High,High,High,0.6694615660164607,1,High Risk
1787,2024-10-24,Standard,399,22.1,8,0,17,45,No,0,Inactive,High,Low,High,0.6018168268360944,1,High Risk
1788,2023-02-10,Premium,699,11.2,0,2,2,51,Yes,1,Inactive,Low,Medium,Medium,0.43626004429738874,0,Medium Risk
1789,2023-05-08,Standard,399,18.1,8,5,26,41,Yes,1,Inactive,High,High,High,0.8512495593073789,1,High Risk
1790,2024-11-03,Basic,199,21.3,1,5,10,10,No,0,Active,Low,High,High,0.4888737991390723,0,Medium Risk
1791,2024-10-19,Standard,399,22.9,7,1,10,16,Yes,1,At Risk,High,Medium,High,0.5518503178025065,1,Medium Risk
1792,2023-10-30,Premium,699,11.7,7,1,5,48,Yes,1,Inactive,High,Medium,Medium,0.6300931632336595,1,High Risk
1793,2024-08-31,Premium,699,8.6,7,5,29,16,No,0,At Risk,High,High,Medium,0.7581511158015362,1,High Risk
1794,2024-07-31,Basic,199,4.1,4,0,9,14,No,0,Active,Medium,Low,Low,0.4822928204166624,0,Medium Risk
1795,2024-12-31,Standard,399,8.0,2,4,19,40,Yes,1,Inactive,Low,High,Medium,0.6819128520691055,1,High Risk
1796,2024-01-29,Standard,399,4.3,2,1,19,38,Yes,1,Inactive,Low,Medium,Low,0.7690186143299257,1,High Risk
1797,2023-01-13,Standard,399,1.2,3,4,15,19,Yes,1,At Risk,Medium,High,Low,0.7959563199093359,1,High Risk
1798,2023-06-24,Standard,399,18.2,8,3,24,30,Yes,1,At Risk,High,High,High,0.7296995406964094,1,High Risk
1799,2024-05-11,Standard,399,14.9,8,2,10,33,Yes,1,Inactive,High,Medium,Medium,0.7360607267807898,1,High Risk
1800,2023-01-15,Premium,699,21.8,7,1,11,30,No,0,At Risk,High,Medium,High,0.5543464811956662,1,Medium Risk
1801,2024-09-15,Premium,699,8.9,4,1,5,14,Yes,1,Active,Medium,Medium,Medium,0.3025410026542574,0,Medium Risk
1802,2024-10-15,Premium,699,16.4,5,3,8,29,Yes,1,At Risk,Medium,High,High,0.6467541495197141,1,High Risk
1803,2024-10-03,Basic,199,22.5,3,2,34,42,Yes,1,Inactive,Medium,Medium,High,0.5362405554642276,1,Medium Risk
1804,2024-07-04,Basic,199,12.9,4,4,22,34,No,0,Inactive,Medium,High,Medium,0.7081949937263186,1,High Risk
1805,2023-07-07,Basic,199,11.4,8,1,4,15,No,0,At Risk,High,Medium,Medium,0.5467447043625135,1,Medium Risk
1806,2023-09-30,Premium,699,6.1,7,1,16,2,No,0,Active,High,Medium,Medium,0.3328234745479663,0,Medium Risk
1807,2023-05-16,Premium,699,2.7,3,5,18,53,No,0,Inactive,Medium,High,Low,0.8984088481180701,1,High Risk
1808,2024-05-03,Premium,699,2.0,3,1,20,37,No,0,Inactive,Medium,Medium,Low,0.732939099375959,1,High Risk
1809,2023-07-21,Standard,399,13.7,0,2,7,50,No,0,Inactive,Low,Medium,Medium,0.4468083189459342,0,Medium Risk
1810,2023-08-09,Standard,399,11.3,7,1,8,6,No,0,Active,High,Medium,Medium,0.37126007506191494,0,Medium Risk
1811,2023-04-25,Premium,699,7.8,0,4,32,27,No,0,At Risk,Low,High,Medium,0.46233665241829397,0,Medium Risk
1812,2024-04-12,Premium,699,19.5,3,4,29,51,No,0,Inactive,Medium,High,High,0.7000025574097968,1,High Risk
1813,2024-06-03,Basic,199,19.0,4,3,17,40,Yes,1,Inactive,Medium,High,High,0.6651857761862839,1,High Risk
1814,2023-12-16,Standard,399,7.5,4,2,33,55,Yes,1,Inactive,Medium,Medium,Medium,0.5635722195307776,1,Medium Risk
1815,2024-05-14,Standard,399,12.8,7,0,36,48,No,0,Inactive,High,Low,Medium,0.5409268679245076,1,Medium Risk
1816,2023-03-09,Basic,199,22.4,8,3,21,31,Yes,1,Inactive,High,High,High,0.7768918906666955,1,High Risk
1817,2023-07-07,Standard,399,2.8,7,2,20,40,Yes,1,Inactive,High,Medium,Low,0.8661737145661115,1,High Risk
1818,2024-06-27,Basic,199,19.2,3,2,7,32,Yes,1,Inactive,Medium,Medium,High,0.49129082996785617,0,Medium Risk
1819,2023-06-10,Standard,399,17.3,3,4,7,43,Yes,1,Inactive,Medium,High,High,0.6426248451777385,1,High Risk
1820,2024-06-12,Basic,199,19.8,2,4,26,42,Yes,1,Inactive,Low,High,High,0.7007031165220123,1,High Risk
1821,2023-11-07,Standard,399,19.6,4,1,27,59,Yes,1,Inactive,Medium,Medium,High,0.5447105585703632,1,Medium Risk
1822,2024-03-11,Standard,399,8.0,5,5,10,20,Yes,1,At Risk,Medium,High,Medium,0.7196595677746848,1,High Risk
1823,2023-12-29,Premium,699,19.2,0,3,26,3,No,0,Active,Low,High,High,0.27664404646075347,0,Low Risk
1824,2023-08-02,Premium,699,24.4,4,0,9,52,No,0,Inactive,Medium,Low,High,0.4327755475005813,0,Medium Risk
1825,2024-01-27,Premium,699,7.7,5,0,17,20,No,0,At Risk,Medium,Low,Medium,0.3405099400594221,0,Medium Risk
1826,2023-10-08,Standard,399,14.2,3,1,36,39,No,0,Inactive,Medium,Medium,Medium,0.4438699498771888,0,Medium Risk
1827,2024-08-30,Basic,199,6.5,5,5,5,30,No,0,At Risk,Medium,High,Medium,0.7285669414280939,1,High Risk
1828,2023-09-13,Standard,399,19.6,6,5,3,58,Yes,1,Inactive,High,High,High,0.8187025025064023,1,High Risk
1829,2024-01-14,Standard,399,2.0,0,5,25,21,Yes,1,At Risk,Low,High,Low,0.8041373511886237,1,High Risk
1830,2024-02-28,Standard,399,3.2,2,5,19,4,Yes,1,Active,Low,High,Low,0.788969520267912,1,High Risk
1831,2023-12-02,Basic,199,15.0,3,4,10,5,No,0,Active,Medium,High,Medium,0.4218235080680856,0,Medium Risk
1832,2024-12-07,Premium,699,19.2,4,4,35,33,No,0,Inactive,Medium,High,High,0.7055265041498224,1,High Risk
1833,2024-01-05,Basic,199,19.4,1,5,9,45,No,0,Inactive,Low,High,High,0.7060164702875396,1,High Risk
1834,2023-07-23,Standard,399,5.0,7,1,14,29,Yes,1,At Risk,High,Medium,Low,0.8020489321760127,1,High Risk
1835,2024-03-13,Premium,699,6.8,0,1,17,7,No,0,Active,Low,Medium,Medium,0.1761383372883392,0,Low Risk
1836,2024-01-18,Standard,399,20.1,8,0,32,58,No,0,Inactive,High,Low,High,0.623027818022703,1,High Risk
1837,2023-10-17,Basic,199,24.9,8,2,28,50,Yes,1,Inactive,High,Medium,High,0.7519605938898287,1,High Risk
1838,2023-04-26,Premium,699,16.0,1,4,22,5,No,0,Active,Low,High,High,0.3659679165212633,0,Medium Risk
1839,2024-10-27,Premium,699,20.1,1,4,11,59,Yes,1,Inactive,Low,High,High,0.7012087204704917,1,High Risk
1840,2023-06-05,Basic,199,19.3,6,2,5,29,Yes,1,At Risk,High,Medium,High,0.5269386272178538,1,Medium Risk
1841,2024-03-18,Premium,699,2.3,5,3,22,33,Yes,1,Inactive,Medium,High,Low,0.8888480354940176,1,High Risk
1842,2023-01-09,Basic,199,14.6,0,4,26,53,Yes,1,Inactive,Low,High,Medium,0.6081224983875939,1,High Risk
1843,2023-12-01,Basic,199,11.0,4,1,21,37,No,0,Inactive,Medium,Medium,Medium,0.4710839868397033,0,Medium Risk
1844,2024-08-13,Premium,699,16.5,3,4,30,59,Yes,1,Inactive,Medium,High,High,0.70320772175189,1,High Risk
1845,2024-06-30,Basic,199,19.4,3,2,13,11,Yes,1,Active,Medium,Medium,High,0.30072494417902196,0,Medium Risk
1846,2023-11-19,Premium,699,19.6,8,2,3,4,Yes,1,Active,High,Medium,High,0.48469908168275677,0,Medium Risk
1847,2023-08-11,Basic,199,5.4,2,3,14,17,Yes,1,At Risk,Low,High,Medium,0.4726920773719806,0,Medium Risk
1848,2023-01-27,Standard,399,3.9,7,0,2,53,No,0,Inactive,High,Low,Low,0.7881493357032939,1,High Risk
1849,2024-01-25,Standard,399,9.8,7,3,14,25,Yes,1,At Risk,High,High,Medium,0.6923881666755872,1,High Risk
1850,2024-06-12,Premium,699,2.8,2,4,8,58,Yes,1,Inactive,Low,High,Low,0.9058613480381487,1,High Risk
1851,2023-11-21,Basic,199,19.0,1,3,11,47,No,0,Inactive,Low,High,High,0.575510652025238,1,Medium Risk
1852,2024-06-04,Standard,399,5.7,1,4,13,23,Yes,1,At Risk,Low,High,Medium,0.5284832070917963,1,Medium Risk
1853,2023-04-13,Basic,199,0.9,6,3,30,25,Yes,1,At Risk,High,High,Low,0.8347348680369132,1,High Risk
1854,2023-11-04,Standard,399,23.7,1,3,24,60,No,0,Inactive,Low,High,High,0.6430394344688507,1,High Risk
1855,2023-10-09,Basic,199,16.4,6,3,6,1,No,0,Active,High,High,High,0.4321135384308528,0,Medium Risk
1856,2024-06-15,Premium,699,1.6,3,1,21,36,Yes,1,Inactive,Medium,Medium,Low,0.7287790575722222,1,High Risk
1857,2024-11-07,Basic,199,17.5,0,0,9,38,No,0,Inactive,Low,Low,High,0.2532999714906091,0,Low Risk
1858,2024-06-15,Standard,399,15.6,2,3,24,11,Yes,1,Active,Low,High,High,0.4082000798357268,0,Medium Risk
1859,2023-11-10,Basic,199,9.4,1,1,12,1,No,0,Active,Low,Medium,Medium,0.18727058672916222,0,Low Risk
1860,2023-01-27,Standard,399,22.8,4,4,24,20,Yes,1,At Risk,Medium,High,High,0.6276826658022179,1,High Risk
1861,2024-02-22,Standard,399,22.3,0,5,2,55,Yes,1,Inactive,Low,High,High,0.701869444470286,1,High Risk
1862,2023-12-24,Basic,199,9.7,8,1,35,10,Yes,1,Active,High,Medium,Medium,0.41863000639334946,0,Medium Risk
1863,2024-03-01,Basic,199,10.8,1,0,6,30,No,0,At Risk,Low,Low,Medium,0.25315557251588766,0,Low Risk
1864,2023-09-21,Premium,699,3.8,0,2,29,30,Yes,1,At Risk,Low,Medium,Low,0.6385082159203739,1,High Risk
1865,2024-05-04,Basic,199,16.6,5,4,21,42,Yes,1,Inactive,Medium,High,High,0.752945290332926,1,High Risk
1866,2023-08-19,Standard,399,3.6,8,1,13,51,No,0,Inactive,High,Medium,Low,0.8824622821339118,1,High Risk
1867,2023-09-13,Premium,699,18.7,6,2,6,56,Yes,1,Inactive,High,Medium,High,0.6456276094842696,1,High Risk
1868,2024-11-15,Basic,199,5.0,4,2,17,45,No,0,Inactive,Medium,Medium,Low,0.8321752563345262,1,High Risk
1869,2024-11-08,Premium,699,13.2,4,1,34,20,No,0,At Risk,Medium,Medium,Medium,0.4332435305533529,0,Medium Risk
1870,2023-07-06,Basic,199,18.8,6,5,3,3,No,0,Active,High,High,High,0.5668867007724946,1,Medium Risk
1871,2024-08-08,Basic,199,16.0,3,1,10,25,Yes,1,At Risk,Medium,Medium,High,0.35583569297578477,0,Medium Risk
1872,2024-08-14,Standard,399,21.5,3,5,31,55,No,0,Inactive,Medium,High,High,0.7622168868003475,1,High Risk
1873,2023-05-01,Standard,399,24.8,7,4,29,16,No,0,At Risk,High,High,High,0.7294361452214297,1,High Risk
1874,2023-07-10,Premium,699,16.6,8,2,18,21,No,0,At Risk,High,Medium,High,0.6119296469593453,1,High Risk
1875,2024-11-15,Standard,399,20.3,7,4,22,29,Yes,1,At Risk,High,High,High,0.759799877210663,1,High Risk
1876,2024-07-10,Standard,399,6.9,5,3,34,41,Yes,1,Inactive,Medium,High,Medium,0.700574316457829,1,High Risk
1877,2023-10-30,Basic,199,6.1,7,0,7,7,No,0,Active,High,Low,Medium,0.2361723997485904,0,Low Risk
1878,2024-05-31,Basic,199,8.0,6,4,23,60,Yes,1,Inactive,High,High,Medium,0.7836306983585771,1,High Risk
1879,2023-08-16,Basic,199,20.6,8,1,26,9,No,0,Active,High,Medium,High,0.435973800379453,0,Medium Risk
1880,2024-07-30,Basic,199,18.5,5,4,13,38,No,0,Inactive,Medium,High,High,0.7538698547829372,1,High Risk
1881,2024-06-27,Premium,699,1.7,8,2,34,34,Yes,1,Inactive,High,Medium,Low,0.8939239711010021,1,High Risk
1882,2023-08-20,Basic,199,4.4,2,5,24,40,No,0,Inactive,Low,High,Low,0.8974507482882833,1,High Risk
1883,2024-02-15,Premium,699,13.8,6,1,10,17,Yes,1,At Risk,High,Medium,Medium,0.4885479206709349,0,Medium Risk
1884,2023-11-04,Standard,399,22.6,6,3,25,29,Yes,1,At Risk,High,High,High,0.6498019713665429,1,High Risk
1885,2024-09-19,Basic,199,6.7,8,5,5,19,Yes,1,At Risk,High,High,Medium,0.7921176013100061,1,High Risk
1886,2023-06-14,Premium,699,2.0,6,1,5,9,Yes,1,Active,High,Medium,Low,0.6156698064555493,1,High Risk
1887,2023-12-25,Basic,199,19.8,6,3,26,37,Yes,1,Inactive,High,High,High,0.6854181578051426,1,High Risk
1888,2024-08-22,Basic,199,24.1,4,1,15,57,Yes,1,Inactive,Medium,Medium,High,0.589512544570862,1,Medium Risk
1889,2023-01-12,Premium,699,5.5,2,5,10,17,No,0,At Risk,Low,High,Medium,0.5967510806334985,1,Medium Risk
1890,2024-04-27,Premium,699,13.3,8,0,8,49,No,0,Inactive,High,Low,Medium,0.6078147608386326,1,High Risk
1891,2023-06-07,Basic,199,7.8,1,4,29,47,No,0,Inactive,Low,High,Medium,0.608756937392744,1,High Risk
1892,2023-04-26,Basic,199,21.9,0,3,22,53,No,0,Inactive,Low,High,High,0.5502430009728937,1,Medium Risk
1893,2024-05-13,Premium,699,10.9,2,5,30,44,No,0,Inactive,Low,High,Medium,0.7517805683753963,1,High Risk
1894,2024-01-07,Standard,399,13.3,1,5,15,38,No,0,Inactive,Low,High,Medium,0.7038954119621295,1,High Risk
1895,2023-10-14,Basic,199,21.0,6,3,32,3,No,0,Active,High,High,High,0.4626409375574878,0,Medium Risk
1896,2023-09-15,Premium,699,22.7,8,2,18,26,Yes,1,At Risk,High,Medium,High,0.6589588696635105,1,High Risk
1897,2024-08-28,Standard,399,0.8,7,1,6,37,Yes,1,Inactive,High,Medium,Low,0.843349153025183,1,High Risk
1898,2024-01-20,Standard,399,3.0,7,4,18,38,Yes,1,Inactive,High,High,Low,0.9315355511228051,1,High Risk
1899,2024-10-20,Premium,699,21.8,6,0,34,38,Yes,1,Inactive,High,Low,High,0.4641539920636694,0,Medium Risk
1900,2024-09-10,Basic,199,3.4,3,2,7,37,Yes,1,Inactive,Medium,Medium,Low,0.7760285749134214,1,High Risk
1901,2024-04-16,Standard,399,18.1,0,2,26,41,No,0,Inactive,Low,Medium,High,0.4311261129464649,0,Medium Risk
1902,2024-11-16,Premium,699,1.4,6,5,34,47,Yes,1,Inactive,High,High,Low,0.9349400995640109,1,High Risk
1903,2023-10-27,Basic,199,14.4,0,5,14,60,Yes,1,Inactive,Low,High,Medium,0.6785500361303622,1,High Risk
1904,2023-12-27,Standard,399,18.4,4,2,2,52,Yes,1,Inactive,Medium,Medium,High,0.5776259367657633,1,Medium Risk
1905,2024-10-12,Basic,199,11.4,0,2,18,29,No,0,At Risk,Low,Medium,Medium,0.3573347053585641,0,Medium Risk
1906,2023-12-23,Standard,399,5.6,8,5,11,20,No,0,At Risk,High,High,Medium,0.7736179019292712,1,High Risk
1907,2023-08-22,Basic,199,21.5,5,2,32,39,Yes,1,Inactive,Medium,Medium,High,0.6073749628411893,1,High Risk
1908,2024-05-24,Standard,399,3.0,1,5,20,25,Yes,1,At Risk,Low,High,Low,0.8478566578897411,1,High Risk
1909,2023-12-26,Premium,699,19.0,3,2,12,54,No,0,Inactive,Medium,Medium,High,0.5288525077776306,1,Medium Risk
1910,2023-07-14,Standard,399,22.4,2,1,29,20,Yes,1,At Risk,Low,Medium,High,0.38672662587767787,0,Medium Risk
1911,2023-07-02,Premium,699,22.8,8,2,20,48,Yes,1,Inactive,High,Medium,High,0.7456557077001248,1,High Risk
1912,2024-11-10,Standard,399,5.4,1,5,5,38,No,0,Inactive,Low,High,Medium,0.6633432380850375,1,High Risk
1913,2024-01-30,Standard,399,4.1,5,4,17,22,Yes,1,At Risk,Medium,High,Low,0.8866130535367489,1,High Risk
1914,2023-02-11,Basic,199,15.5,1,2,19,14,No,0,Active,Low,Medium,High,0.24335476854428817,0,Low Risk
1915,2024-12-12,Basic,199,4.3,4,0,36,31,Yes,1,Inactive,Medium,Low,Low,0.6661287853145423,1,High Risk
1916,2023-01-13,Basic,199,21.9,7,5,16,51,Yes,1,Inactive,High,High,High,0.8434891201692978,1,High Risk
1917,2024-08-04,Standard,399,24.1,7,3,16,26,Yes,1,At Risk,High,High,High,0.7275970297695826,1,High Risk
1918,2024-02-01,Basic,199,5.1,8,4,27,25,Yes,1,At Risk,High,High,Medium,0.7551426657757757,1,High Risk
1919,2023-08-29,Premium,699,17.8,5,2,17,27,Yes,1,At Risk,Medium,Medium,High,0.5210164123308445,1,Medium Risk
1920,2024-12-20,Standard,399,9.2,2,2,35,55,No,0,Inactive,Low,Medium,Medium,0.5779354339663444,1,Medium Risk
1921,2023-11-18,Basic,199,14.7,1,4,35,45,Yes,1,Inactive,Low,High,Medium,0.64221115149443,1,High Risk
1922,2023-02-24,Basic,199,18.1,8,1,15,29,Yes,1,At Risk,High,Medium,High,0.5780056711392292,1,Medium Risk
1923,2024-04-04,Standard,399,12.7,6,0,29,10,Yes,1,Active,High,Low,Medium,0.2553649777013995,0,Low Risk
1924,2023-12-29,Premium,699,22.4,7,5,4,9,Yes,1,Active,High,High,High,0.6668377871604171,1,High Risk
1925,2024-12-22,Basic,199,14.5,0,5,18,38,Yes,1,Inactive,Low,High,Medium,0.6518529710341116,1,High Risk
1926,2023-11-08,Basic,199,5.8,7,2,26,34,Yes,1,Inactive,High,Medium,Medium,0.6036198520319088,1,High Risk
1927,2024-11-28,Standard,399,14.5,8,3,15,9,No,0,Active,High,High,Medium,0.6400972857883501,1,High Risk
1928,2023-05-03,Premium,699,21.6,0,5,21,48,Yes,1,Inactive,Low,High,High,0.6540250858113922,1,High Risk
1929,2024-09-07,Basic,199,13.5,2,5,5,12,Yes,1,Active,Low,High,Medium,0.5526574195436122,1,Medium Risk
1930,2023-04-07,Basic,199,1.2,7,5,12,7,Yes,1,Active,High,High,Low,0.8485841672537334,1,High Risk
1931,2023-12-18,Standard,399,20.2,6,5,25,30,Yes,1,At Risk,High,High,High,0.7372879863831707,1,High Risk
1932,2024-05-26,Basic,199,8.1,2,5,7,27,No,0,At Risk,Low,High,Medium,0.6576469218286923,1,High Risk
1933,2024-10-10,Basic,199,6.9,3,1,12,22,No,0,At Risk,Medium,Medium,Medium,0.34024434842442186,0,Medium Risk
1934,2024-09-12,Basic,199,11.6,1,4,22,16,Yes,1,At Risk,Low,High,Medium,0.5361050347241053,1,Medium Risk
1935,2024-06-25,Basic,199,1.9,5,0,36,10,Yes,1,Active,Medium,Low,Low,0.5140223124608542,1,Medium Risk
1936,2024-07-30,Basic,199,8.5,4,0,1,51,No,0,Inactive,Medium,Low,Medium,0.4032179194292002,0,Medium Risk
1937,2024-07-02,Standard,399,23.9,3,5,5,39,Yes,1,Inactive,Medium,High,High,0.741986756327138,1,High Risk
1938,2024-03-27,Basic,199,2.9,2,4,23,23,Yes,1,At Risk,Low,High,Low,0.8409436039428293,1,High Risk
1939,2024-07-04,Premium,699,12.9,7,0,12,39,Yes,1,Inactive,High,Low,Medium,0.5202894525079845,1,Medium Risk
1940,2024-06-14,Basic,199,23.4,1,2,20,43,Yes,1,Inactive,Low,Medium,High,0.5198093812297991,1,Medium Risk
1941,2024-04-10,Basic,199,12.7,2,4,7,58,Yes,1,Inactive,Low,High,Medium,0.7405302549120168,1,High Risk
1942,2023-12-13,Premium,699,20.9,7,0,36,42,No,0,Inactive,High,Low,High,0.49765269959964964,0,Medium Risk
1943,2024-01-02,Basic,199,4.0,7,1,24,50,Yes,1,Inactive,High,Medium,Low,0.86600922143428,1,High Risk
1944,2023-11-25,Basic,199,20.4,1,4,31,5,No,0,Active,Low,High,High,0.3816012996965751,0,Medium Risk
1945,2023-05-19,Premium,699,13.3,8,5,35,12,Yes,1,Active,High,High,Medium,0.714084721851549,1,High Risk
1946,2024-05-17,Standard,399,7.7,6,3,13,27,Yes,1,At Risk,High,High,Medium,0.6336218215633348,1,High Risk
1947,2024-05-24,Basic,199,3.1,8,3,32,39,Yes,1,Inactive,High,High,Low,0.930320404175166,1,High Risk
1948,2024-08-24,Standard,399,13.4,0,1,4,60,Yes,1,Inactive,Low,Medium,Medium,0.44594215585827796,0,Medium Risk
1949,2023-02-18,Premium,699,4.7,5,5,35,3,Yes,1,Active,Medium,High,Low,0.8262886999641788,1,High Risk
1950,2024-03-20,Standard,399,5.1,8,0,25,52,No,0,Inactive,High,Low,Medium,0.5648706020769664,1,Medium Risk
1951,2023-02-15,Premium,699,13.3,2,4,33,23,No,0,At Risk,Low,High,Medium,0.6006138428761548,1,High Risk
1952,2023-07-28,Basic,199,11.7,2,1,7,45,Yes,1,Inactive,Low,Medium,Medium,0.4727319329337226,0,Medium Risk
1953,2024-12-06,Standard,399,14.5,0,0,14,59,No,0,Inactive,Low,Low,Medium,0.3304592018851287,0,Medium Risk
1954,2023-12-05,Basic,199,0.6,3,5,19,52,No,0,Inactive,Medium,High,Low,0.8890320801878,1,High Risk
1955,2024-09-05,Basic,199,20.8,5,3,25,2,Yes,1,Active,Medium,High,High,0.49065809820964584,0,Medium Risk
1956,2024-10-03,Basic,199,22.1,6,5,17,36,Yes,1,Inactive,High,High,High,0.8038292014181834,1,High Risk
1957,2024-02-28,Standard,399,23.5,4,3,14,44,Yes,1,Inactive,Medium,High,High,0.7052834692661833,1,High Risk
1958,2024-10-03,Standard,399,21.1,3,3,18,16,No,0,At Risk,Medium,High,High,0.5240072751633701,1,Medium Risk
1959,2023-03-14,Premium,699,1.5,7,1,26,42,Yes,1,Inactive,High,Medium,Low,0.8361936902173562,1,High Risk
1960,2023-06-21,Premium,699,3.3,7,0,8,11,No,0,Active,High,Low,Low,0.5641528865666946,1,Medium Risk
1961,2024-08-06,Premium,699,23.9,6,2,17,34,Yes,1,Inactive,High,Medium,High,0.6458634763434442,1,High Risk
1962,2024-05-24,Standard,399,19.1,6,1,7,60,Yes,1,Inactive,High,Medium,High,0.6319517196118916,1,High Risk
1963,2023-08-23,Basic,199,13.2,0,3,9,30,Yes,1,At Risk,Low,High,Medium,0.43913703944244736,0,Medium Risk
1964,2024-03-24,Basic,199,5.0,1,1,25,27,No,0,At Risk,Low,Medium,Low,0.6586116999112458,1,High Risk
1965,2023-07-13,Premium,699,11.3,0,5,10,59,Yes,1,Inactive,Low,High,Medium,0.6679298658887627,1,High Risk
1966,2023-09-14,Basic,199,1.6,0,1,21,21,No,0,At Risk,Low,Medium,Low,0.5380019105847745,1,Medium Risk
1967,2023-10-26,Basic,199,11.8,0,3,23,24,Yes,1,At Risk,Low,High,Medium,0.4132775331029913,0,Medium Risk
1968,2023-01-26,Premium,699,6.0,3,2,5,42,No,0,Inactive,Medium,Medium,Medium,0.46412010507038876,0,Medium Risk
1969,2024-07-14,Standard,399,21.2,8,2,5,35,Yes,1,Inactive,High,Medium,High,0.7342945567445417,1,High Risk
1970,2024-09-25,Standard,399,3.2,1,3,4,33,Yes,1,Inactive,Low,High,Low,0.8217957433214458,1,High Risk
1971,2023-04-17,Premium,699,18.2,5,2,11,2,Yes,1,Active,Medium,Medium,High,0.3571926392298895,0,Medium Risk
1972,2024-08-03,Premium,699,0.6,0,4,15,3,No,0,Active,Low,High,Low,0.6342217609208175,1,High Risk
1973,2024-10-26,Basic,199,19.2,0,4,15,34,Yes,1,Inactive,Low,High,High,0.5699734923321178,1,Medium Risk
1974,2024-11-30,Standard,399,7.4,6,3,25,58,Yes,1,Inactive,High,High,Medium,0.740892153696725,1,High Risk
1975,2024-04-10,Standard,399,9.0,7,3,17,58,No,0,Inactive,High,High,Medium,0.7904495449388906,1,High Risk
1976,2024-02-02,Premium,699,6.0,4,5,24,46,Yes,1,Inactive,Medium,High,Medium,0.7536259089160005,1,High Risk
1977,2023-02-13,Standard,399,9.5,0,3,11,51,Yes,1,Inactive,Low,High,Medium,0.5251268338176827,1,Medium Risk
1978,2024-10-03,Standard,399,17.9,8,1,27,25,Yes,1,At Risk,High,Medium,High,0.6022518177575107,1,High Risk
1979,2024-03-30,Standard,399,23.6,6,3,14,29,Yes,1,At Risk,High,High,High,0.6833467840539534,1,High Risk
1980,2024-06-26,Standard,399,9.4,5,5,30,25,Yes,1,At Risk,Medium,High,Medium,0.7357897635729849,1,High Risk
1981,2024-11-06,Basic,199,5.8,3,4,16,12,No,0,Active,Medium,High,Medium,0.4155948628583477,0,Medium Risk
1982,2023-08-07,Premium,699,22.6,8,3,24,23,Yes,1,At Risk,High,High,High,0.7363824154071368,1,High Risk
1983,2024-09-30,Standard,399,12.0,8,5,10,28,Yes,1,At Risk,High,High,Medium,0.8313738453298846,1,High Risk
1984,2024-01-29,Standard,399,5.4,5,4,4,56,Yes,1,Inactive,Medium,High,Medium,0.7723601849658759,1,High Risk
1985,2024-08-04,Premium,699,4.9,7,0,28,44,Yes,1,Inactive,High,Low,Low,0.7950601121386044,1,High Risk
1986,2023-07-22,Premium,699,7.2,2,5,12,25,Yes,1,At Risk,Low,High,Medium,0.6273470558682143,1,High Risk
1987,2024-05-13,Basic,199,8.3,3,5,27,8,No,0,Active,Medium,High,Medium,0.4754375321262148,0,Medium Risk
1988,2023-03-29,Standard,399,18.5,0,5,34,6,No,0,Active,Low,High,High,0.3794128376377307,0,Medium Risk
1989,2024-01-01,Basic,199,23.0,0,2,1,54,Yes,1,Inactive,Low,Medium,High,0.490884813969815,0,Medium Risk
1990,2023-11-20,Basic,199,24.0,4,0,10,23,No,0,At Risk,Medium,Low,High,0.307954405098621,0,Medium Risk
1991,2024-07-29,Premium,699,12.1,2,2,29,19,Yes,1,At Risk,Low,Medium,Medium,0.45555419453303525,0,Medium Risk
1992,2023-06-12,Basic,199,4.5,1,4,10,58,Yes,1,Inactive,Low,High,Low,0.8710859640446696,1,High Risk
1993,2023-04-27,Premium,699,15.9,4,5,36,54,No,0,Inactive,Medium,High,High,0.7564857814640313,1,High Risk
1994,2024-04-29,Premium,699,22.8,1,0,10,8,No,0,Active,Low,Low,High,0.1690358341699643,0,Low Risk
1995,2024-01-07,Standard,399,4.7,0,4,31,44,No,0,Inactive,Low,High,Low,0.8417590087654364,1,High Risk
1996,2023-12-19,Standard,399,11.5,0,3,12,60,No,0,Inactive,Low,High,Medium,0.5617388730483245,1,Medium Risk
1997,2024-11-24,Standard,399,22.2,1,1,6,8,No,0,Active,Low,Medium,High,0.2479523441556248,0,Low Risk
1998,2023-03-27,Standard,399,3.2,3,5,10,20,Yes,1,At Risk,Medium,High,Low,0.8393198940807599,1,High Risk
1999,2023-07-16,Standard,399,0.9,6,1,32,23,No,0,At Risk,High,Medium,Low,0.7293329155758022,1,High Risk
2000,2023-02-23,Premium,699,24.6,0,3,18,20,No,0,At Risk,Low,High,High,0.44230615011730795,0,Medium Risk
2001,2023-10-07,Premium,699,17.7,4,3,16,27,Yes,1,At Risk,Medium,High,High,0.5630420877760233,1,Medium Risk
2002,2024-10-01,Premium,699,16.7,5,4,30,2,Yes,1,Active,Medium,High,High,0.5319780494406138,1,Medium Risk
2003,2024-12-12,Basic,199,7.9,3,3,2,24,Yes,1,At Risk,Medium,High,Medium,0.5062627927434423,1,Medium Risk
2004,2024-03-10,Premium,699,17.6,5,2,18,51,Yes,1,Inactive,Medium,Medium,High,0.6544680604170863,1,High Risk
2005,2024-05-15,Standard,399,3.7,5,5,22,16,Yes,1,At Risk,Medium,High,Low,0.9010596306950304,1,High Risk
2006,2023-11-23,Standard,399,2.5,7,5,18,5,No,0,Active,High,High,Low,0.8534807385141691,1,High Risk
2007,2024-01-18,Premium,699,1.1,2,0,8,15,Yes,1,At Risk,Low,Low,Low,0.5516242607366557,1,Medium Risk
2008,2023-01-14,Basic,199,14.5,3,0,10,55,Yes,1,Inactive,Medium,Low,Medium,0.3627567287308772,0,Medium Risk
2009,2024-04-16,Premium,699,21.8,1,1,22,37,No,0,Inactive,Low,Medium,High,0.44504730231897727,0,Medium Risk
2010,2023-05-23,Premium,699,19.8,1,4,22,7,Yes,1,Active,Low,High,High,0.3928663667203932,0,Medium Risk
2011,2023-08-27,Basic,199,5.0,1,0,6,27,No,0,At Risk,Low,Low,Low,0.5103282780898311,1,Medium Risk
2012,2024-05-02,Basic,199,18.1,6,2,4,40,Yes,1,Inactive,High,Medium,High,0.6213460591462682,1,High Risk
2013,2024-08-29,Basic,199,15.3,2,3,32,18,No,0,At Risk,Low,High,High,0.5178247524183293,1,Medium Risk
2014,2023-09-27,Basic,199,5.0,0,0,29,11,No,0,Active,Low,Low,Low,0.31281770334945114,0,Medium Risk
2015,2023-03-19,Basic,199,14.6,3,5,35,7,No,0,Active,Medium,High,Medium,0.479462435067219,0,Medium Risk
2016,2024-08-29,Basic,199,21.3,3,1,12,25,No,0,At Risk,Medium,Medium,High,0.38562801594349494,0,Medium Risk
2017,2023-12-20,Standard,399,12.9,4,1,27,27,Yes,1,At Risk,Medium,Medium,Medium,0.41992380412388963,0,Medium Risk
2018,2023-03-05,Premium,699,13.5,4,2,16,48,Yes,1,Inactive,Medium,Medium,Medium,0.5830411756235213,1,Medium Risk
2019,2023-03-23,Basic,199,8.9,0,4,32,48,No,0,Inactive,Low,High,Medium,0.5605898835403883,1,Medium Risk
2020,2024-01-06,Premium,699,0.8,1,2,29,37,Yes,1,Inactive,Low,Medium,Low,0.7508449599782817,1,High Risk
2021,2024-05-06,Premium,699,14.4,5,3,5,22,Yes,1,At Risk,Medium,High,Medium,0.6606067197186872,1,High Risk
2022,2023-07-14,Standard,399,7.9,7,2,32,34,No,0,Inactive,High,Medium,Medium,0.6226271742022432,1,High Risk
2023,2023-11-29,Basic,199,1.5,5,3,11,29,Yes,1,At Risk,Medium,High,Low,0.8440673031714182,1,High Risk
2024,2024-01-30,Standard,399,21.8,7,3,30,9,Yes,1,Active,High,High,High,0.5807716115170296,1,Medium Risk
2025,2024-02-14,Standard,399,21.9,5,3,2,55,Yes,1,Inactive,Medium,High,High,0.7676692816115304,1,High Risk
2026,2023-08-11,Standard,399,11.1,2,1,1,37,No,0,Inactive,Low,Medium,Medium,0.4555454570933764,0,Medium Risk
2027,2024-05-24,Basic,199,10.1,2,2,2,21,Yes,1,At Risk,Low,Medium,Medium,0.44263049870553023,0,Medium Risk
2028,2024-09-13,Standard,399,7.9,8,2,11,14,Yes,1,Active,High,Medium,Medium,0.5165027710356418,1,Medium Risk
2029,2023-04-19,Premium,699,11.1,2,3,32,42,Yes,1,Inactive,Low,High,Medium,0.6240348408281435,1,High Risk
2030,2024-05-21,Basic,199,17.8,4,1,21,15,No,0,At Risk,Medium,Medium,High,0.39422084055245865,0,Medium Risk
2031,2023-11-15,Basic,199,12.5,4,5,27,10,Yes,1,Active,Medium,High,Medium,0.5345118605511536,1,Medium Risk
2032,2024-01-18,Premium,699,15.5,2,4,28,18,Yes,1,At Risk,Low,High,High,0.5853052770475268,1,Medium Risk
2033,2024-03-03,Premium,699,9.6,7,0,9,1,No,0,Active,High,Low,Medium,0.26950270074517396,0,Low Risk
2034,2024-05-02,Basic,199,23.6,3,2,14,40,No,0,Inactive,Medium,Medium,High,0.5393172996227739,1,Medium Risk
2035,2023-11-26,Standard,399,8.8,5,5,36,12,No,0,Active,Medium,High,Medium,0.5826799521926498,1,Medium Risk
2036,2023-01-20,Premium,699,17.8,3,1,15,31,No,0,Inactive,Medium,Medium,High,0.401431339812864,0,Medium Risk
2037,2024-06-25,Standard,399,22.1,6,1,33,39,Yes,1,Inactive,High,Medium,High,0.5916993472840268,1,Medium Risk
2038,2023-07-17,Standard,399,15.3,4,0,30,28,Yes,1,At Risk,Medium,Low,High,0.2805634379707888,0,Low Risk
2039,2023-01-04,Standard,399,9.4,0,3,10,15,Yes,1,At Risk,Low,High,Medium,0.3842570531379257,0,Medium Risk
2040,2023-11-24,Standard,399,20.7,7,4,23,9,No,0,Active,High,High,High,0.6010814450677611,1,High Risk
2041,2023-07-12,Standard,399,15.3,8,1,21,52,No,0,Inactive,High,Medium,High,0.6686815628163927,1,High Risk
2042,2024-05-31,Premium,699,7.7,0,5,8,56,Yes,1,Inactive,Low,High,Medium,0.6685453026528808,1,High Risk
2043,2023-11-02,Standard,399,19.9,6,5,16,52,No,0,Inactive,High,High,High,0.8089858832463747,1,High Risk
2044,2024-03-07,Standard,399,4.0,0,0,14,41,No,0,Inactive,Low,Low,Low,0.564560581251778,1,Medium Risk
2045,2023-06-10,Basic,199,11.9,2,3,24,40,Yes,1,Inactive,Low,High,Medium,0.6155553002864818,1,High Risk
2046,2024-12-24,Premium,699,19.1,1,2,29,29,Yes,1,At Risk,Low,Medium,High,0.42093398497316525,0,Medium Risk
2047,2023-12-01,Premium,699,7.5,2,2,30,1,Yes,1,Active,Low,Medium,Medium,0.26521996229609973,0,Low Risk
2048,2024-10-05,Premium,699,9.5,5,5,31,24,Yes,1,At Risk,Medium,High,Medium,0.7349760020392814,1,High Risk
2049,2024-10-21,Standard,399,10.2,5,4,21,53,No,0,Inactive,Medium,High,Medium,0.7855461727033004,1,High Risk
2050,2024-12-31,Standard,399,14.4,0,4,21,3,No,0,Active,Low,High,Medium,0.36781258246930437,0,Medium Risk
2051,2023-06-17,Basic,199,2.1,1,1,32,9,Yes,1,Active,Low,Medium,Low,0.46387325703404836,0,Medium Risk
2052,2023-12-18,Premium,699,2.8,5,2,16,21,Yes,1,At Risk,Medium,Medium,Low,0.778989761763706,1,High Risk
2053,2024-02-10,Basic,199,10.3,0,4,32,26,No,0,At Risk,Low,High,Medium,0.4961782304360234,0,Medium Risk
2054,2023-09-25,Premium,699,13.9,1,1,10,28,Yes,1,At Risk,Low,Medium,Medium,0.3507640688434762,0,Medium Risk
2055,2024-12-15,Basic,199,1.9,8,0,16,3,No,0,Active,High,Low,Low,0.6115115442526631,1,High Risk
2056,2023-05-21,Basic,199,1.5,3,1,31,60,Yes,1,Inactive,Medium,Medium,Low,0.7481190124769658,1,High Risk
2057,2024-05-19,Premium,699,8.4,6,0,21,32,No,0,Inactive,High,Low,Medium,0.4148506594144853,0,Medium Risk
2058,2023-08-24,Basic,199,14.0,0,1,27,37,Yes,1,Inactive,Low,Medium,Medium,0.34981201229999936,0,Medium Risk
2059,2023-06-18,Premium,699,0.7,1,4,32,56,Yes,1,Inactive,Low,High,Low,0.8610600834401402,1,High Risk
2060,2023-09-30,Standard,399,4.2,0,5,14,47,Yes,1,Inactive,Low,High,Low,0.8590033512963203,1,High Risk
2061,2023-12-09,Premium,699,13.0,2,1,24,48,No,0,Inactive,Low,Medium,Medium,0.496318962081646,0,Medium Risk
2062,2023-01-30,Basic,199,22.5,6,0,21,41,Yes,1,Inactive,High,Low,High,0.4384939841210725,0,Medium Risk
2063,2023-04-20,Standard,399,19.4,3,1,33,7,Yes,1,Active,Medium,Medium,High,0.22841892190305133,0,Low Risk
2064,2024-08-30,Premium,699,5.4,4,5,14,43,Yes,1,Inactive,Medium,High,Medium,0.7454002818429786,1,High Risk
2065,2023-09-16,Standard,399,11.9,3,4,24,56,No,0,Inactive,Medium,High,Medium,0.6854310819818101,1,High Risk
2066,2023-12-08,Basic,199,1.1,0,1,33,53,Yes,1,Inactive,Low,Medium,Low,0.6595596802013324,1,High Risk
2067,2024-02-05,Basic,199,23.7,6,5,32,20,Yes,1,At Risk,High,High,High,0.7492121716935081,1,High Risk
2068,2024-11-14,Premium,699,23.1,7,4,11,38,Yes,1,Inactive,High,High,High,0.8175979356310886,1,High Risk
2069,2023-01-12,Basic,199,15.6,0,0,5,39,Yes,1,Inactive,Low,Low,High,0.22495429912303783,0,Low Risk
2070,2023-04-10,Standard,399,7.9,6,5,1,36,No,0,Inactive,High,High,Medium,0.762652694220343,1,High Risk
2071,2023-03-19,Basic,199,5.8,3,3,24,47,No,0,Inactive,Medium,High,Medium,0.5669409098923357,1,Medium Risk
2072,2023-05-26,Standard,399,16.5,4,0,27,57,Yes,1,Inactive,Medium,Low,High,0.39682335336033203,0,Medium Risk
2073,2024-11-29,Standard,399,23.3,3,0,30,58,No,0,Inactive,Medium,Low,High,0.4117981646331225,0,Medium Risk
2074,2024-08-16,Basic,199,4.8,1,0,31,46,Yes,1,Inactive,Low,Low,Low,0.6297810766027665,1,High Risk
2075,2024-12-09,Premium,699,7.2,0,5,36,36,Yes,1,Inactive,Low,High,Medium,0.6123973757811529,1,High Risk
2076,2024-04-21,Basic,199,2.1,6,0,14,2,Yes,1,Active,High,Low,Low,0.49451315754012715,0,Medium Risk
2077,2023-10-15,Standard,399,24.3,0,5,12,4,No,0,Active,Low,High,High,0.40977519105729937,0,Medium Risk
2078,2023-07-12,Premium,699,18.1,3,2,19,1,No,0,Active,Medium,Medium,High,0.25457264388563056,0,Low Risk
2079,2024-07-26,Basic,199,20.4,0,4,29,53,No,0,Inactive,Low,High,High,0.6260866267787142,1,High Risk
2080,2024-01-12,Premium,699,19.9,0,2,32,23,Yes,1,At Risk,Low,Medium,High,0.3538517458246735,0,Medium Risk
2081,2024-07-18,Standard,399,13.8,5,5,31,57,Yes,1,Inactive,Medium,High,Medium,0.8397496122978186,1,High Risk
2082,2024-01-17,Premium,699,8.4,5,3,10,11,No,0,Active,Medium,High,Medium,0.49740041408220825,0,Medium Risk
2083,2024-11-22,Standard,399,19.3,2,5,23,48,No,0,Inactive,Low,High,High,0.7627915010348829,1,High Risk
2084,2023-05-21,Premium,699,9.3,6,0,27,38,Yes,1,Inactive,High,Low,Medium,0.4059827763492188,0,Medium Risk
2085,2023-02-13,Standard,399,16.3,7,4,23,55,Yes,1,Inactive,High,High,High,0.8007850416599571,1,High Risk
2086,2023-06-13,Standard,399,23.0,2,4,33,21,Yes,1,At Risk,Low,High,High,0.6059660653716236,1,High Risk
2087,2024-03-05,Premium,699,24.4,3,5,9,25,Yes,1,At Risk,Medium,High,High,0.678068575078465,1,High Risk
2088,2024-07-17,Basic,199,13.8,8,0,33,36,Yes,1,Inactive,High,Low,Medium,0.5647226353843402,1,Medium Risk
2089,2024-01-18,Premium,699,18.6,5,3,11,7,Yes,1,Active,Medium,High,High,0.5016067438677122,1,Medium Risk
2090,2024-02-22,Premium,699,13.3,6,1,26,36,Yes,1,Inactive,High,Medium,Medium,0.5788141522642688,1,Medium Risk
2091,2023-07-12,Premium,699,6.0,7,1,7,53,No,0,Inactive,High,Medium,Medium,0.6103733074142222,1,High Risk
2092,2023-03-15,Premium,699,22.4,8,0,1,31,Yes,1,Inactive,High,Low,High,0.5384567158722905,1,Medium Risk
2093,2024-10-15,Premium,699,6.4,6,2,20,52,Yes,1,Inactive,High,Medium,Medium,0.6365162573412613,1,High Risk
2094,2024-11-27,Basic,199,1.1,0,2,13,7,Yes,1,Active,Low,Medium,Low,0.48353759832480164,0,Medium Risk
2095,2024-02-17,Basic,199,6.7,1,3,5,60,Yes,1,Inactive,Low,High,Medium,0.6131470147678642,1,High Risk
2096,2024-08-26,Basic,199,8.9,5,1,20,19,No,0,At Risk,Medium,Medium,Medium,0.4551695565758661,0,Medium Risk
2097,2023-09-19,Standard,399,17.1,0,3,3,20,No,0,At Risk,Low,High,High,0.39826907274387374,0,Medium Risk
2098,2024-12-06,Premium,699,21.6,6,4,31,49,Yes,1,Inactive,High,High,High,0.7929003628570358,1,High Risk
2099,2024-05-14,Premium,699,23.8,7,0,23,24,Yes,1,At Risk,High,Low,High,0.4544899018021961,0,Medium Risk
2100,2024-10-08,Basic,199,6.7,1,0,31,15,No,0,At Risk,Low,Low,Medium,0.2047420313743611,0,Low Risk
2101,2023-02-05,Basic,199,9.8,5,1,30,38,No,0,Inactive,Medium,Medium,Medium,0.5244158341900027,1,Medium Risk
2102,2023-01-11,Standard,399,14.0,7,1,20,39,Yes,1,Inactive,High,Medium,Medium,0.6173180522445724,1,High Risk
2103,2023-07-05,Premium,699,15.0,0,4,9,28,Yes,1,At Risk,Low,High,Medium,0.5109290861947003,1,Medium Risk
2104,2023-09-17,Standard,399,17.6,6,4,18,41,Yes,1,Inactive,High,High,High,0.7378437475045923,1,High Risk
2105,2023-06-16,Premium,699,17.6,7,1,8,57,Yes,1,Inactive,High,Medium,High,0.6429334601178837,1,High Risk
2106,2023-03-20,Basic,199,15.2,6,0,19,43,Yes,1,Inactive,High,Low,High,0.4009701607127397,0,Medium Risk
2107,2024-10-31,Basic,199,12.4,0,3,31,49,No,0,Inactive,Low,High,Medium,0.5577200990745003,1,Medium Risk
2108,2024-08-20,Basic,199,1.6,2,1,25,21,No,0,At Risk,Low,Medium,Low,0.6777405617976564,1,High Risk
2109,2024-09-11,Standard,399,18.0,1,0,15,10,No,0,Active,Low,Low,High,0.1553071377001074,0,Low Risk
2110,2024-06-21,Premium,699,11.2,5,5,2,27,Yes,1,At Risk,Medium,High,Medium,0.7513358659027792,1,High Risk
2111,2024-03-22,Premium,699,16.1,1,3,24,30,Yes,1,At Risk,Low,High,High,0.5069610710718807,1,Medium Risk
2112,2024-01-02,Premium,699,2.1,1,2,28,56,No,0,Inactive,Low,Medium,Low,0.7933325454022725,1,High Risk
2113,2023-03-30,Standard,399,12.9,3,1,26,7,Yes,1,Active,Medium,Medium,Medium,0.23393278620001945,0,Low Risk
2114,2023-09-27,Premium,699,16.8,7,5,12,34,Yes,1,Inactive,High,High,High,0.8038795219619465,1,High Risk
2115,2023-02-10,Standard,399,24.3,2,4,5,26,Yes,1,At Risk,Low,High,High,0.6290496483763591,1,High Risk
2116,2024-01-16,Basic,199,4.1,2,5,13,44,Yes,1,Inactive,Low,High,Low,0.9115687993588931,1,High Risk
2117,2024-06-27,Basic,199,19.8,1,4,33,42,Yes,1,Inactive,Low,High,High,0.6485830368558803,1,High Risk
2118,2024-05-06,Basic,199,22.1,2,2,20,58,Yes,1,Inactive,Low,Medium,High,0.6103316865843215,1,High Risk
2119,2024-02-02,Basic,199,16.8,7,3,13,13,Yes,1,Active,High,High,High,0.5557652558629074,1,Medium Risk
2120,2024-06-06,Premium,699,21.5,1,1,35,42,Yes,1,Inactive,Low,Medium,High,0.4556739261425424,0,Medium Risk
2121,2024-02-28,Basic,199,12.2,1,4,5,10,Yes,1,Active,Low,High,Medium,0.4236576535743216,0,Medium Risk
2122,2023-02-13,Premium,699,23.5,4,3,24,3,No,0,Active,Medium,High,High,0.4300575724951523,0,Medium Risk
2123,2023-08-19,Standard,399,1.2,5,3,26,28,Yes,1,At Risk,Medium,High,Low,0.8450339975505812,1,High Risk
2124,2024-10-12,Premium,699,12.2,8,3,9,41,No,0,Inactive,High,High,Medium,0.8115839063318498,1,High Risk
2125,2024-09-06,Basic,199,15.2,4,3,16,49,Yes,1,Inactive,Medium,High,High,0.6669088009121177,1,High Risk
2126,2024-10-18,Basic,199,2.1,1,5,27,57,Yes,1,Inactive,Low,High,Low,0.8991318135615426,1,High Risk
2127,2023-12-16,Basic,199,7.3,4,3,24,41,No,0,Inactive,Medium,High,Medium,0.6164512958543424,1,High Risk
2128,2024-12-05,Standard,399,15.3,4,3,35,32,Yes,1,Inactive,Medium,High,High,0.6301410191798067,1,High Risk
2129,2024-05-16,Premium,699,23.1,2,3,36,21,Yes,1,At Risk,Low,High,High,0.5813959932832864,1,Medium Risk
2130,2023-10-05,Standard,399,13.2,1,2,35,40,Yes,1,Inactive,Low,Medium,Medium,0.4719999242310648,0,Medium Risk
2131,2023-11-10,Standard,399,6.1,5,1,33,36,Yes,1,Inactive,Medium,Medium,Medium,0.5040691389496794,1,Medium Risk
2132,2024-11-16,Basic,199,13.2,6,2,22,16,No,0,At Risk,High,Medium,Medium,0.529450407680909,1,Medium Risk
2133,2024-12-03,Premium,699,19.3,2,5,13,18,Yes,1,At Risk,Low,High,High,0.6621883930522551,1,High Risk
2134,2023-05-01,Standard,399,14.0,3,3,35,37,Yes,1,Inactive,Medium,High,Medium,0.5950636937980691,1,Medium Risk
2135,2023-12-12,Premium,699,16.1,3,4,19,50,No,0,Inactive,Medium,High,High,0.6536733204264346,1,High Risk
2136,2024-08-04,Basic,199,9.7,6,3,32,45,Yes,1,Inactive,High,High,Medium,0.7167413584361272,1,High Risk
2137,2024-01-21,Standard,399,8.9,4,4,35,4,Yes,1,Active,Medium,High,Medium,0.4762856491991917,0,Medium Risk
2138,2024-07-17,Premium,699,0.6,3,2,26,59,Yes,1,Inactive,Medium,Medium,Low,0.8095360641335428,1,High Risk
2139,2024-03-13,Premium,699,13.0,6,1,18,17,Yes,1,At Risk,High,Medium,Medium,0.48292060399774245,0,Medium Risk
2140,2023-05-24,Premium,699,15.1,7,3,32,24,Yes,1,At Risk,High,High,High,0.6498068703580943,1,High Risk
2141,2023-04-21,Basic,199,9.4,0,0,8,54,Yes,1,Inactive,Low,Low,Medium,0.2617732395705971,0,Low Risk
2142,2023-02-10,Premium,699,7.1,1,5,35,43,Yes,1,Inactive,Low,High,Medium,0.6559704126851486,1,High Risk
2143,2024-03-16,Premium,699,0.7,5,4,4,46,Yes,1,Inactive,Medium,High,Low,0.9184485416666679,1,High Risk
2144,2023-06-05,Basic,199,5.9,4,4,15,22,No,0,At Risk,Medium,High,Medium,0.5725895231952793,1,Medium Risk
2145,2024-01-28,Basic,199,14.8,3,1,36,51,No,0,Inactive,Medium,Medium,Medium,0.5031717420030155,1,Medium Risk
2146,2023-10-04,Basic,199,15.6,2,0,35,36,No,0,Inactive,Low,Low,High,0.3075230515713097,0,Medium Risk
2147,2023-06-19,Standard,399,2.8,6,1,8,15,Yes,1,At Risk,High,Medium,Low,0.7227692057399489,1,High Risk
2148,2024-08-16,Basic,199,7.3,0,1,15,42,Yes,1,Inactive,Low,Medium,Medium,0.3543649389259735,0,Medium Risk
2149,2024-12-30,Premium,699,11.4,3,0,25,54,Yes,1,Inactive,Medium,Low,Medium,0.3783291463594001,0,Medium Risk
2150,2024-07-08,Standard,399,4.2,6,4,29,48,Yes,1,Inactive,High,High,Low,0.9248955649122226,1,High Risk
2151,2023-12-17,Standard,399,22.1,7,3,14,50,No,0,Inactive,High,High,High,0.7772398107513971,1,High Risk
2152,2023-05-28,Standard,399,12.7,6,3,2,38,Yes,1,Inactive,High,High,Medium,0.699415144514627,1,High Risk
2153,2023-08-12,Premium,699,15.2,6,1,5,50,Yes,1,Inactive,High,Medium,High,0.5544302716560826,1,Medium Risk
2154,2024-01-24,Standard,399,10.4,3,5,23,18,No,0,At Risk,Medium,High,Medium,0.6233032330033317,1,High Risk
2155,2024-12-31,Premium,699,24.0,3,5,31,44,Yes,1,Inactive,Medium,High,High,0.7518893594237792,1,High Risk
2156,2024-04-01,Basic,199,14.5,5,3,25,1,Yes,1,Active,Medium,High,Medium,0.49617772338259813,0,Medium Risk
2157,2023-09-24,Standard,399,11.2,5,1,6,17,No,0,At Risk,Medium,Medium,Medium,0.4423606882374148,0,Medium Risk
2158,2023-02-07,Standard,399,4.6,8,4,11,33,Yes,1,Inactive,High,High,Low,0.9375786499299034,1,High Risk
2159,2023-04-05,Standard,399,1.7,3,0,24,45,No,0,Inactive,Medium,Low,Low,0.6132860881083511,1,High Risk
2160,2023-06-02,Premium,699,1.7,1,4,36,59,Yes,1,Inactive,Low,High,Low,0.8676093234332007,1,High Risk
2161,2023-06-20,Standard,399,21.5,4,1,10,14,No,0,Active,Medium,Medium,High,0.30051520265195164,0,Medium Risk
2162,2023-06-30,Premium,699,6.2,1,4,5,3,No,0,Active,Low,High,Medium,0.3505163036216832,0,Medium Risk
2163,2023-07-20,Standard,399,12.0,6,1,36,15,Yes,1,At Risk,High,Medium,Medium,0.43805460714463984,0,Medium Risk
2164,2024-06-30,Premium,699,2.2,1,2,5,52,Yes,1,Inactive,Low,Medium,Low,0.7879001364475937,1,High Risk
2165,2023-07-11,Basic,199,14.1,5,5,30,11,Yes,1,Active,Medium,High,Medium,0.6039744712377566,1,High Risk
2166,2024-05-27,Basic,199,8.5,2,2,1,32,No,0,Inactive,Low,Medium,Medium,0.5061838267529255,1,Medium Risk
2167,2023-05-16,Premium,699,10.1,2,0,4,30,Yes,1,At Risk,Low,Low,Medium,0.27908011369564734,0,Low Risk
2168,2024-12-28,Basic,199,14.6,4,3,24,15,Yes,1,At Risk,Medium,High,Medium,0.5779906281348106,1,Medium Risk
2169,2023-10-22,Basic,199,4.5,0,0,16,24,Yes,1,At Risk,Low,Low,Low,0.4395513597330219,0,Medium Risk
2170,2024-06-21,Standard,399,20.1,6,4,34,34,Yes,1,Inactive,High,High,High,0.756621665424911,1,High Risk
2171,2023-06-20,Standard,399,9.2,6,2,34,33,No,0,Inactive,High,Medium,Medium,0.5708468922208334,1,Medium Risk
2172,2024-01-12,Premium,699,3.6,0,1,32,4,No,0,Active,Low,Medium,Low,0.4403136011974671,0,Medium Risk
2173,2023-01-25,Standard,399,15.3,6,3,8,24,Yes,1,At Risk,High,High,High,0.5968797147095894,1,Medium Risk
2174,2023-05-31,Standard,399,5.4,0,1,32,27,No,0,At Risk,Low,Medium,Medium,0.253237349253339,0,Low Risk
2175,2023-08-21,Standard,399,16.4,4,3,9,15,Yes,1,At Risk,Medium,High,High,0.5217851306708469,1,Medium Risk
2176,2023-07-29,Standard,399,12.4,7,5,17,29,Yes,1,At Risk,High,High,Medium,0.7783102245921457,1,High Risk
2177,2024-10-17,Standard,399,10.7,0,1,9,60,Yes,1,Inactive,Low,Medium,Medium,0.4293470950100837,0,Medium Risk
2178,2024-10-31,Basic,199,9.7,5,3,19,58,Yes,1,Inactive,Medium,High,Medium,0.7465354299034523,1,High Risk
2179,2024-05-05,Standard,399,15.2,5,4,5,35,Yes,1,Inactive,Medium,High,High,0.7390114376946212,1,High Risk
2180,2023-04-14,Basic,199,8.6,4,4,23,10,Yes,1,Active,Medium,High,Medium,0.4538306198093665,0,Medium Risk
2181,2024-01-16,Basic,199,7.1,0,4,36,13,No,0,Active,Low,High,Medium,0.34400397655406073,0,Medium Risk
2182,2024-01-12,Basic,199,10.4,7,2,29,39,Yes,1,Inactive,High,Medium,Medium,0.6701189371813712,1,High Risk
2183,2023-02-07,Basic,199,14.8,7,3,34,27,No,0,At Risk,High,High,Medium,0.6884404136946597,1,High Risk
2184,2024-01-22,Premium,699,18.4,8,0,36,9,No,0,Active,High,Low,High,0.34149256550774454,0,Medium Risk
2185,2023-07-21,Standard,399,18.4,4,1,29,9,No,0,Active,Medium,Medium,High,0.2723486578596793,0,Low Risk
2186,2023-05-17,Basic,199,7.3,3,0,25,2,No,0,Active,Medium,Low,Medium,0.12906557662530982,0,Low Risk
2187,2023-09-19,Basic,199,14.4,6,1,27,27,No,0,At Risk,High,Medium,Medium,0.4784613138461302,0,Medium Risk
2188,2023-03-09,Basic,199,24.8,2,0,1,16,No,0,At Risk,Low,Low,High,0.275184540431675,0,Low Risk
2189,2024-11-16,Basic,199,22.9,2,5,30,31,Yes,1,Inactive,Low,High,High,0.7375142070871856,1,High Risk
2190,2024-07-15,Standard,399,15.6,5,3,22,16,No,0,At Risk,Medium,High,High,0.6061945771529865,1,High Risk
2191,2024-08-26,Premium,699,16.0,5,4,22,9,No,0,Active,Medium,High,High,0.5477631668430089,1,Medium Risk
2192,2024-05-09,Premium,699,20.3,3,1,18,52,Yes,1,Inactive,Medium,Medium,High,0.5036583372229765,1,Medium Risk
2193,2023-02-22,Standard,399,23.5,4,3,22,46,No,0,Inactive,Medium,High,High,0.683325912144524,1,High Risk
2194,2023-08-17,Premium,699,20.1,4,0,20,52,Yes,1,Inactive,Medium,Low,High,0.4063391638059607,0,Medium Risk
2195,2024-01-07,Basic,199,11.9,2,0,16,44,No,0,Inactive,Low,Low,Medium,0.37820586228295994,0,Medium Risk
2196,2024-09-30,Standard,399,10.8,5,2,26,5,Yes,1,Active,Medium,Medium,Medium,0.3926559009671158,0,Medium Risk
2197,2023-06-07,Standard,399,19.5,0,3,5,25,No,0,At Risk,Low,High,High,0.4255645071426677,0,Medium Risk
2198,2024-05-13,Standard,399,24.5,5,2,31,7,Yes,1,Active,Medium,Medium,High,0.4329877606425084,0,Medium Risk
2199,2023-09-07,Standard,399,14.9,6,3,26,54,Yes,1,Inactive,High,High,Medium,0.7437229514158974,1,High Risk
2200,2023-04-14,Premium,699,8.7,5,4,11,24,No,0,At Risk,Medium,High,Medium,0.6582496579732321,1,High Risk
2201,2023-04-05,Basic,199,20.0,0,1,6,34,No,0,Inactive,Low,Medium,High,0.3350910084934095,0,Medium Risk
2202,2023-10-26,Premium,699,24.8,0,3,10,11,Yes,1,Active,Low,High,High,0.3250531294720276,0,Medium Risk
2203,2023-12-05,Standard,399,16.8,1,0,23,10,No,0,Active,Low,Low,High,0.13607577786138875,0,Low Risk
2204,2023-07-16,Basic,199,24.9,1,0,3,39,Yes,1,Inactive,Low,Low,High,0.31526952183618867,0,Medium Risk
2205,2024-09-22,Basic,199,20.7,7,0,26,17,No,0,At Risk,High,Low,High,0.4078887545569518,0,Medium Risk
2206,2023-09-24,Premium,699,20.9,4,1,5,4,No,0,Active,Medium,Medium,High,0.2762428229164703,0,Low Risk
2207,2023-12-13,Basic,199,2.9,3,5,33,18,Yes,1,At Risk,Medium,High,Low,0.829663216233443,1,High Risk
2208,2023-10-28,Premium,699,17.5,7,2,11,60,Yes,1,Inactive,High,Medium,High,0.7001775879253578,1,High Risk
2209,2023-09-04,Premium,699,10.7,3,2,26,42,Yes,1,Inactive,Medium,Medium,Medium,0.4905050016492814,0,Medium Risk
2210,2023-05-01,Standard,399,17.7,0,0,10,3,No,0,Active,Low,Low,High,0.10584871496835305,0,Low Risk
2211,2023-12-07,Basic,199,25.0,2,1,7,46,Yes,1,Inactive,Low,Medium,High,0.5096250852766688,1,Medium Risk
2212,2024-10-21,Premium,699,14.7,7,3,21,26,Yes,1,At Risk,High,High,Medium,0.7197675701814028,1,High Risk
2213,2024-11-02,Premium,699,18.4,4,5,36,13,No,0,Active,Medium,High,High,0.5705157783832717,1,Medium Risk
2214,2023-09-16,Basic,199,4.3,3,2,24,4,Yes,1,Active,Medium,Medium,Low,0.5476495824674604,1,Medium Risk
2215,2023-11-28,Standard,399,20.4,7,5,12,25,No,0,At Risk,High,High,High,0.77235558432269,1,High Risk
2216,2024-08-03,Standard,399,20.5,6,5,9,20,No,0,At Risk,High,High,High,0.7421838745880162,1,High Risk
2217,2023-12-09,Premium,699,0.7,2,2,12,26,Yes,1,At Risk,Low,Medium,Low,0.7163277962284528,1,High Risk
2218,2023-10-12,Basic,199,22.2,3,4,3,38,Yes,1,Inactive,Medium,High,High,0.6502940510370079,1,High Risk
2219,2024-09-21,Basic,199,10.7,0,5,12,23,No,0,At Risk,Low,High,Medium,0.5497117976117806,1,Medium Risk
2220,2023-12-07,Standard,399,0.6,7,4,22,12,Yes,1,Active,High,High,Low,0.8265647845082713,1,High Risk
2221,2024-09-18,Premium,699,7.2,6,4,33,37,Yes,1,Inactive,High,High,Medium,0.7399526259211144,1,High Risk
2222,2023-10-25,Basic,199,19.4,0,3,28,46,Yes,1,Inactive,Low,High,High,0.5153141307974503,1,Medium Risk
2223,2023-03-06,Premium,699,1.6,5,0,30,26,Yes,1,At Risk,Medium,Low,Low,0.6339753940464361,1,High Risk
2224,2024-04-05,Standard,399,23.3,3,2,27,53,Yes,1,Inactive,Medium,Medium,High,0.5794561991475624,1,Medium Risk
2225,2023-09-18,Standard,399,22.3,0,1,20,42,No,0,Inactive,Low,Medium,High,0.3740405129728614,0,Medium Risk
2226,2024-04-05,Standard,399,0.6,3,0,17,14,No,0,Active,Medium,Low,Low,0.4103768656732688,0,Medium Risk
2227,2024-07-02,Basic,199,0.6,0,0,26,51,No,0,Inactive,Low,Low,Low,0.5625604836656691,1,Medium Risk
2228,2024-08-17,Premium,699,0.9,4,4,27,42,Yes,1,Inactive,Medium,High,Low,0.894541125449319,1,High Risk
2229,2024-02-03,Basic,199,16.7,4,0,35,54,Yes,1,Inactive,Medium,Low,High,0.41114177232746546,0,Medium Risk
2230,2023-12-03,Premium,699,4.8,3,0,22,43,Yes,1,Inactive,Medium,Low,Low,0.6271097011698613,1,High Risk
2231,2023-09-22,Premium,699,23.7,0,0,16,8,No,0,Active,Low,Low,High,0.1266880095499192,0,Low Risk
2232,2023-06-17,Basic,199,17.0,6,1,19,57,Yes,1,Inactive,High,Medium,High,0.5738984585812134,1,Medium Risk
2233,2024-10-16,Standard,399,19.2,4,2,7,34,Yes,1,Inactive,Medium,Medium,High,0.5631431412423517,1,Medium Risk
2234,2023-10-04,Basic,199,24.6,1,0,5,15,Yes,1,At Risk,Low,Low,High,0.2277530424630442,0,Low Risk
2235,2024-07-01,Basic,199,19.2,5,0,8,32,No,0,Inactive,Medium,Low,High,0.4264793069350505,0,Medium Risk
2236,2023-12-28,Standard,399,3.5,4,0,33,22,No,0,At Risk,Medium,Low,Low,0.5768976202765101,1,Medium Risk
2237,2024-09-27,Basic,199,20.3,8,2,25,46,Yes,1,Inactive,High,Medium,High,0.7459169626540516,1,High Risk
2238,2024-07-01,Basic,199,4.5,5,1,5,33,No,0,Inactive,Medium,Medium,Low,0.812394420533754,1,High Risk
2239,2024-03-18,Basic,199,24.8,5,0,31,21,No,0,At Risk,Medium,Low,High,0.3862636635884391,0,Medium Risk
2240,2024-10-14,Basic,199,19.5,6,1,33,10,Yes,1,Active,High,Medium,High,0.3489650372436551,0,Medium Risk
2241,2024-05-21,Standard,399,24.4,3,5,5,59,No,0,Inactive,Medium,High,High,0.7840782272239285,1,High Risk
2242,2024-04-08,Premium,699,10.0,5,1,30,57,Yes,1,Inactive,Medium,Medium,Medium,0.6157515362095152,1,High Risk
2243,2023-12-13,Basic,199,14.5,0,5,1,59,Yes,1,Inactive,Low,High,Medium,0.6777746364501703,1,High Risk
2244,2024-08-31,Standard,399,24.3,7,0,1,8,No,0,Active,High,Low,High,0.3206297586390039,0,Medium Risk
2245,2024-07-18,Premium,699,19.3,2,3,36,31,Yes,1,Inactive,Low,High,High,0.6268981390311029,1,High Risk
2246,2024-07-03,Premium,699,3.4,0,5,22,20,Yes,1,At Risk,Low,High,Low,0.8086506050425082,1,High Risk
2247,2023-05-21,Standard,399,1.5,1,0,19,60,Yes,1,Inactive,Low,Low,Low,0.6271047952794779,1,High Risk
2248,2023-03-18,Premium,699,20.5,2,2,17,21,No,0,At Risk,Low,Medium,High,0.4363138689026206,0,Medium Risk
2249,2023-01-27,Premium,699,2.3,4,5,24,19,Yes,1,At Risk,Medium,High,Low,0.8646849320644638,1,High Risk
2250,2024-09-05,Standard,399,5.0,1,1,21,59,No,0,Inactive,Low,Medium,Low,0.7713729508013099,1,High Risk
2251,2023-07-07,Basic,199,3.3,4,2,24,20,No,0,At Risk,Medium,Medium,Low,0.7283440837049213,1,High Risk
2252,2024-07-17,Premium,699,14.8,1,1,14,3,No,0,Active,Low,Medium,Medium,0.23927244529229028,0,Low Risk
2253,2023-11-01,Premium,699,20.4,8,4,6,55,Yes,1,Inactive,High,High,High,0.8503340692015433,1,High Risk
2254,2024-03-06,Premium,699,3.0,6,0,20,19,No,0,At Risk,High,Low,Low,0.6523091784039359,1,High Risk
2255,2024-08-25,Basic,199,7.1,0,1,22,4,Yes,1,Active,Low,Medium,Medium,0.1670082144602046,0,Low Risk
2256,2024-07-08,Basic,199,22.3,0,3,7,51,Yes,1,Inactive,Low,High,High,0.5787333133578201,1,Medium Risk
2257,2023-07-09,Basic,199,4.4,8,1,17,5,Yes,1,Active,High,Medium,Low,0.7138777020408574,1,High Risk
2258,2023-05-10,Premium,699,16.0,0,3,7,13,No,0,Active,Low,High,High,0.28479867951873233,0,Low Risk
2259,2023-10-07,Basic,199,6.3,6,0,33,43,No,0,Inactive,High,Low,Medium,0.3925010079614393,0,Medium Risk
2260,2024-11-13,Premium,699,12.6,3,0,13,27,Yes,1,At Risk,Medium,Low,Medium,0.2822325633277894,0,Low Risk
2261,2024-08-27,Standard,399,20.7,4,2,13,8,Yes,1,Active,Medium,Medium,High,0.35920007493775785,0,Medium Risk
2262,2024-09-11,Standard,399,7.1,1,5,19,26,Yes,1,At Risk,Low,High,Medium,0.6009170556211504,1,High Risk
2263,2024-12-08,Standard,399,24.5,6,4,1,12,No,0,Active,High,High,High,0.606179277201125,1,High Risk
2264,2023-02-11,Basic,199,20.5,1,5,12,15,Yes,1,At Risk,Low,High,High,0.5684213144519656,1,Medium Risk
2265,2023-08-12,Basic,199,18.7,1,5,16,25,Yes,1,At Risk,Low,High,High,0.5843771627255953,1,Medium Risk
2266,2023-01-15,Standard,399,14.6,3,5,8,7,No,0,Active,Medium,High,Medium,0.48997888107539883,0,Medium Risk
2267,2023-05-07,Standard,399,8.9,7,1,7,9,No,0,Active,High,Medium,Medium,0.3655260851445001,0,Medium Risk
2268,2024-03-30,Standard,399,24.4,6,5,21,33,Yes,1,Inactive,High,High,High,0.811991786882029,1,High Risk
2269,2024-11-12,Premium,699,21.5,2,1,13,24,No,0,At Risk,Low,Medium,High,0.42430569454322964,0,Medium Risk
2270,2024-03-19,Premium,699,12.5,4,3,16,3,Yes,1,Active,Medium,High,Medium,0.44105979269338946,0,Medium Risk
2271,2023-07-28,Standard,399,2.0,0,5,11,29,Yes,1,At Risk,Low,High,Low,0.79960204597993,1,High Risk
2272,2023-01-15,Standard,399,22.1,2,2,8,17,Yes,1,At Risk,Low,Medium,High,0.434654602994319,0,Medium Risk
2273,2024-04-05,Standard,399,2.1,7,2,34,19,Yes,1,At Risk,High,Medium,Low,0.8268343691516253,1,High Risk
2274,2024-03-24,Basic,199,21.1,6,2,18,10,Yes,1,Active,High,Medium,High,0.41375190946030466,0,Medium Risk
2275,2024-07-18,Basic,199,19.6,7,3,2,14,No,0,Active,High,High,High,0.5762151909624698,1,Medium Risk
2276,2023-10-06,Premium,699,3.2,5,4,10,16,Yes,1,At Risk,Medium,High,Low,0.8645411947783423,1,High Risk
2277,2023-04-20,Premium,699,20.1,6,0,34,4,No,0,Active,High,Low,High,0.22052756165067564,0,Low Risk
2278,2024-09-20,Basic,199,6.7,3,5,19,59,Yes,1,Inactive,Medium,High,Medium,0.7328685394594817,1,High Risk
2279,2023-01-21,Premium,699,23.1,7,4,34,0,Yes,1,Active,High,High,High,0.5912673006355132,1,Medium Risk
2280,2023-04-22,Standard,399,10.8,5,0,36,30,Yes,1,At Risk,Medium,Low,Medium,0.352057591093456,0,Medium Risk
2281,2024-08-23,Premium,699,18.2,6,2,20,44,No,0,Inactive,High,Medium,High,0.6392398830490529,1,High Risk
2282,2023-07-20,Basic,199,16.9,5,0,26,24,Yes,1,At Risk,Medium,Low,High,0.32256887941424955,0,Medium Risk
2283,2024-06-29,Basic,199,1.6,5,2,21,30,Yes,1,At Risk,Medium,Medium,Low,0.8044472889589684,1,High Risk
2284,2024-08-01,Standard,399,6.1,8,0,32,44,Yes,1,Inactive,High,Low,Medium,0.5483515446754581,1,Medium Risk
2285,2023-03-16,Basic,199,10.6,0,1,15,29,No,0,At Risk,Low,Medium,Medium,0.2772573525828587,0,Low Risk
2286,2024-01-15,Basic,199,11.3,2,1,36,47,Yes,1,Inactive,Low,Medium,Medium,0.5035944197551064,1,Medium Risk
2287,2024-04-05,Basic,199,6.8,6,0,3,17,No,0,At Risk,High,Low,Medium,0.3208234549988791,0,Medium Risk
2288,2023-09-14,Basic,199,8.8,3,4,6,7,Yes,1,Active,Medium,High,Medium,0.39126906905191566,0,Medium Risk
2289,2024-07-08,Premium,699,18.8,3,0,35,30,No,0,At Risk,Medium,Low,High,0.28001176443008985,0,Low Risk
2290,2023-12-05,Basic,199,23.2,7,1,1,50,Yes,1,Inactive,High,Medium,High,0.6485951016116541,1,High Risk
2291,2024-12-14,Basic,199,12.8,3,4,6,17,Yes,1,At Risk,Medium,High,Medium,0.5733118649778938,1,Medium Risk
2292,2023-04-10,Standard,399,19.0,8,5,23,10,Yes,1,Active,High,High,High,0.6995903274892821,1,High Risk
2293,2023-02-16,Premium,699,16.8,3,1,2,52,Yes,1,Inactive,Medium,Medium,High,0.45351590776965955,0,Medium Risk
2294,2023-03-04,Premium,699,5.3,3,1,12,8,No,0,Active,Medium,Medium,Medium,0.20600322237709037,0,Low Risk
2295,2023-07-29,Premium,699,6.0,2,0,29,7,No,0,Active,Low,Low,Medium,0.15189066034031035,0,Low Risk
2296,2023-06-12,Standard,399,21.0,6,1,20,44,Yes,1,Inactive,High,Medium,High,0.57008720193599,1,Medium Risk
2297,2024-03-06,Standard,399,0.7,5,0,25,34,Yes,1,Inactive,Medium,Low,Low,0.7124969117866495,1,High Risk
2298,2024-03-21,Basic,199,19.2,3,0,6,9,No,0,Active,Medium,Low,High,0.1680835643254508,0,Low Risk
2299,2024-06-27,Basic,199,7.0,8,5,11,35,No,0,Inactive,High,High,Medium,0.8444342418735727,1,High Risk
2300,2023-08-09,Premium,699,22.2,2,4,22,34,No,0,Inactive,Low,High,High,0.6760945710506429,1,High Risk
2301,2023-08-08,Standard,399,4.7,7,2,28,20,Yes,1,At Risk,High,Medium,Low,0.8201462100055906,1,High Risk
2302,2023-04-04,Premium,699,5.3,4,3,2,49,Yes,1,Inactive,Medium,High,Medium,0.6363275428243622,1,High Risk
2303,2024-06-30,Premium,699,20.0,2,0,8,14,No,0,Active,Low,Low,High,0.20453928516207034,0,Low Risk
2304,2023-08-26,Basic,199,12.2,2,0,36,33,Yes,1,Inactive,Low,Low,Medium,0.3226073603219771,0,Medium Risk
2305,2023-09-05,Basic,199,22.7,8,4,16,34,No,0,Inactive,High,High,High,0.8206115268608527,1,High Risk
2306,2023-12-07,Premium,699,2.5,8,4,36,5,Yes,1,Active,High,High,Low,0.8537874104421259,1,High Risk
2307,2023-07-30,Premium,699,20.8,0,3,9,31,No,0,Inactive,Low,High,High,0.4932983491092393,0,Medium Risk
2308,2023-03-15,Basic,199,17.6,1,4,15,9,No,0,Active,Low,High,High,0.3774975080825963,0,Medium Risk
2309,2023-12-12,Standard,399,2.5,5,3,35,10,Yes,1,Active,Medium,High,Low,0.7535903724102068,1,High Risk
2310,2023-02-01,Basic,199,19.3,0,5,3,44,Yes,1,Inactive,Low,High,High,0.6241977338077596,1,High Risk
2311,2023-04-11,Basic,199,4.5,1,0,21,44,Yes,1,Inactive,Low,Low,Low,0.594673288348344,1,Medium Risk
2312,2023-01-27,Standard,399,16.4,0,5,35,47,No,0,Inactive,Low,High,High,0.619940948583453,1,High Risk
2313,2024-05-31,Premium,699,24.7,5,3,10,43,Yes,1,Inactive,Medium,High,High,0.7562321585793622,1,High Risk
2314,2023-06-01,Premium,699,18.9,4,1,19,5,No,0,Active,Medium,Medium,High,0.2677450208985791,0,Low Risk
2315,2023-06-04,Premium,699,12.2,7,4,35,58,No,0,Inactive,High,High,Medium,0.8192134847685916,1,High Risk
2316,2024-06-03,Basic,199,12.8,0,2,19,24,Yes,1,At Risk,Low,Medium,Medium,0.3523615786724827,0,Medium Risk
2317,2023-09-09,Standard,399,1.1,0,0,30,42,Yes,1,Inactive,Low,Low,Low,0.5179146720127513,1,Medium Risk
2318,2024-06-26,Standard,399,16.1,1,2,23,46,Yes,1,Inactive,Low,Medium,High,0.49144881824868764,0,Medium Risk
2319,2023-10-03,Basic,199,9.8,1,1,26,26,Yes,1,At Risk,Low,Medium,Medium,0.3143452555646365,0,Medium Risk
2320,2023-06-24,Premium,699,24.8,5,5,15,3,Yes,1,Active,Medium,High,High,0.6105026317385315,1,High Risk
2321,2023-02-24,Premium,699,18.4,8,5,25,2,No,0,Active,High,High,High,0.6783932015836115,1,High Risk
2322,2023-01-18,Standard,399,6.4,8,3,14,39,Yes,1,Inactive,High,High,Medium,0.7628348661411272,1,High Risk
2323,2023-05-06,Premium,699,5.0,1,0,34,17,No,0,At Risk,Low,Low,Low,0.4890527669691192,0,Medium Risk
2324,2023-01-06,Standard,399,21.0,1,4,17,58,Yes,1,Inactive,Low,High,High,0.6757195236215944,1,High Risk
2325,2023-09-12,Standard,399,24.1,2,4,17,60,Yes,1,Inactive,Low,High,High,0.7439428561688116,1,High Risk
2326,2023-10-02,Premium,699,9.8,3,4,13,41,Yes,1,Inactive,Medium,High,Medium,0.6390385842513173,1,High Risk
2327,2023-10-30,Basic,199,17.0,2,5,10,25,No,0,At Risk,Low,High,High,0.6311095934270221,1,High Risk
2328,2023-09-06,Premium,699,13.3,4,3,11,19,Yes,1,At Risk,Medium,High,Medium,0.5612489901604362,1,Medium Risk
2329,2023-09-15,Standard,399,9.5,8,3,9,13,Yes,1,Active,High,High,Medium,0.593540465224154,1,Medium Risk
2330,2024-02-04,Basic,199,21.9,6,2,30,60,No,0,Inactive,High,Medium,High,0.6896347986712021,1,High Risk
2331,2023-07-11,Basic,199,23.7,5,2,23,55,No,0,Inactive,Medium,Medium,High,0.6615211079368559,1,High Risk
2332,2023-10-28,Standard,399,18.2,5,2,15,34,Yes,1,Inactive,Medium,Medium,High,0.5839890579833815,1,Medium Risk
2333,2023-10-14,Basic,199,16.9,7,3,2,19,Yes,1,At Risk,High,High,High,0.6415003559480205,1,High Risk
2334,2023-08-20,Standard,399,14.6,8,4,33,58,No,0,Inactive,High,High,Medium,0.8581819538757482,1,High Risk
2335,2023-10-10,Premium,699,9.5,8,5,7,32,Yes,1,Inactive,High,High,Medium,0.8367910557310969,1,High Risk
2336,2023-10-24,Standard,399,11.9,0,5,9,44,Yes,1,Inactive,Low,High,Medium,0.6325283726432843,1,High Risk
2337,2023-08-02,Premium,699,24.8,4,1,4,13,No,0,Active,Medium,Medium,High,0.3167638169699682,0,Medium Risk
2338,2023-05-06,Standard,399,20.8,4,4,13,20,No,0,At Risk,Medium,High,High,0.6172946038636271,1,High Risk
2339,2024-04-10,Standard,399,20.3,1,0,15,6,No,0,Active,Low,Low,High,0.15682862680913937,0,Low Risk
2340,2023-07-23,Premium,699,18.2,1,4,30,3,No,0,Active,Low,High,High,0.3725159267394972,0,Medium Risk
2341,2024-10-21,Basic,199,16.0,3,3,6,13,Yes,1,Active,Medium,High,High,0.378734315094286,0,Medium Risk
2342,2023-03-27,Standard,399,1.5,6,0,15,46,Yes,1,Inactive,High,Low,Low,0.7187000722573254,1,High Risk
2343,2024-05-27,Premium,699,12.7,5,3,33,6,Yes,1,Active,Medium,High,Medium,0.5074031478105901,1,Medium Risk
2344,2023-08-02,Standard,399,18.1,8,0,36,0,No,0,Active,High,Low,High,0.2909534087400249,0,Low Risk
2345,2024-09-03,Basic,199,14.9,5,3,2,7,No,0,Active,Medium,High,Medium,0.5174284225780582,1,Medium Risk
2346,2024-05-24,Premium,699,6.5,6,2,1,30,Yes,1,At Risk,High,Medium,Medium,0.5386355862611465,1,Medium Risk
2347,2023-01-04,Standard,399,20.7,1,5,19,58,Yes,1,Inactive,Low,High,High,0.722432967362079,1,High Risk
2348,2023-11-15,Premium,699,10.1,5,1,14,56,Yes,1,Inactive,Medium,Medium,Medium,0.5858165700378244,1,Medium Risk
2349,2023-04-22,Premium,699,20.3,8,5,5,49,Yes,1,Inactive,High,High,High,0.8698117628079572,1,High Risk
2350,2023-01-28,Premium,699,6.0,6,4,19,30,Yes,1,At Risk,High,High,Medium,0.6570554225541291,1,High Risk
2351,2023-06-11,Premium,699,19.0,6,1,9,10,No,0,Active,High,Medium,High,0.3290646954286414,0,Medium Risk
2352,2024-03-04,Basic,199,4.1,3,3,33,17,Yes,1,At Risk,Medium,High,Low,0.7795186921797365,1,High Risk
2353,2023-10-29,Basic,199,6.8,0,5,6,47,No,0,Inactive,Low,High,Medium,0.6040041843717209,1,High Risk
2354,2023-12-12,Basic,199,13.6,0,2,34,40,Yes,1,Inactive,Low,Medium,Medium,0.40886008714821154,0,Medium Risk
2355,2024-06-15,Basic,199,23.4,6,3,32,50,Yes,1,Inactive,High,High,High,0.7558334628322262,1,High Risk
2356,2023-02-13,Premium,699,3.4,2,3,7,49,Yes,1,Inactive,Low,High,Low,0.8613583676836631,1,High Risk
2357,2024-09-14,Basic,199,13.2,3,2,4,24,Yes,1,At Risk,Medium,Medium,Medium,0.4369072008652495,0,Medium Risk
2358,2023-08-06,Basic,199,10.0,7,0,2,20,No,0,At Risk,High,Low,Medium,0.37140398988787826,0,Medium Risk
2359,2024-03-16,Basic,199,19.3,4,2,12,22,Yes,1,At Risk,Medium,Medium,High,0.4795469984312263,0,Medium Risk
2360,2024-03-10,Premium,699,5.0,1,3,36,40,No,0,Inactive,Low,High,Low,0.8378007924248747,1,High Risk
2361,2023-02-11,Premium,699,15.7,8,2,10,18,No,0,At Risk,High,Medium,High,0.5995420177771479,1,Medium Risk
2362,2024-04-03,Basic,199,7.9,8,0,16,50,No,0,Inactive,High,Low,Medium,0.5692287567295706,1,Medium Risk
2363,2024-06-25,Basic,199,7.8,7,5,22,58,Yes,1,Inactive,High,High,Medium,0.8488902570469723,1,High Risk
2364,2023-05-08,Basic,199,1.6,3,5,27,23,Yes,1,At Risk,Medium,High,Low,0.833320384783028,1,High Risk
2365,2023-02-18,Basic,199,16.8,7,5,7,44,Yes,1,Inactive,High,High,High,0.8156047964550069,1,High Risk
2366,2023-01-17,Premium,699,24.8,1,2,24,18,No,0,At Risk,Low,Medium,High,0.39583423509185783,0,Medium Risk
2367,2024-08-09,Premium,699,24.8,2,3,29,48,Yes,1,Inactive,Low,High,High,0.6991031817193758,1,High Risk
2368,2024-10-19,Premium,699,19.3,6,5,27,18,No,0,At Risk,High,High,High,0.7318326496012851,1,High Risk
2369,2024-01-10,Premium,699,2.7,8,2,30,9,Yes,1,Active,High,Medium,Low,0.7860935161367558,1,High Risk
2370,2023-10-29,Premium,699,16.1,3,1,25,21,No,0,At Risk,Medium,Medium,High,0.32580350493720733,0,Medium Risk
2371,2023-07-09,Basic,199,22.2,3,1,33,56,Yes,1,Inactive,Medium,Medium,High,0.48505643248305014,0,Medium Risk
2372,2023-02-26,Basic,199,19.6,6,3,19,36,Yes,1,Inactive,High,High,High,0.6825709297514168,1,High Risk
2373,2024-04-13,Standard,399,24.8,7,1,2,25,No,0,At Risk,High,Medium,High,0.5882827552047775,1,Medium Risk
2374,2023-08-22,Standard,399,16.2,2,5,2,13,Yes,1,Active,Low,High,High,0.5030687637258258,1,Medium Risk
2375,2024-06-16,Premium,699,8.5,5,5,15,15,No,0,At Risk,Medium,High,Medium,0.7114631370982443,1,High Risk
2376,2024-02-22,Basic,199,19.0,4,0,36,57,Yes,1,Inactive,Medium,Low,High,0.43273888603287947,0,Medium Risk
2377,2023-05-31,Premium,699,24.5,6,2,8,1,No,0,Active,High,Medium,High,0.38990684878310516,0,Medium Risk
2378,2024-07-17,Standard,399,13.8,2,3,23,42,Yes,1,Inactive,Low,High,Medium,0.6667102189848354,1,High Risk
2379,2024-03-12,Standard,399,8.9,1,1,25,0,No,0,Active,Low,Medium,Medium,0.2071692725707131,0,Low Risk
2380,2023-05-04,Basic,199,19.3,8,2,10,36,Yes,1,Inactive,High,Medium,High,0.6954052509134183,1,High Risk
2381,2023-11-15,Standard,399,19.5,6,4,13,9,Yes,1,Active,High,High,High,0.5373504392027121,1,Medium Risk
2382,2024-05-04,Premium,699,15.8,0,0,18,53,No,0,Inactive,Low,Low,High,0.284229520399564,0,Low Risk
2383,2024-02-03,Basic,199,0.7,8,3,1,38,Yes,1,Inactive,High,High,Low,0.9265232617878112,1,High Risk
2384,2024-11-15,Basic,199,3.4,6,4,4,12,Yes,1,Active,High,High,Low,0.8164137070553494,1,High Risk
2385,2024-06-24,Basic,199,20.7,0,0,22,60,Yes,1,Inactive,Low,Low,High,0.3174967533051475,0,Medium Risk
2386,2024-02-22,Basic,199,2.5,1,5,18,20,Yes,1,At Risk,Low,High,Low,0.8347537410048151,1,High Risk
2387,2023-02-21,Basic,199,5.3,7,5,34,26,Yes,1,At Risk,High,High,Medium,0.7334663755283851,1,High Risk
2388,2024-03-27,Premium,699,5.9,4,2,24,1,No,0,Active,Medium,Medium,Medium,0.3039193667867347,0,Medium Risk
2389,2023-05-24,Standard,399,10.1,0,5,19,60,Yes,1,Inactive,Low,High,Medium,0.6620479006917397,1,High Risk
2390,2023-12-19,Premium,699,19.2,6,5,26,8,No,0,Active,High,High,High,0.5894178206693443,1,Medium Risk
2391,2024-01-29,Basic,199,20.1,7,5,36,40,No,0,Inactive,High,High,High,0.8366892675357276,1,High Risk
2392,2024-06-20,Basic,199,14.4,1,2,11,1,No,0,Active,Low,Medium,Medium,0.2702678705390021,0,Low Risk
2393,2023-04-02,Premium,699,6.9,3,1,35,12,No,0,Active,Medium,Medium,Medium,0.21837850023266134,0,Low Risk
2394,2024-02-15,Basic,199,9.3,2,1,21,22,No,0,At Risk,Low,Medium,Medium,0.38302891999723987,0,Medium Risk
2395,2023-06-18,Basic,199,13.8,1,3,30,0,Yes,1,Active,Low,High,Medium,0.3225147635496146,0,Medium Risk
2396,2024-03-08,Premium,699,2.4,2,0,7,24,Yes,1,At Risk,Low,Low,Low,0.5838674810549417,1,Medium Risk
2397,2024-08-10,Basic,199,24.5,5,1,33,29,Yes,1,At Risk,Medium,Medium,High,0.5294903132294767,1,Medium Risk
2398,2024-07-12,Standard,399,3.5,3,3,25,4,No,0,Active,Medium,High,Low,0.6752335354839472,1,High Risk
2399,2023-11-27,Standard,399,7.0,0,5,20,10,No,0,Active,Low,High,Medium,0.36927795558585874,0,Medium Risk
2400,2023-04-07,Basic,199,21.7,4,4,10,2,No,0,Active,Medium,High,High,0.4658516935129995,0,Medium Risk
2401,2023-09-14,Standard,399,7.5,0,1,18,28,Yes,1,At Risk,Low,Medium,Medium,0.2662051255634548,0,Low Risk
2402,2024-05-26,Basic,199,12.0,1,1,26,57,No,0,Inactive,Low,Medium,Medium,0.47769935930672053,0,Medium Risk
2403,2024-10-16,Premium,699,4.7,2,0,33,0,No,0,Active,Low,Low,Low,0.42840037711618184,0,Medium Risk
2404,2023-09-25,Basic,199,22.4,8,1,32,6,No,0,Active,High,Medium,High,0.43797609445882724,0,Medium Risk
2405,2024-12-04,Premium,699,4.7,8,2,27,47,Yes,1,Inactive,High,Medium,Low,0.9129900329406078,1,High Risk
2406,2023-09-06,Premium,699,6.2,6,1,29,55,No,0,Inactive,High,Medium,Medium,0.557779299969118,1,Medium Risk
2407,2024-08-09,Basic,199,4.8,5,3,33,1,Yes,1,Active,Medium,High,Low,0.7623884641003821,1,High Risk
2408,2024-11-28,Standard,399,12.6,8,5,2,40,Yes,1,Inactive,High,High,Medium,0.8718898998917719,1,High Risk
2409,2023-08-30,Basic,199,12.2,0,3,30,55,No,0,Inactive,Low,High,Medium,0.5427261382767911,1,Medium Risk
2410,2024-01-21,Standard,399,19.6,2,0,34,23,No,0,At Risk,Low,Low,High,0.293997329105695,0,Low Risk
2411,2023-12-02,Premium,699,2.6,2,1,10,14,No,0,Active,Low,Medium,Low,0.5505131310167469,1,Medium Risk
2412,2023-01-16,Premium,699,2.6,6,5,11,55,Yes,1,Inactive,High,High,Low,0.9351873590667167,1,High Risk
2413,2023-06-03,Standard,399,24.7,1,5,35,16,No,0,At Risk,Low,High,High,0.6013041313507279,1,High Risk
2414,2024-08-04,Premium,699,13.3,2,0,5,36,Yes,1,Inactive,Low,Low,Medium,0.3749640466616309,0,Medium Risk
2415,2024-11-29,Standard,399,19.0,0,4,30,37,Yes,1,Inactive,Low,High,High,0.5831604009554417,1,Medium Risk
2416,2023-01-17,Standard,399,11.0,8,2,16,50,Yes,1,Inactive,High,Medium,Medium,0.7299092487167296,1,High Risk
2417,2024-09-11,Basic,199,22.4,0,2,9,51,Yes,1,Inactive,Low,Medium,High,0.47818536184776034,0,Medium Risk
2418,2024-12-09,Premium,699,16.7,8,3,15,46,Yes,1,Inactive,High,High,High,0.8079093710123811,1,High Risk
2419,2024-09-16,Standard,399,24.2,2,2,33,56,No,0,Inactive,Low,Medium,High,0.6233989827362518,1,High Risk
2420,2024-07-12,Premium,699,15.9,1,2,36,22,Yes,1,At Risk,Low,Medium,High,0.3830352446581618,0,Medium Risk
2421,2024-01-01,Premium,699,24.1,0,5,30,41,Yes,1,Inactive,Low,High,High,0.6767704273982112,1,High Risk
2422,2024-07-06,Basic,199,22.4,6,3,16,24,Yes,1,At Risk,High,High,High,0.6575661788959382,1,High Risk
2423,2024-09-20,Premium,699,1.1,7,2,12,24,Yes,1,At Risk,High,Medium,Low,0.8331094015151811,1,High Risk
2424,2024-09-30,Basic,199,12.6,8,3,30,24,Yes,1,At Risk,High,High,Medium,0.7437298948227187,1,High Risk
2425,2023-07-20,Premium,699,12.9,2,1,28,20,No,0,At Risk,Low,Medium,Medium,0.3774632147759247,0,Medium Risk
2426,2024-02-13,Standard,399,19.9,8,2,3,43,Yes,1,Inactive,High,Medium,High,0.745401138011692,1,High Risk
2427,2023-01-31,Premium,699,17.2,3,2,12,3,No,0,Active,Medium,Medium,High,0.25514659272347534,0,Low Risk
2428,2024-12-03,Premium,699,19.0,6,3,24,46,Yes,1,Inactive,High,High,High,0.7346908050358152,1,High Risk
2429,2023-06-30,Standard,399,1.3,1,1,3,17,No,0,At Risk,Low,Medium,Low,0.5925418416558175,1,Medium Risk
2430,2024-02-07,Premium,699,21.4,4,2,22,11,No,0,Active,Medium,Medium,High,0.371131765518211,0,Medium Risk
2431,2023-09-10,Standard,399,5.3,5,4,26,18,Yes,1,At Risk,Medium,High,Medium,0.6215187317078429,1,High Risk
2432,2023-07-19,Premium,699,17.2,4,3,9,53,No,0,Inactive,Medium,High,High,0.6689918092167758,1,High Risk
2433,2023-12-02,Premium,699,8.8,2,2,7,5,No,0,Active,Low,Medium,Medium,0.28205972451710976,0,Low Risk
2434,2024-02-03,Basic,199,19.2,7,1,35,58,No,0,Inactive,High,Medium,High,0.6711760158414937,1,High Risk
2435,2024-09-14,Basic,199,10.4,3,5,11,14,Yes,1,Active,Medium,High,Medium,0.5062988470204894,1,Medium Risk
2436,2024-01-14,Premium,699,3.0,8,0,24,35,Yes,1,Inactive,High,Low,Low,0.809500060330196,1,High Risk
2437,2024-07-26,Standard,399,23.8,7,4,2,16,No,0,At Risk,High,High,High,0.7503605946373199,1,High Risk
2438,2023-08-18,Standard,399,15.4,7,5,2,18,No,0,At Risk,High,High,High,0.736315103113047,1,High Risk
2439,2024-08-13,Basic,199,8.0,1,5,13,57,Yes,1,Inactive,Low,High,Medium,0.7143673933277439,1,High Risk
2440,2024-12-22,Basic,199,22.9,7,1,8,3,Yes,1,Active,High,Medium,High,0.40765472549312876,0,Medium Risk
2441,2024-02-08,Standard,399,7.1,0,0,16,53,No,0,Inactive,Low,Low,Medium,0.2783414773152294,0,Low Risk
2442,2023-07-27,Standard,399,8.5,7,0,6,20,No,0,At Risk,High,Low,Medium,0.3699146582682889,0,Medium Risk
2443,2024-03-05,Basic,199,18.4,5,4,14,56,Yes,1,Inactive,Medium,High,High,0.7884444889094201,1,High Risk
2444,2023-01-17,Standard,399,2.9,6,3,34,54,Yes,1,Inactive,High,High,Low,0.8994146010157577,1,High Risk
2445,2023-04-22,Premium,699,23.8,2,5,18,55,No,0,Inactive,Low,High,High,0.7753727767133023,1,High Risk
2446,2024-06-25,Standard,399,1.4,5,1,6,29,Yes,1,At Risk,Medium,Medium,Low,0.7694814606887792,1,High Risk
2447,2024-05-04,Basic,199,12.1,0,4,34,46,No,0,Inactive,Low,High,Medium,0.6036614086168265,1,High Risk
2448,2023-12-23,Basic,199,9.3,3,4,18,33,Yes,1,Inactive,Medium,High,Medium,0.6064125799463786,1,High Risk
2449,2024-03-14,Standard,399,22.3,5,4,11,51,No,0,Inactive,Medium,High,High,0.8002092470040675,1,High Risk
2450,2024-07-05,Standard,399,23.9,8,3,4,50,No,0,Inactive,High,High,High,0.839537049157657,1,High Risk
2451,2024-06-06,Standard,399,7.8,2,1,18,31,No,0,Inactive,Low,Medium,Medium,0.44798074433610424,0,Medium Risk
2452,2024-01-08,Standard,399,13.8,5,5,18,37,Yes,1,Inactive,Medium,High,Medium,0.808501069118637,1,High Risk
2453,2023-03-26,Standard,399,4.9,2,2,19,39,No,0,Inactive,Low,Medium,Low,0.7918909000315986,1,High Risk
2454,2023-02-10,Premium,699,24.6,0,1,28,59,No,0,Inactive,Low,Medium,High,0.43304177632189816,0,Medium Risk
2455,2023-08-26,Basic,199,20.1,5,5,10,14,No,0,Active,Medium,High,High,0.6041109556710494,1,High Risk
2456,2023-08-02,Basic,199,3.7,1,2,16,55,Yes,1,Inactive,Low,Medium,Low,0.7718334583401371,1,High Risk
2457,2024-03-11,Basic,199,8.8,0,4,21,13,No,0,Active,Low,High,Medium,0.35470725161508243,0,Medium Risk
2458,2024-06-21,Premium,699,17.2,4,2,12,18,No,0,At Risk,Medium,Medium,High,0.4649030209760133,0,Medium Risk
2459,2024-12-07,Premium,699,10.0,7,1,25,31,No,0,Inactive,High,Medium,Medium,0.6030224209681657,1,High Risk
2460,2024-02-28,Basic,199,11.5,7,5,28,60,Yes,1,Inactive,High,High,Medium,0.8624071438800541,1,High Risk
2461,2024-01-13,Basic,199,3.7,8,5,1,45,Yes,1,Inactive,High,High,Low,0.9587322053039495,1,High Risk
2462,2023-06-27,Standard,399,23.8,1,4,14,13,No,0,Active,Low,High,High,0.4320136037678862,0,Medium Risk
2463,2023-03-06,Premium,699,20.3,1,5,35,8,Yes,1,Active,Low,High,High,0.45345390142418,0,Medium Risk
2464,2023-03-02,Basic,199,15.4,0,5,13,19,No,0,At Risk,Low,High,High,0.49011792488422373,0,Medium Risk
2465,2023-06-13,Standard,399,22.2,8,1,1,26,Yes,1,At Risk,High,Medium,High,0.6029765406868332,1,High Risk
2466,2024-02-18,Basic,199,11.8,0,4,36,10,No,0,Active,Low,High,Medium,0.3624638734258978,0,Medium Risk
2467,2024-04-20,Premium,699,16.8,2,1,6,57,No,0,Inactive,Low,Medium,High,0.5300957405207941,1,Medium Risk
2468,2023-05-19,Standard,399,18.8,5,4,17,40,Yes,1,Inactive,Medium,High,High,0.7419767403689133,1,High Risk
2469,2024-06-07,Standard,399,21.6,0,2,10,9,No,0,Active,Low,Medium,High,0.24614730853034325,0,Low Risk
2470,2023-02-24,Premium,699,9.9,8,1,30,46,Yes,1,Inactive,High,Medium,Medium,0.666450787973311,1,High Risk
2471,2024-04-13,Premium,699,18.1,1,5,12,30,Yes,1,At Risk,Low,High,High,0.6322636365321843,1,High Risk
2472,2023-07-10,Premium,699,5.4,3,4,14,41,Yes,1,Inactive,Medium,High,Medium,0.6139843615918407,1,High Risk
2473,2023-08-08,Basic,199,5.0,2,4,21,36,No,0,Inactive,Low,High,Low,0.8710482974687426,1,High Risk
2474,2024-11-04,Premium,699,22.1,1,5,27,27,No,0,At Risk,Low,High,High,0.645637529414874,1,High Risk
2475,2023-06-20,Premium,699,16.2,3,4,5,35,Yes,1,Inactive,Medium,High,High,0.6171009362902947,1,High Risk
2476,2023-07-28,Standard,399,17.7,3,4,24,54,No,0,Inactive,Medium,High,High,0.6707245782792188,1,High Risk
2477,2024-10-22,Standard,399,23.5,4,3,36,7,Yes,1,Active,Medium,High,High,0.46892988405718145,0,Medium Risk
2478,2024-08-07,Standard,399,5.9,6,2,32,15,No,0,At Risk,High,Medium,Medium,0.4893733141021313,0,Medium Risk
2479,2023-07-04,Standard,399,21.7,7,4,17,45,Yes,1,Inactive,High,High,High,0.8043872064543078,1,High Risk
2480,2023-12-06,Standard,399,0.6,2,3,29,4,Yes,1,Active,Low,High,Low,0.6611414481721799,1,High Risk
2481,2024-12-25,Basic,199,19.1,7,5,30,7,Yes,1,Active,High,High,High,0.6609852988495081,1,High Risk
2482,2023-01-29,Standard,399,14.7,8,4,9,15,Yes,1,At Risk,High,High,Medium,0.7621670812520086,1,High Risk
2483,2023-02-25,Premium,699,3.8,5,3,7,46,Yes,1,Inactive,Medium,High,Low,0.8949692889553239,1,High Risk
2484,2024-09-13,Premium,699,4.7,0,2,13,48,Yes,1,Inactive,Low,Medium,Low,0.7484747475713148,1,High Risk
2485,2023-08-04,Premium,699,13.2,8,4,30,28,Yes,1,At Risk,High,High,Medium,0.7805028398357658,1,High Risk
2486,2024-02-08,Premium,699,16.9,5,1,24,15,No,0,At Risk,Medium,Medium,High,0.45484612011102143,0,Medium Risk
2487,2024-10-22,Basic,199,5.4,4,2,3,15,No,0,At Risk,Medium,Medium,Medium,0.42386616897933216,0,Medium Risk
2488,2023-08-04,Basic,199,3.2,1,2,21,53,No,0,Inactive,Low,Medium,Low,0.7653967442206461,1,High Risk
2489,2024-08-23,Premium,699,1.1,2,5,6,36,Yes,1,Inactive,Low,High,Low,0.9012204456917182,1,High Risk
2490,2024-10-31,Premium,699,16.8,1,2,23,12,No,0,Active,Low,Medium,High,0.27534930897987087,0,Low Risk
2491,2024-04-26,Premium,699,5.2,3,0,33,36,No,0,Inactive,Medium,Low,Medium,0.2996071293780364,0,Low Risk
2492,2023-05-29,Basic,199,17.3,7,0,14,38,No,0,Inactive,High,Low,High,0.457917259526253,0,Medium Risk
2493,2024-12-04,Standard,399,16.0,2,0,4,13,No,0,Active,Low,Low,High,0.18701753404990942,0,Low Risk
2494,2024-11-20,Premium,699,10.5,2,0,30,7,No,0,Active,Low,Low,Medium,0.1841279300814214,0,Low Risk
2495,2023-02-12,Basic,199,3.3,6,0,8,8,No,0,Active,High,Low,Low,0.48834388453624467,0,Medium Risk
2496,2024-03-24,Basic,199,11.4,5,5,3,47,No,0,Inactive,Medium,High,Medium,0.8125964052453686,1,High Risk
2497,2024-03-17,Basic,199,23.2,3,0,13,18,No,0,At Risk,Medium,Low,High,0.2692990904295619,0,Low Risk
2498,2024-11-12,Standard,399,5.6,0,5,22,11,No,0,Active,Low,High,Medium,0.3925710728656955,0,Medium Risk
2499,2023-01-24,Standard,399,3.0,4,1,34,6,Yes,1,Active,Medium,Medium,Low,0.5533118946961219,1,Medium Risk
2500,2024-11-11,Premium,699,15.8,2,2,26,55,Yes,1,Inactive,Low,Medium,High,0.5736593786565745,1,Medium Risk
2501,2024-08-28,Standard,399,4.2,4,3,9,8,Yes,1,Active,Medium,High,Low,0.7377886250848548,1,High Risk
2502,2023-03-09,Basic,199,24.9,5,5,24,24,No,0,At Risk,Medium,High,High,0.7410508188446391,1,High Risk
2503,2023-12-20,Premium,699,20.2,3,5,1,42,Yes,1,Inactive,Medium,High,High,0.7075853971857224,1,High Risk
2504,2023-10-10,Basic,199,20.7,1,1,32,29,Yes,1,At Risk,Low,Medium,High,0.3383552080113932,0,Medium Risk
2505,2023-11-11,Basic,199,23.4,8,2,28,34,Yes,1,Inactive,High,Medium,High,0.7100857843739233,1,High Risk
2506,2023-06-09,Basic,199,21.2,4,0,14,56,No,0,Inactive,Medium,Low,High,0.4152589538045899,0,Medium Risk
2507,2023-06-15,Basic,199,24.8,0,3,10,7,No,0,Active,Low,High,High,0.3076193676641044,0,Medium Risk
2508,2023-03-04,Standard,399,14.2,4,0,15,10,No,0,Active,Medium,Low,Medium,0.2005462688758372,0,Low Risk
2509,2023-10-16,Standard,399,11.1,0,3,6,14,Yes,1,Active,Low,High,Medium,0.30004555363352686,0,Medium Risk
2510,2024-10-08,Premium,699,8.9,4,1,7,52,No,0,Inactive,Medium,Medium,Medium,0.5407791518948514,1,Medium Risk
2511,2023-01-18,Premium,699,5.9,4,0,1,15,Yes,1,At Risk,Medium,Low,Medium,0.24763145436404851,0,Low Risk
2512,2024-10-17,Premium,699,22.7,6,3,24,36,No,0,Inactive,High,High,High,0.7306091904897417,1,High Risk
2513,2024-08-27,Standard,399,10.9,4,4,24,4,Yes,1,Active,Medium,High,Medium,0.48947018340676063,0,Medium Risk
2514,2024-05-06,Premium,699,9.6,6,1,23,60,Yes,1,Inactive,High,Medium,Medium,0.6212176604017234,1,High Risk
2515,2023-02-15,Basic,199,21.0,4,3,9,27,Yes,1,At Risk,Medium,High,High,0.5744151349119719,1,Medium Risk
2516,2024-02-27,Premium,699,19.3,8,0,4,2,Yes,1,Active,High,Low,High,0.3318741854115072,0,Medium Risk
2517,2024-05-15,Premium,699,3.0,6,2,15,48,Yes,1,Inactive,High,Medium,Low,0.8647160737504813,1,High Risk
2518,2024-11-17,Basic,199,13.1,8,0,28,33,Yes,1,Inactive,High,Low,Medium,0.5528409876819766,1,Medium Risk
2519,2024-12-22,Standard,399,3.1,0,5,29,6,No,0,Active,Low,High,Low,0.7035611708427716,1,High Risk
2520,2023-09-10,Basic,199,2.6,8,0,30,26,Yes,1,At Risk,High,Low,Low,0.7319065248279158,1,High Risk
2521,2023-10-22,Basic,199,18.0,5,0,30,3,No,0,Active,Medium,Low,High,0.20482969282659805,0,Low Risk
2522,2023-06-29,Standard,399,23.9,7,2,34,12,No,0,Active,High,Medium,High,0.46990439014909785,0,Medium Risk
2523,2024-06-24,Basic,199,1.1,6,1,13,22,Yes,1,At Risk,High,Medium,Low,0.7471323742542186,1,High Risk
2524,2023-07-29,Premium,699,11.4,6,4,23,16,Yes,1,At Risk,High,High,Medium,0.651309134121112,1,High Risk
2525,2023-07-25,Basic,199,0.6,3,5,36,51,No,0,Inactive,Medium,High,Low,0.8872738896809345,1,High Risk
2526,2024-02-08,Premium,699,4.3,7,2,26,53,Yes,1,Inactive,High,Medium,Low,0.8977654413873769,1,High Risk
2527,2024-12-17,Standard,399,2.4,1,4,10,15,No,0,At Risk,Low,High,Low,0.7967689238186874,1,High Risk
2528,2023-11-15,Standard,399,1.3,4,3,2,26,Yes,1,At Risk,Medium,High,Low,0.8101157419589895,1,High Risk
2529,2024-11-13,Standard,399,19.0,1,0,2,28,No,0,At Risk,Low,Low,High,0.25770962175950546,0,Low Risk
2530,2024-08-22,Standard,399,22.9,0,0,8,47,No,0,Inactive,Low,Low,High,0.3060478718655364,0,Medium Risk
2531,2024-12-17,Basic,199,19.3,8,0,35,52,No,0,Inactive,High,Low,High,0.5948241272429862,1,Medium Risk
2532,2023-03-09,Premium,699,14.6,5,1,18,42,No,0,Inactive,Medium,Medium,Medium,0.5743128370293767,1,Medium Risk
2533,2024-10-24,Standard,399,1.5,8,0,12,51,Yes,1,Inactive,High,Low,Low,0.8302148122457221,1,High Risk
2534,2024-10-16,Premium,699,23.3,6,4,32,33,No,0,Inactive,High,High,High,0.7696648247131042,1,High Risk
2535,2024-01-27,Basic,199,5.4,7,5,5,7,No,0,Active,High,High,Medium,0.6297458533814425,1,High Risk
2536,2023-04-12,Premium,699,18.9,1,3,36,58,Yes,1,Inactive,Low,High,High,0.6106881941648481,1,High Risk
2537,2023-09-12,Basic,199,12.4,0,3,14,30,Yes,1,At Risk,Low,High,Medium,0.43388425324978913,0,Medium Risk
2538,2024-06-11,Basic,199,19.2,6,1,12,13,No,0,Active,High,Medium,High,0.35675178881873326,0,Medium Risk
2539,2023-03-10,Premium,699,14.8,1,4,19,28,No,0,At Risk,Low,High,Medium,0.5671081844645162,1,Medium Risk
2540,2024-04-23,Premium,699,4.5,6,5,17,8,Yes,1,Active,High,High,Low,0.8502360993928791,1,High Risk
2541,2023-02-26,Basic,199,11.8,8,1,33,6,Yes,1,Active,High,Medium,Medium,0.4204522501882561,0,Medium Risk
2542,2024-07-12,Basic,199,16.0,4,0,2,54,No,0,Inactive,Medium,Low,High,0.4101536038591659,0,Medium Risk
2543,2024-08-21,Basic,199,9.5,8,4,16,32,No,0,Inactive,High,High,Medium,0.8155755647770112,1,High Risk
2544,2024-07-04,Standard,399,22.5,1,3,10,1,No,0,Active,Low,High,High,0.3671953746721842,0,Medium Risk
2545,2023-03-14,Premium,699,23.2,8,0,19,52,No,0,Inactive,High,Low,High,0.598376129046862,1,Medium Risk
2546,2023-05-04,Premium,699,22.4,4,4,26,8,Yes,1,Active,Medium,High,High,0.49416551738748105,0,Medium Risk
2547,2024-01-18,Standard,399,13.3,3,4,23,28,No,0,At Risk,Medium,High,Medium,0.6116012390421022,1,High Risk
2548,2024-03-04,Standard,399,13.7,0,0,1,16,No,0,At Risk,Low,Low,Medium,0.20295804462886124,0,Low Risk
2549,2024-07-30,Standard,399,12.1,1,1,21,53,Yes,1,Inactive,Low,Medium,Medium,0.47563060805740476,0,Medium Risk
2550,2023-06-11,Basic,199,15.1,1,5,20,42,Yes,1,Inactive,Low,High,High,0.6483702118051365,1,High Risk
2551,2024-07-27,Premium,699,17.0,4,1,32,38,No,0,Inactive,Medium,Medium,High,0.5023561067232087,1,Medium Risk
2552,2024-05-03,Premium,699,11.9,6,4,10,60,No,0,Inactive,High,High,Medium,0.8058104596167075,1,High Risk
2553,2023-04-01,Premium,699,7.0,5,1,4,45,Yes,1,Inactive,Medium,Medium,Medium,0.5383723199829772,1,Medium Risk
2554,2024-10-19,Premium,699,3.3,6,0,28,31,No,0,Inactive,High,Low,Low,0.7187066912381601,1,High Risk
2555,2024-01-22,Basic,199,12.4,8,4,12,14,Yes,1,Active,High,High,Medium,0.6857248235981339,1,High Risk
2556,2024-11-05,Standard,399,19.6,7,4,7,51,No,0,Inactive,High,High,High,0.8257412095682842,1,High Risk
2557,2024-10-17,Premium,699,5.0,0,4,26,59,Yes,1,Inactive,Low,High,Low,0.8642801711936253,1,High Risk
2558,2024-03-15,Standard,399,9.9,3,5,25,16,No,0,At Risk,Medium,High,Medium,0.6150453032097789,1,High Risk
2559,2023-06-06,Basic,199,11.6,4,1,18,4,No,0,Active,Medium,Medium,Medium,0.26032671209054903,0,Low Risk
2560,2023-09-06,Premium,699,3.0,2,1,22,59,Yes,1,Inactive,Low,Medium,Low,0.7832395387584475,1,High Risk
2561,2024-08-10,Premium,699,7.2,8,1,27,0,No,0,Active,High,Medium,Medium,0.4163914771687024,0,Medium Risk
2562,2023-02-12,Basic,199,13.6,8,5,18,32,Yes,1,Inactive,High,High,Medium,0.8446553889785962,1,High Risk
2563,2024-06-23,Standard,399,24.6,6,3,9,9,No,0,Active,High,High,High,0.5416426875871508,1,Medium Risk
2564,2023-04-26,Standard,399,10.9,1,0,5,19,Yes,1,At Risk,Low,Low,Medium,0.21558456132464804,0,Low Risk
2565,2023-08-27,Premium,699,9.3,2,1,16,45,No,0,Inactive,Low,Medium,Medium,0.46642431020047537,0,Medium Risk
2566,2023-02-14,Basic,199,18.1,0,2,31,11,No,0,Active,Low,Medium,High,0.20680798962559518,0,Low Risk
2567,2024-12-18,Standard,399,14.1,1,3,21,21,No,0,At Risk,Low,High,Medium,0.5155169517314672,1,Medium Risk
2568,2023-05-08,Basic,199,9.3,4,2,11,31,Yes,1,Inactive,Medium,Medium,Medium,0.5027476918457667,1,Medium Risk
2569,2023-01-29,Premium,699,11.0,0,1,7,44,Yes,1,Inactive,Low,Medium,Medium,0.36100383775063866,0,Medium Risk
2570,2023-03-08,Premium,699,10.4,1,3,27,48,No,0,Inactive,Low,High,Medium,0.5800390259649492,1,Medium Risk
2571,2023-02-12,Premium,699,17.7,8,4,9,48,Yes,1,Inactive,High,High,High,0.8310614041965858,1,High Risk
2572,2023-05-29,Premium,699,23.9,0,3,35,29,No,0,At Risk,Low,High,High,0.46110094004224644,0,Medium Risk
2573,2023-04-18,Basic,199,2.5,4,3,18,33,Yes,1,Inactive,Medium,High,Low,0.8444174746434383,1,High Risk
2574,2024-07-13,Basic,199,15.8,6,5,21,24,No,0,At Risk,High,High,High,0.7213858762638423,1,High Risk
2575,2024-09-25,Standard,399,15.6,3,5,35,37,Yes,1,Inactive,Medium,High,High,0.6944883905123977,1,High Risk
2576,2023-04-03,Premium,699,8.1,8,3,29,36,Yes,1,Inactive,High,High,Medium,0.7641057524328051,1,High Risk
2577,2024-09-20,Standard,399,14.9,5,5,22,3,Yes,1,Active,Medium,High,Medium,0.624843008477125,1,High Risk
2578,2024-01-26,Basic,199,1.9,7,2,12,15,Yes,1,At Risk,High,Medium,Low,0.8162755314384916,1,High Risk
2579,2023-03-05,Premium,699,9.1,1,3,3,5,No,0,Active,Low,High,Medium,0.3199520755782916,0,Medium Risk
2580,2023-09-12,Basic,199,18.9,8,3,35,13,Yes,1,Active,High,High,High,0.593619422429778,1,Medium Risk
2581,2024-01-24,Standard,399,3.0,4,2,9,23,Yes,1,At Risk,Medium,Medium,Low,0.7635112645527803,1,High Risk
2582,2024-08-17,Standard,399,1.7,4,1,1,19,No,0,At Risk,Medium,Medium,Low,0.7045262071354773,1,High Risk
2583,2024-07-24,Standard,399,1.7,6,3,12,43,Yes,1,Inactive,High,High,Low,0.8976218308328127,1,High Risk
2584,2023-09-26,Premium,699,11.1,6,0,28,20,No,0,At Risk,High,Low,Medium,0.3299574011101202,0,Medium Risk
2585,2024-05-16,Basic,199,20.6,4,2,1,27,No,0,At Risk,Medium,Medium,High,0.5023137537443606,1,Medium Risk
2586,2023-11-12,Standard,399,13.7,0,4,22,28,No,0,At Risk,Low,High,Medium,0.5005686592136855,1,Medium Risk
2587,2023-09-06,Standard,399,5.2,8,4,15,1,Yes,1,Active,High,High,Medium,0.591399319055754,1,Medium Risk
2588,2024-03-04,Standard,399,20.1,6,1,17,54,No,0,Inactive,High,Medium,High,0.6211895991649233,1,High Risk
2589,2023-12-22,Standard,399,1.8,6,5,19,21,Yes,1,At Risk,High,High,Low,0.8903105039754755,1,High Risk
2590,2023-06-29,Basic,199,0.7,6,1,4,54,Yes,1,Inactive,High,Medium,Low,0.8146574572659938,1,High Risk
2591,2024-11-03,Basic,199,4.9,7,3,19,56,Yes,1,Inactive,High,High,Low,0.9304247870682951,1,High Risk
2592,2023-04-17,Standard,399,10.3,5,4,20,4,Yes,1,Active,Medium,High,Medium,0.5143726926834149,1,Medium Risk
2593,2024-05-30,Basic,199,7.4,1,0,12,23,No,0,At Risk,Low,Low,Medium,0.2237306109287978,0,Low Risk
2594,2024-07-03,Standard,399,20.0,6,0,35,0,No,0,Active,High,Low,High,0.2329005596282788,0,Low Risk
2595,2024-07-26,Basic,199,12.1,8,3,7,30,Yes,1,At Risk,High,High,Medium,0.7555896644701051,1,High Risk
2596,2024-01-02,Basic,199,21.9,2,4,13,38,No,0,Inactive,Low,High,High,0.7031678807955483,1,High Risk
2597,2024-02-23,Standard,399,23.3,4,3,1,8,No,0,Active,Medium,High,High,0.4738840794007201,0,Medium Risk
2598,2023-06-18,Standard,399,16.1,6,0,11,9,No,0,Active,High,Low,High,0.2141359057705923,0,Low Risk
2599,2023-12-17,Basic,199,13.5,3,5,14,48,No,0,Inactive,Medium,High,Medium,0.7174789805101465,1,High Risk
2600,2023-12-25,Basic,199,9.0,6,4,28,3,Yes,1,Active,High,High,Medium,0.4942996747116076,0,Medium Risk
2601,2023-05-07,Premium,699,9.5,4,4,11,11,Yes,1,Active,Medium,High,Medium,0.47222021818341203,0,Medium Risk
2602,2024-01-06,Premium,699,17.5,3,4,36,20,No,0,At Risk,Medium,High,High,0.5698602181831255,1,Medium Risk
2603,2023-10-20,Standard,399,1.3,6,2,4,19,Yes,1,At Risk,High,Medium,Low,0.7681871207875902,1,High Risk
2604,2023-04-25,Premium,699,8.8,2,1,30,54,No,0,Inactive,Low,Medium,Medium,0.4868565452041538,0,Medium Risk
2605,2024-05-18,Basic,199,4.3,7,2,13,49,Yes,1,Inactive,High,Medium,Low,0.890620127961951,1,High Risk
2606,2024-10-22,Premium,699,11.5,6,1,6,15,No,0,At Risk,High,Medium,Medium,0.46950065513223876,0,Medium Risk
2607,2024-07-05,Premium,699,12.5,0,1,11,55,No,0,Inactive,Low,Medium,Medium,0.4274928250365148,0,Medium Risk
2608,2024-07-09,Standard,399,20.6,7,2,11,45,Yes,1,Inactive,High,Medium,High,0.7058062696141975,1,High Risk
2609,2023-12-03,Basic,199,15.4,6,1,5,52,Yes,1,Inactive,High,Medium,High,0.5520987769631864,1,Medium Risk
2610,2023-05-29,Premium,699,1.3,3,2,13,46,Yes,1,Inactive,Medium,Medium,Low,0.7690285514131933,1,High Risk
2611,2024-12-17,Standard,399,8.6,3,2,15,0,Yes,1,Active,Medium,Medium,Medium,0.2668429933780711,0,Low Risk
2612,2024-06-10,Premium,699,13.1,6,3,7,30,Yes,1,At Risk,High,High,Medium,0.6724104301986172,1,High Risk
2613,2024-11-17,Basic,199,9.0,2,2,28,16,Yes,1,At Risk,Low,Medium,Medium,0.42003831544939196,0,Medium Risk
2614,2024-01-06,Standard,399,6.9,0,4,17,13,No,0,Active,Low,High,Medium,0.3517464887128443,0,Medium Risk
2615,2023-04-20,Premium,699,12.1,3,3,5,45,No,0,Inactive,Medium,High,Medium,0.6091830638439675,1,High Risk
2616,2024-05-29,Basic,199,6.4,1,1,21,34,No,0,Inactive,Low,Medium,Medium,0.38285669834439184,0,Medium Risk
2617,2024-08-23,Premium,699,21.9,6,4,17,36,Yes,1,Inactive,High,High,High,0.7705640050420696,1,High Risk
2618,2024-12-20,Premium,699,19.5,0,2,33,20,No,0,At Risk,Low,Medium,High,0.3440235933893789,0,Medium Risk
2619,2023-08-27,Basic,199,3.1,7,5,31,8,Yes,1,Active,High,High,Low,0.854861738507971,1,High Risk
2620,2023-06-29,Basic,199,21.6,8,5,6,24,Yes,1,At Risk,High,High,High,0.8093187706050136,1,High Risk
2621,2023-06-16,Standard,399,22.7,8,5,9,14,No,0,Active,High,High,High,0.728055976666968,1,High Risk
2622,2024-11-06,Premium,699,6.3,1,1,16,7,No,0,Active,Low,Medium,Medium,0.21092281677485805,0,Low Risk
2623,2024-06-13,Premium,699,1.2,2,4,32,13,No,0,Active,Low,High,Low,0.7575046187785389,1,High Risk
2624,2023-02-15,Premium,699,17.9,8,1,4,10,Yes,1,Active,High,Medium,High,0.43365618761964486,0,Medium Risk
2625,2024-06-18,Basic,199,5.0,2,0,1,1,Yes,1,Active,Low,Low,Low,0.42703892591325976,0,Medium Risk
2626,2024-10-08,Standard,399,11.1,1,0,30,58,Yes,1,Inactive,Low,Low,Medium,0.36105688301758704,0,Medium Risk
2627,2024-07-14,Premium,699,23.0,7,5,36,24,Yes,1,At Risk,High,High,High,0.8008474243663998,1,High Risk
2628,2023-08-29,Basic,199,5.1,6,0,19,18,Yes,1,At Risk,High,Low,Medium,0.28722710753221914,0,Low Risk
2629,2024-06-06,Premium,699,23.2,3,5,19,60,Yes,1,Inactive,Medium,High,High,0.780899790031447,1,High Risk
2630,2023-11-13,Basic,199,7.3,8,5,31,8,Yes,1,Active,High,High,Medium,0.6661284093225405,1,High Risk
2631,2023-01-18,Standard,399,20.9,1,0,21,0,No,0,Active,Low,Low,High,0.13486294147192637,0,Low Risk
2632,2023-12-04,Standard,399,22.9,0,2,26,52,No,0,Inactive,Low,Medium,High,0.45966502481212446,0,Medium Risk
2633,2023-02-17,Premium,699,11.2,1,2,25,1,No,0,Active,Low,Medium,Medium,0.23822782499421993,0,Low Risk
2634,2023-01-14,Standard,399,24.3,6,3,28,17,Yes,1,At Risk,High,High,High,0.628441970284127,1,High Risk
2635,2023-08-19,Premium,699,22.9,4,0,26,45,Yes,1,Inactive,Medium,Low,High,0.4034866917720684,0,Medium Risk
2636,2024-08-28,Standard,399,20.3,8,2,1,6,Yes,1,Active,High,Medium,High,0.524052668229399,1,Medium Risk
2637,2023-07-19,Standard,399,1.5,0,2,31,49,Yes,1,Inactive,Low,Medium,Low,0.7088062339783103,1,High Risk
2638,2024-08-04,Standard,399,13.9,4,4,27,9,Yes,1,Active,Medium,High,Medium,0.5211739848033762,1,Medium Risk
2639,2024-03-19,Premium,699,4.4,7,0,26,33,Yes,1,Inactive,High,Low,Low,0.7725429095011601,1,High Risk
2640,2024-11-07,Premium,699,13.2,1,3,36,33,No,0,Inactive,Low,High,Medium,0.5851474959999305,1,Medium Risk
2641,2024-08-28,Premium,699,19.6,1,2,32,1,No,0,Active,Low,Medium,High,0.26407625179561195,0,Low Risk
2642,2023-01-24,Standard,399,9.4,1,4,12,29,No,0,At Risk,Low,High,Medium,0.5369449350909131,1,Medium Risk
2643,2024-01-03,Premium,699,3.6,1,1,16,27,No,0,At Risk,Low,Medium,Low,0.6599507108428507,1,High Risk
2644,2023-03-22,Standard,399,14.6,2,3,34,0,Yes,1,Active,Low,High,Medium,0.3875207270280055,0,Medium Risk
2645,2024-04-17,Premium,699,19.1,5,1,1,60,Yes,1,Inactive,Medium,Medium,High,0.6343268259412267,1,High Risk
2646,2024-12-24,Standard,399,13.0,1,3,22,31,Yes,1,Inactive,Low,High,Medium,0.5787404491627793,1,Medium Risk
2647,2023-04-09,Basic,199,12.5,6,4,9,11,No,0,Active,High,High,Medium,0.5394090486769273,1,Medium Risk
2648,2023-05-22,Premium,699,4.0,1,4,36,45,Yes,1,Inactive,Low,High,Low,0.8558157625598604,1,High Risk
2649,2024-06-08,Standard,399,4.8,2,4,18,60,Yes,1,Inactive,Low,High,Low,0.9110067038735757,1,High Risk
2650,2023-05-16,Premium,699,11.5,4,5,5,46,Yes,1,Inactive,Medium,High,Medium,0.7570147842347384,1,High Risk
2651,2023-02-16,Basic,199,9.0,4,2,36,31,No,0,Inactive,Medium,Medium,Medium,0.4984867796019364,0,Medium Risk
2652,2023-05-10,Standard,399,19.6,2,0,28,54,No,0,Inactive,Low,Low,High,0.38192372440023425,0,Medium Risk
2653,2024-02-13,Standard,399,20.8,0,5,32,3,Yes,1,Active,Low,High,High,0.41431033912598164,0,Medium Risk
2654,2023-05-20,Basic,199,10.5,0,3,22,10,Yes,1,Active,Low,High,Medium,0.28015953085298145,0,Low Risk
2655,2023-12-02,Standard,399,24.8,8,1,31,58,No,0,Inactive,High,Medium,High,0.7300870573730882,1,High Risk
2656,2024-06-13,Premium,699,0.6,1,3,18,33,Yes,1,Inactive,Low,High,Low,0.812277244289468,1,High Risk
2657,2024-03-05,Basic,199,17.4,7,1,11,5,Yes,1,Active,High,Medium,High,0.3808089515971362,0,Medium Risk
2658,2023-03-02,Basic,199,23.6,8,2,25,0,Yes,1,Active,High,Medium,High,0.48664429817845056,0,Medium Risk
2659,2023-01-02,Standard,399,16.2,0,0,36,7,No,0,Active,Low,Low,High,0.1056304301298697,0,Low Risk
2660,2024-03-13,Premium,699,21.2,1,5,12,5,Yes,1,Active,Low,High,High,0.48335436394873743,0,Medium Risk
2661,2023-05-20,Basic,199,18.7,3,3,3,3,No,0,Active,Medium,High,High,0.3404435005322042,0,Medium Risk
2662,2023-01-16,Basic,199,1.3,1,3,3,37,Yes,1,Inactive,Low,High,Low,0.7978754353852062,1,High Risk
2663,2024-07-29,Basic,199,6.8,1,4,31,36,No,0,Inactive,Low,High,Medium,0.602981027187973,1,High Risk
2664,2024-06-18,Premium,699,17.6,3,5,21,9,No,0,Active,Medium,High,High,0.4977721942410904,0,Medium Risk
2665,2023-09-21,Standard,399,15.0,3,3,27,22,Yes,1,At Risk,Medium,High,Medium,0.518602603831441,1,Medium Risk
2666,2024-06-11,Standard,399,19.3,6,5,31,5,No,0,Active,High,High,High,0.6098053097342463,1,High Risk
2667,2023-03-14,Basic,199,5.5,4,4,31,5,Yes,1,Active,Medium,High,Medium,0.4209681271590102,0,Medium Risk
2668,2024-09-17,Basic,199,8.6,2,2,17,49,Yes,1,Inactive,Low,Medium,Medium,0.5520320138480411,1,Medium Risk
2669,2024-01-04,Standard,399,17.3,1,3,15,57,Yes,1,Inactive,Low,High,High,0.6285927719568704,1,High Risk
2670,2024-03-06,Standard,399,13.3,3,2,17,55,No,0,Inactive,Medium,Medium,Medium,0.5719884015758572,1,Medium Risk
2671,2024-03-15,Premium,699,10.4,4,4,4,27,Yes,1,At Risk,Medium,High,Medium,0.6502229504863312,1,High Risk
2672,2024-07-08,Standard,399,14.9,3,5,13,16,No,0,At Risk,Medium,High,Medium,0.6444020153585579,1,High Risk
2673,2024-10-07,Premium,699,13.9,2,2,13,51,Yes,1,Inactive,Low,Medium,Medium,0.5980865476195402,1,Medium Risk
2674,2024-04-01,Standard,399,22.9,8,0,26,21,Yes,1,At Risk,High,Low,High,0.49788469326299395,0,Medium Risk
2675,2023-12-27,Standard,399,17.8,6,2,18,28,Yes,1,At Risk,High,Medium,High,0.5217114934911505,1,Medium Risk
2676,2023-01-10,Basic,199,24.0,2,1,24,36,Yes,1,Inactive,Low,Medium,High,0.47428205056028744,0,Medium Risk
2677,2024-10-06,Premium,699,13.8,5,2,3,6,Yes,1,Active,Medium,Medium,Medium,0.416169210191815,0,Medium Risk
2678,2023-04-13,Premium,699,18.4,1,1,20,6,No,0,Active,Low,Medium,High,0.20637066469778512,0,Low Risk
2679,2023-12-03,Standard,399,23.6,1,4,33,43,Yes,1,Inactive,Low,High,High,0.6513810157888136,1,High Risk
2680,2024-10-11,Standard,399,17.2,0,5,29,44,Yes,1,Inactive,Low,High,High,0.645735913677055,1,High Risk
2681,2023-10-02,Basic,199,18.1,5,1,26,20,No,0,At Risk,Medium,Medium,High,0.43625507026847443,0,Medium Risk
2682,2024-03-24,Premium,699,17.2,0,0,6,42,Yes,1,Inactive,Low,Low,High,0.26765254607712835,0,Low Risk
2683,2024-12-17,Standard,399,21.9,0,0,23,10,No,0,Active,Low,Low,High,0.1373821121362216,0,Low Risk
2684,2023-07-07,Basic,199,8.3,5,1,6,55,No,0,Inactive,Medium,Medium,Medium,0.564319990924624,1,Medium Risk
2685,2024-05-19,Standard,399,11.3,5,0,17,28,Yes,1,At Risk,Medium,Low,Medium,0.37987100221202236,0,Medium Risk
2686,2023-12-29,Basic,199,17.8,2,3,29,38,Yes,1,Inactive,Low,High,High,0.5996040922434372,1,Medium Risk
2687,2023-02-19,Premium,699,16.3,3,5,24,48,No,0,Inactive,Medium,High,High,0.6998235336593617,1,High Risk
2688,2023-07-28,Basic,199,7.6,3,2,26,49,No,0,Inactive,Medium,Medium,Medium,0.4819666380059969,0,Medium Risk
2689,2023-08-08,Premium,699,0.6,5,1,8,60,Yes,1,Inactive,Medium,Medium,Low,0.8295379305650856,1,High Risk
2690,2024-10-03,Standard,399,12.9,4,0,3,4,No,0,Active,Medium,Low,Medium,0.20528385604451105,0,Low Risk
2691,2024-07-12,Premium,699,23.9,5,4,7,39,No,0,Inactive,Medium,High,High,0.7858557069927726,1,High Risk
2692,2023-05-31,Standard,399,19.1,3,2,23,43,Yes,1,Inactive,Medium,Medium,High,0.496798692889673,0,Medium Risk
2693,2024-08-06,Basic,199,10.0,0,0,24,26,No,0,At Risk,Low,Low,Medium,0.19978901357487128,0,Low Risk
2694,2024-07-14,Premium,699,16.3,6,4,1,27,No,0,At Risk,High,High,High,0.692196235478211,1,High Risk
2695,2024-12-13,Basic,199,13.9,7,3,5,16,Yes,1,At Risk,High,High,Medium,0.6863666515846962,1,High Risk
2696,2024-11-09,Basic,199,12.8,2,5,31,56,No,0,Inactive,Low,High,Medium,0.7773188857223751,1,High Risk
2697,2024-05-17,Basic,199,8.0,5,1,19,1,Yes,1,Active,Medium,Medium,Medium,0.30840842109850786,0,Medium Risk
2698,2023-06-14,Standard,399,19.1,2,2,25,20,Yes,1,At Risk,Low,Medium,High,0.42333117515720764,0,Medium Risk
2699,2023-11-17,Premium,699,20.8,1,3,23,13,No,0,Active,Low,High,High,0.3599631969314546,0,Medium Risk
2700,2023-09-18,Standard,399,22.5,2,2,9,6,No,0,Active,Low,Medium,High,0.3137806455055809,0,Medium Risk
2701,2023-12-05,Basic,199,15.9,2,1,4,50,Yes,1,Inactive,Low,Medium,High,0.4658551533053629,0,Medium Risk
2702,2024-03-07,Basic,199,0.9,0,4,5,2,No,0,Active,Low,High,Low,0.6257668749577484,1,High Risk
2703,2024-07-23,Premium,699,9.2,0,5,3,48,No,0,Inactive,Low,High,Medium,0.6573455207035845,1,High Risk
2704,2023-04-01,Standard,399,6.7,0,1,33,56,No,0,Inactive,Low,Medium,Medium,0.3641010547581126,0,Medium Risk
2705,2024-11-25,Standard,399,11.4,2,4,26,59,Yes,1,Inactive,Low,High,Medium,0.7412333575155484,1,High Risk
2706,2024-08-02,Standard,399,8.7,8,4,30,28,Yes,1,At Risk,High,High,Medium,0.7819552653295331,1,High Risk
2707,2023-08-25,Basic,199,4.7,6,2,6,10,Yes,1,Active,High,Medium,Low,0.6773039560681384,1,High Risk
2708,2024-04-13,Basic,199,16.9,2,0,27,56,No,0,Inactive,Low,Low,High,0.3933030286317074,0,Medium Risk
2709,2023-01-26,Standard,399,13.3,1,2,23,29,No,0,At Risk,Low,Medium,Medium,0.40163750737586545,0,Medium Risk
2710,2023-06-15,Premium,699,0.5,7,0,9,5,No,0,Active,High,Low,Low,0.5308089189677774,1,Medium Risk
2711,2023-04-12,Basic,199,0.6,3,3,36,44,No,0,Inactive,Medium,High,Low,0.8212576291792899,1,High Risk
2712,2024-05-15,Premium,699,2.2,8,0,11,33,Yes,1,Inactive,High,Low,Low,0.8038176189471091,1,High Risk
2713,2024-05-30,Premium,699,17.3,1,3,1,6,No,0,Active,Low,High,High,0.35280381009992645,0,Medium Risk
2714,2024-08-25,Standard,399,13.6,5,4,14,35,Yes,1,Inactive,Medium,High,Medium,0.7657465209879142,1,High Risk
2715,2024-01-26,Standard,399,17.4,7,1,30,45,No,0,Inactive,High,Medium,High,0.6363646477556738,1,High Risk
2716,2024-07-01,Premium,699,1.6,0,2,34,58,Yes,1,Inactive,Low,Medium,Low,0.7535579028343643,1,High Risk
2717,2024-08-18,Premium,699,2.1,6,4,14,60,Yes,1,Inactive,High,High,Low,0.9310710909869461,1,High Risk
2718,2023-02-24,Standard,399,20.2,4,2,12,56,Yes,1,Inactive,Medium,Medium,High,0.5979695074124842,1,Medium Risk
2719,2023-06-16,Premium,699,24.9,2,1,7,46,No,0,Inactive,Low,Medium,High,0.5181115694885817,1,Medium Risk
2720,2024-10-02,Basic,199,4.9,3,4,4,18,Yes,1,At Risk,Medium,High,Low,0.8227518810868746,1,High Risk
2721,2023-10-13,Basic,199,16.7,2,0,9,16,Yes,1,At Risk,Low,Low,High,0.2372081748348689,0,Low Risk
2722,2023-04-23,Standard,399,16.5,2,5,18,55,Yes,1,Inactive,Low,High,High,0.7421200241835202,1,High Risk
2723,2024-12-18,Basic,199,24.4,5,4,27,38,Yes,1,Inactive,Medium,High,High,0.7785057255039796,1,High Risk
2724,2023-02-21,Basic,199,18.5,0,1,9,2,No,0,Active,Low,Medium,High,0.16030729719591477,0,Low Risk
2725,2024-01-03,Standard,399,5.9,2,1,10,45,No,0,Inactive,Low,Medium,Medium,0.4757727900369581,0,Medium Risk
2726,2023-05-14,Basic,199,6.5,3,0,7,57,No,0,Inactive,Medium,Low,Medium,0.3242840092430354,0,Medium Risk
2727,2023-01-03,Premium,699,10.7,0,3,6,16,No,0,At Risk,Low,High,Medium,0.3959118943114962,0,Medium Risk
2728,2024-02-12,Premium,699,8.9,3,3,4,29,Yes,1,At Risk,Medium,High,Medium,0.5349947550384465,1,Medium Risk
2729,2023-01-24,Premium,699,15.5,3,1,7,49,Yes,1,Inactive,Medium,Medium,High,0.4370535661788131,0,Medium Risk
2730,2024-12-03,Premium,699,24.8,1,3,11,43,No,0,Inactive,Low,High,High,0.6363786766864775,1,High Risk
2731,2023-06-12,Premium,699,12.0,6,4,5,2,No,0,Active,High,High,Medium,0.5210582723456432,1,Medium Risk
2732,2024-07-08,Premium,699,5.8,0,2,34,15,No,0,At Risk,Low,Medium,Medium,0.29997409828852756,0,Low Risk
2733,2023-07-27,Standard,399,15.7,6,1,5,9,No,0,Active,High,Medium,High,0.3085755290080918,0,Medium Risk
2734,2024-01-13,Basic,199,12.4,8,0,27,23,Yes,1,At Risk,High,Low,Medium,0.47825977979438883,0,Medium Risk
2735,2023-06-06,Standard,399,11.8,0,3,26,14,No,0,Active,Low,High,Medium,0.3019733487296529,0,Medium Risk
2736,2023-10-21,Basic,199,20.2,5,2,33,3,Yes,1,Active,Medium,Medium,High,0.3605445732153352,0,Medium Risk
2737,2024-12-02,Standard,399,16.6,7,3,20,25,No,0,At Risk,High,High,High,0.6873910222409769,1,High Risk
2738,2024-09-11,Standard,399,18.1,6,2,13,0,Yes,1,Active,High,Medium,High,0.3779410972128552,0,Medium Risk
2739,2023-05-01,Standard,399,11.6,2,1,11,24,Yes,1,At Risk,Low,Medium,Medium,0.38087699138948167,0,Medium Risk
2740,2023-05-21,Basic,199,24.2,4,1,19,50,Yes,1,Inactive,Medium,Medium,High,0.5406441490045261,1,Medium Risk
2741,2023-06-04,Premium,699,23.6,8,5,22,20,Yes,1,At Risk,High,High,High,0.8145744645837282,1,High Risk
2742,2024-08-31,Basic,199,21.3,0,4,33,47,Yes,1,Inactive,Low,High,High,0.615238257435765,1,High Risk
2743,2023-11-15,Premium,699,18.6,6,1,7,40,Yes,1,Inactive,High,Medium,High,0.5472812588670906,1,Medium Risk
2744,2023-12-13,Premium,699,16.6,6,2,6,14,Yes,1,Active,High,Medium,High,0.378769781786203,0,Medium Risk
2745,2024-11-13,Basic,199,18.1,4,3,9,11,No,0,Active,Medium,High,High,0.44221349385178127,0,Medium Risk
2746,2023-02-05,Basic,199,13.5,3,1,24,16,No,0,At Risk,Medium,Medium,Medium,0.33277814882031675,0,Medium Risk
2747,2023-01-29,Premium,699,2.4,5,5,16,33,Yes,1,Inactive,Medium,High,Low,0.9185062165059166,1,High Risk
2748,2024-07-31,Standard,399,9.6,7,5,18,24,No,0,At Risk,High,High,Medium,0.7781188805734524,1,High Risk
2749,2023-10-02,Premium,699,12.7,7,3,18,37,Yes,1,Inactive,High,High,Medium,0.7440532420478305,1,High Risk
2750,2024-04-28,Premium,699,23.7,5,1,22,27,Yes,1,At Risk,Medium,Medium,High,0.5292858723071152,1,Medium Risk
2751,2023-08-02,Standard,399,10.0,8,3,26,51,Yes,1,Inactive,High,High,Medium,0.7995674576471818,1,High Risk
2752,2024-12-15,Standard,399,2.4,5,2,9,23,Yes,1,At Risk,Medium,Medium,Low,0.801002592650381,1,High Risk
2753,2023-07-09,Basic,199,23.2,4,4,22,5,No,0,Active,Medium,High,High,0.48202174086257715,0,Medium Risk
2754,2024-04-02,Standard,399,8.4,5,4,10,24,Yes,1,At Risk,Medium,High,Medium,0.6827099312386645,1,High Risk
2755,2023-10-10,Basic,199,21.4,3,0,8,29,No,0,At Risk,Medium,Low,High,0.2610094842921013,0,Low Risk
2756,2023-10-20,Basic,199,9.5,1,2,16,11,No,0,Active,Low,Medium,Medium,0.244907762343948,0,Low Risk
2757,2024-03-01,Basic,199,16.4,3,1,17,50,No,0,Inactive,Medium,Medium,High,0.4655363421547193,0,Medium Risk
2758,2024-04-08,Basic,199,19.5,4,1,20,45,No,0,Inactive,Medium,Medium,High,0.5289046217111145,1,Medium Risk
2759,2024-11-28,Premium,699,5.9,7,1,27,6,No,0,Active,High,Medium,Medium,0.36867952675593835,0,Medium Risk
2760,2023-12-31,Basic,199,13.6,1,3,2,60,Yes,1,Inactive,Low,High,Medium,0.6240089297522762,1,High Risk
2761,2023-04-05,Basic,199,23.3,1,2,10,46,Yes,1,Inactive,Low,Medium,High,0.4978642575572934,0,Medium Risk
2762,2023-10-14,Premium,699,8.3,3,2,18,52,No,0,Inactive,Medium,Medium,Medium,0.5043768533036417,1,Medium Risk
2763,2024-11-27,Premium,699,11.1,8,3,12,16,Yes,1,At Risk,High,High,Medium,0.7279090657784277,1,High Risk
2764,2024-10-25,Premium,699,1.7,7,1,32,41,No,0,Inactive,High,Medium,Low,0.8512071373792683,1,High Risk
2765,2023-06-01,Premium,699,17.4,6,2,2,56,Yes,1,Inactive,High,Medium,High,0.6387421913703333,1,High Risk
2766,2023-11-28,Basic,199,11.8,2,4,29,27,Yes,1,At Risk,Low,High,Medium,0.5941235345337139,1,Medium Risk
2767,2024-10-23,Standard,399,5.3,0,0,13,17,No,0,At Risk,Low,Low,Medium,0.17289298356755733,0,Low Risk
2768,2024-01-12,Basic,199,20.5,7,4,23,4,Yes,1,Active,High,High,High,0.6084388741672665,1,High Risk
2769,2024-05-10,Standard,399,16.6,0,0,34,1,No,0,Active,Low,Low,High,0.11209102218385673,0,Low Risk
2770,2024-11-09,Premium,699,18.4,1,2,12,11,Yes,1,Active,Low,Medium,High,0.28178908168469746,0,Low Risk
2771,2023-05-07,Basic,199,10.9,4,1,8,36,No,0,Inactive,Medium,Medium,Medium,0.4689907354148397,0,Medium Risk
2772,2023-07-23,Basic,199,13.5,1,3,26,10,No,0,Active,Low,High,Medium,0.3458392978329495,0,Medium Risk
2773,2024-02-05,Basic,199,9.8,5,2,13,45,Yes,1,Inactive,Medium,Medium,Medium,0.630581050444452,1,High Risk
2774,2024-05-11,Basic,199,15.2,2,4,2,46,No,0,Inactive,Low,High,High,0.6884092202288479,1,High Risk
2775,2024-11-06,Basic,199,3.6,5,4,23,22,Yes,1,At Risk,Medium,High,Low,0.8819028719012583,1,High Risk
2776,2024-03-29,Premium,699,22.8,2,1,14,9,No,0,Active,Low,Medium,High,0.3000326359775634,0,Medium Risk
2777,2024-04-30,Basic,199,22.4,2,0,13,18,No,0,At Risk,Low,Low,High,0.29177484997572545,0,Low Risk
2778,2023-03-31,Premium,699,19.7,3,1,15,14,No,0,Active,Medium,Medium,High,0.24587965926560398,0,Low Risk
2779,2024-07-18,Premium,699,24.3,7,3,23,5,No,0,Active,High,High,High,0.5865981901035245,1,Medium Risk
2780,2023-05-04,Standard,399,13.0,6,4,3,31,No,0,Inactive,High,High,Medium,0.7319323119429377,1,High Risk
2781,2024-05-18,Premium,699,20.8,3,3,11,2,Yes,1,Active,Medium,High,High,0.38563520419314357,0,Medium Risk
2782,2024-07-20,Basic,199,10.2,5,5,10,54,No,0,Inactive,Medium,High,Medium,0.8194362766792564,1,High Risk
2783,2024-05-19,Basic,199,17.1,2,5,36,5,No,0,Active,Low,High,High,0.5058193313510283,1,Medium Risk
2784,2024-02-17,Premium,699,23.1,4,4,28,55,Yes,1,Inactive,Medium,High,High,0.7710652475735268,1,High Risk
2785,2023-08-10,Standard,399,8.4,4,1,13,9,Yes,1,Active,Medium,Medium,Medium,0.2624869890387495,0,Low Risk
2786,2023-04-19,Premium,699,4.0,2,5,10,32,Yes,1,Inactive,Low,High,Low,0.8921529828222253,1,High Risk
2787,2024-08-02,Premium,699,6.7,2,2,19,35,No,0,Inactive,Low,Medium,Medium,0.510903007924881,1,Medium Risk
2788,2024-09-24,Basic,199,4.9,5,3,12,3,Yes,1,Active,Medium,High,Low,0.7682692364057111,1,High Risk
2789,2024-10-12,Standard,399,9.6,0,3,14,15,No,0,At Risk,Low,High,Medium,0.41441235840620094,0,Medium Risk
2790,2024-06-28,Premium,699,21.7,3,0,31,54,No,0,Inactive,Medium,Low,High,0.3929044019725687,0,Medium Risk
2791,2023-01-07,Basic,199,10.2,7,2,18,6,No,0,Active,High,Medium,Medium,0.41132101713644353,0,Medium Risk
2792,2024-07-29,Standard,399,6.1,8,2,21,49,Yes,1,Inactive,High,Medium,Medium,0.7280575007560207,1,High Risk
2793,2024-02-15,Standard,399,0.8,1,1,10,49,Yes,1,Inactive,Low,Medium,Low,0.7326175870362394,1,High Risk
2794,2024-04-29,Premium,699,13.0,4,5,4,25,Yes,1,At Risk,Medium,High,Medium,0.7091814055060327,1,High Risk
2795,2023-02-16,Premium,699,10.0,5,5,24,17,No,0,At Risk,Medium,High,Medium,0.6974115177693199,1,High Risk
2796,2023-03-10,Standard,399,6.7,1,1,21,59,No,0,Inactive,Low,Medium,Medium,0.4293138812743229,0,Medium Risk
2797,2024-11-20,Standard,399,11.0,4,0,6,4,No,0,Active,Medium,Low,Medium,0.19768230656959196,0,Low Risk
2798,2024-08-13,Standard,399,11.0,0,4,22,59,No,0,Inactive,Low,High,Medium,0.6396988650218082,1,High Risk
2799,2024-05-23,Premium,699,15.0,3,4,25,20,No,0,At Risk,Medium,High,Medium,0.6012985166157767,1,High Risk
2800,2024-03-21,Standard,399,2.0,0,1,12,1,Yes,1,Active,Low,Medium,Low,0.4233852133296831,0,Medium Risk
